user_id,register_date,country,native_language,target_languages,user_type,age_group,gender,learning_goal,cohort
HT_010000,2025-09-07,Mexico,Portuguese,German|Russian,free,35-44,M,Exam,2025-09
HT_010001,2026-02-11,USA,German,Chinese|Arabic,free,25-34,F,Business,2026-02
HT_010002,2025-08-21,USA,Spanish,Chinese,free,18-24,M,Immigration,2025-08
HT_010003,2025-11-27,UK,Dutch,Chinese,free,18-24,F,Exam,2025-11
HT_010004,2025-04-23,South Korea,German,Arabic|Portuguese|Italian,premium,25-34,Other,Hobby,2025-04
HT_010005,2025-09-03,Canada,Japanese,Arabic,premium,25-34,F,Hobby,2025-09
HT_010006,2025-09-19,USA,Russian,French,free,25-34,M,Business,2025-09
HT_010007,2025-04-24,Japan,Dutch,Arabic|Spanish,premium,35-44,F,Exam,2025-04
HT_010008,2025-08-11,USA,Dutch,Spanish|English|French,premium,35-44,M,Travel,2025-08
HT_010009,2025-07-13,Japan,Italian,English|Dutch|Chinese,free,18-24,F,Hobby,2025-07
HT_010010,2026-01-06,Canada,English,French|Portuguese|Japanese,free,35-44,F,Hobby,2026-01
HT_010011,2026-02-01,Brazil,English,Japanese|Spanish,free,18-24,F,Travel,2026-02
HT_010012,2026-04-10,Japan,Korean,Chinese|English,free,18-24,F,Hobby,2026-04
HT_010013,2025-09-13,Canada,German,Japanese|Korean|Chinese,free,35-44,M,Travel,2025-09
HT_010014,2025-06-02,China,Spanish,Italian,free,18-24,Other,Exam,2025-06
HT_010015,2025-09-15,Canada,Italian,Arabic|Dutch,free,25-34,F,Travel,2025-09
HT_010016,2025-10-25,Australia,English,Spanish|Dutch|Russian,free,25-34,F,Hobby,2025-10
HT_010017,2025-07-11,Spain,Portuguese,Chinese|English|Russian,free,18-24,F,Business,2025-07
HT_010018,2025-08-21,Brazil,Portuguese,Korean|Japanese,free,18-24,M,Travel,2025-08
HT_010019,2025-12-04,Australia,Russian,German,free,35-44,F,Immigration,2025-12
HT_010020,2025-08-05,UK,Portuguese,English,free,25-34,M,Hobby,2025-08
HT_010021,2026-01-17,Australia,Korean,Portuguese|Japanese,premium,25-34,Other,Immigration,2026-01
HT_010022,2025-07-01,Spain,Dutch,German|French|Japanese,free,25-34,F,Hobby,2025-07
HT_010023,2025-05-19,Japan,German,Japanese|Italian|French,premium,25-34,F,Hobby,2025-05
HT_010024,2026-03-12,Japan,Portuguese,Japanese|Spanish|German,free,18-24,Other,Exam,2026-03
HT_010025,2025-07-26,Spain,Korean,Italian,free,25-34,M,Exam,2025-07
HT_010026,2025-12-05,Australia,English,Arabic|Spanish,free,35-44,F,Exam,2025-12
HT_010027,2025-11-10,China,Chinese,Italian|Korean|Dutch,free,18-24,M,Exam,2025-11
HT_010028,2025-07-17,USA,Dutch,German|Japanese|French,premium,25-34,F,Travel,2025-07
HT_010029,2025-08-16,France,Chinese,Arabic|Portuguese|German,free,18-24,M,Travel,2025-08
HT_010030,2025-07-12,Australia,English,Russian|Korean|Chinese,free,25-34,M,Travel,2025-07
HT_010031,2025-09-06,Germany,English,French|German|Portuguese,free,25-34,F,Travel,2025-09
HT_010032,2025-07-16,Brazil,Arabic,Italian,free,25-34,Other,Travel,2025-07
HT_010033,2025-07-25,USA,Korean,Portuguese|Japanese,premium,18-24,F,Immigration,2025-07
HT_010034,2026-01-31,Japan,English,Russian,free,45+,Other,Business,2026-01
HT_010035,2025-11-15,USA,Portuguese,Russian,free,25-34,F,Travel,2025-11
HT_010036,2025-07-02,Mexico,Russian,Arabic|Korean|German,premium,45+,M,Travel,2025-07
HT_010037,2025-12-22,Mexico,Russian,French|English,premium,25-34,M,Travel,2025-12
HT_010038,2025-12-14,Mexico,Korean,Italian|French|Japanese,free,35-44,F,Business,2025-12
HT_010039,2025-07-05,Japan,Arabic,German,free,18-24,M,Travel,2025-07
HT_010040,2025-12-04,UK,Korean,Japanese,premium,25-34,M,Immigration,2025-12
HT_010041,2025-08-01,Spain,Chinese,Korean|Russian|German,free,18-24,Other,Hobby,2025-08
HT_010042,2026-01-10,France,Chinese,Italian|English|Dutch,free,45+,M,Business,2026-01
HT_010043,2026-02-16,Brazil,Russian,French|Portuguese|Chinese,free,45+,Other,Immigration,2026-02
HT_010044,2025-08-05,Mexico,Japanese,Russian|German,free,35-44,F,Immigration,2025-08
HT_010045,2026-03-21,Germany,English,German|Japanese,free,35-44,F,Immigration,2026-03
HT_010046,2025-11-13,Brazil,Japanese,Arabic|Chinese|Dutch,premium,35-44,Other,Exam,2025-11
HT_010047,2025-10-28,South Korea,Dutch,Japanese,free,25-34,Other,Travel,2025-10
HT_010048,2025-08-05,China,German,Korean|Japanese,free,45+,F,Business,2025-08
HT_010049,2025-11-12,UK,Dutch,Japanese|English|Arabic,free,25-34,F,Business,2025-11
HT_010050,2026-02-15,Brazil,Italian,Spanish,free,45+,F,Exam,2026-02
HT_010051,2026-03-04,Spain,Portuguese,German|French|Arabic,free,25-34,M,Exam,2026-03
HT_010052,2026-01-27,Mexico,Japanese,Korean,premium,35-44,F,Hobby,2026-01
HT_010053,2026-03-14,Mexico,Italian,Russian,free,45+,M,Hobby,2026-03
HT_010054,2026-04-06,USA,Japanese,Chinese,free,25-34,F,Hobby,2026-04
HT_010055,2025-08-03,UK,English,Dutch,free,25-34,Other,Exam,2025-08
HT_010056,2025-06-24,Spain,Japanese,Arabic|Portuguese,free,18-24,Other,Exam,2025-06
HT_010057,2025-11-25,China,Spanish,Russian|Korean,free,35-44,F,Immigration,2025-11
HT_010058,2025-11-25,Brazil,Spanish,Arabic|German|Japanese,free,25-34,M,Immigration,2025-11
HT_010059,2026-01-17,Germany,Arabic,German,free,18-24,F,Hobby,2026-01
HT_010060,2025-11-30,USA,Dutch,German|Korean|Italian,premium,18-24,F,Exam,2025-11
HT_010061,2025-04-23,Mexico,English,French|Portuguese,free,45+,Other,Hobby,2025-04
HT_010062,2025-05-23,USA,Portuguese,French|Dutch,free,18-24,F,Hobby,2025-05
HT_010063,2025-05-03,USA,Italian,Chinese,free,25-34,F,Business,2025-05
HT_010064,2025-09-30,South Korea,French,Chinese,free,25-34,Other,Business,2025-09
HT_010065,2025-08-31,China,Arabic,English|German,free,35-44,M,Exam,2025-08
HT_010066,2025-07-31,France,Russian,German|Dutch,premium,25-34,M,Exam,2025-07
HT_010067,2025-04-29,France,Dutch,German|Portuguese|Chinese,premium,25-34,F,Exam,2025-04
HT_010068,2025-05-07,Spain,Italian,English|German|French,premium,35-44,M,Exam,2025-05
HT_010069,2025-06-16,Brazil,Chinese,Dutch,free,25-34,Other,Travel,2025-06
HT_010070,2025-11-12,Germany,Portuguese,French|Chinese,free,25-34,M,Travel,2025-11
HT_010071,2026-01-19,Spain,Italian,Korean|Dutch|Japanese,free,18-24,Other,Travel,2026-01
HT_010072,2025-06-17,Australia,Italian,German|Spanish|English,free,18-24,Other,Travel,2025-06
HT_010073,2026-03-05,USA,Dutch,Spanish|Japanese,free,25-34,F,Immigration,2026-03
HT_010074,2025-08-16,Brazil,Italian,Arabic|Chinese|German,premium,25-34,Other,Travel,2025-08
HT_010075,2025-06-27,Brazil,Russian,German|Japanese|Arabic,free,25-34,F,Exam,2025-06
HT_010076,2025-05-23,France,English,Italian|Russian|German,free,35-44,M,Travel,2025-05
HT_010077,2025-11-11,Brazil,English,Russian,free,35-44,F,Travel,2025-11
HT_010078,2025-12-22,France,Japanese,Arabic|French|Chinese,free,25-34,M,Exam,2025-12
HT_010079,2025-10-17,Germany,Japanese,Spanish,free,18-24,M,Hobby,2025-10
HT_010080,2026-04-12,Mexico,Spanish,German|Korean,free,45+,M,Business,2026-04
HT_010081,2025-09-18,France,Dutch,German,free,25-34,F,Exam,2025-09
HT_010082,2025-11-23,France,Dutch,Arabic|German,free,18-24,Other,Business,2025-11
HT_010083,2025-11-18,Canada,Dutch,French|Arabic|Spanish,free,18-24,F,Business,2025-11
HT_010084,2026-01-18,Brazil,Russian,Italian|Spanish|Korean,free,25-34,M,Exam,2026-01
HT_010085,2025-12-24,Japan,Japanese,Arabic|Dutch,free,35-44,F,Business,2025-12
HT_010086,2025-08-24,France,German,Russian|Portuguese|Japanese,free,45+,F,Hobby,2025-08
HT_010087,2025-11-22,Australia,French,Arabic|Portuguese,premium,18-24,F,Travel,2025-11
HT_010088,2025-08-06,Spain,Russian,German|Chinese,free,25-34,Other,Immigration,2025-08
HT_010089,2026-01-14,South Korea,English,Japanese|French|Italian,free,25-34,M,Exam,2026-01
HT_010090,2025-04-24,France,Chinese,English|Korean,free,35-44,M,Travel,2025-04
HT_010091,2025-07-19,Mexico,German,Italian|Russian,free,25-34,F,Immigration,2025-07
HT_010092,2025-08-16,Canada,English,German|Chinese|Russian,free,18-24,F,Hobby,2025-08
HT_010093,2025-12-11,South Korea,Italian,Spanish|Chinese,free,18-24,M,Immigration,2025-12
HT_010094,2025-05-01,Japan,Dutch,Japanese|French,free,18-24,M,Business,2025-05
HT_010095,2025-09-29,USA,French,Spanish,free,25-34,M,Immigration,2025-09
HT_010096,2025-08-28,Mexico,Korean,Spanish|Portuguese,free,25-34,F,Travel,2025-08
HT_010097,2025-07-10,France,Japanese,Chinese|Italian|Portuguese,free,18-24,F,Exam,2025-07
HT_010098,2025-05-15,Canada,English,Russian|Chinese,free,45+,M,Business,2025-05
HT_010099,2025-08-21,Australia,Russian,Portuguese,free,45+,Other,Business,2025-08
HT_010100,2025-08-06,UK,Japanese,Dutch|Italian|German,free,25-34,F,Business,2025-08
HT_010101,2025-04-15,China,Italian,Dutch,free,25-34,Other,Business,2025-04
HT_010102,2025-08-17,Germany,Arabic,Spanish|Dutch|Russian,free,25-34,M,Business,2025-08
HT_010103,2025-10-19,South Korea,Portuguese,French|Korean|German,free,18-24,M,Exam,2025-10
HT_010104,2025-11-27,Mexico,Spanish,Italian|English|Korean,free,18-24,F,Immigration,2025-11
HT_010105,2025-06-18,China,Dutch,English|Chinese,free,25-34,Other,Travel,2025-06
HT_010106,2025-07-01,France,Chinese,English|Arabic|Spanish,free,25-34,M,Travel,2025-07
HT_010107,2025-09-26,UK,Korean,Arabic|Italian|Chinese,free,35-44,M,Travel,2025-09
HT_010108,2025-06-23,Germany,Dutch,Russian|Arabic|Korean,free,18-24,M,Business,2025-06
HT_010109,2025-06-25,France,Portuguese,English,free,18-24,F,Exam,2025-06
HT_010110,2025-07-21,Brazil,Japanese,Korean,free,25-34,Other,Hobby,2025-07
HT_010111,2025-12-31,UK,Italian,Portuguese,free,18-24,Other,Exam,2025-12
HT_010112,2025-10-28,Spain,German,Portuguese|Italian|Spanish,free,35-44,Other,Travel,2025-10
HT_010113,2025-12-04,USA,English,Portuguese,free,35-44,F,Exam,2025-12
HT_010114,2026-04-02,UK,Italian,Korean|Dutch|French,free,45+,M,Business,2026-04
HT_010115,2025-06-22,France,French,Spanish|Italian|Russian,premium,18-24,Other,Travel,2025-06
HT_010116,2025-09-25,Spain,Arabic,German|Russian,free,18-24,M,Immigration,2025-09
HT_010117,2025-05-26,USA,French,Russian,free,25-34,Other,Exam,2025-05
HT_010118,2025-10-14,Spain,English,Arabic|Japanese|Portuguese,premium,25-34,F,Travel,2025-10
HT_010119,2025-08-02,Australia,Arabic,Japanese,premium,35-44,M,Business,2025-08
HT_010120,2025-12-06,Mexico,Portuguese,French|Chinese,premium,18-24,M,Travel,2025-12
HT_010121,2025-12-20,Spain,Korean,Japanese|Arabic,free,25-34,Other,Travel,2025-12
HT_010122,2025-05-04,Mexico,Spanish,Japanese|Arabic|German,free,18-24,Other,Business,2025-05
HT_010123,2026-02-21,Brazil,German,English,free,25-34,M,Immigration,2026-02
HT_010124,2025-11-24,Canada,French,Italian|Arabic|English,free,45+,Other,Immigration,2025-11
HT_010125,2026-02-04,Australia,Chinese,Spanish,free,18-24,Other,Immigration,2026-02
HT_010126,2025-09-17,South Korea,Korean,English|Japanese,premium,35-44,Other,Immigration,2025-09
HT_010127,2026-03-19,Mexico,Portuguese,Dutch|Chinese,premium,35-44,F,Exam,2026-03
HT_010128,2025-06-20,USA,Chinese,English|French,free,25-34,Other,Exam,2025-06
HT_010129,2025-07-29,China,Dutch,French|English,free,25-34,M,Exam,2025-07
HT_010130,2025-06-03,USA,Japanese,Dutch|Spanish,free,18-24,M,Hobby,2025-06
HT_010131,2025-06-24,France,French,Dutch,free,45+,Other,Business,2025-06
HT_010132,2026-04-10,Spain,Russian,Arabic,premium,25-34,M,Immigration,2026-04
HT_010133,2025-04-17,UK,German,English|Spanish,free,35-44,F,Hobby,2025-04
HT_010134,2025-09-09,Mexico,Korean,Portuguese|Dutch|Arabic,free,25-34,F,Business,2025-09
HT_010135,2025-12-24,China,Russian,Spanish|English|Italian,premium,18-24,M,Hobby,2025-12
HT_010136,2025-10-13,Japan,Italian,French|Chinese,free,35-44,M,Exam,2025-10
HT_010137,2025-11-26,UK,Japanese,English|Spanish|Korean,free,35-44,Other,Exam,2025-11
HT_010138,2025-05-30,Brazil,Spanish,Russian|Korean|English,free,35-44,F,Exam,2025-05
HT_010139,2025-10-28,Canada,Arabic,Italian|English,free,25-34,F,Immigration,2025-10
HT_010140,2025-12-15,Germany,Korean,Italian,free,18-24,M,Travel,2025-12
HT_010141,2025-11-13,Japan,Arabic,German,premium,18-24,Other,Exam,2025-11
HT_010142,2025-12-08,Mexico,German,Chinese,free,25-34,F,Exam,2025-12
HT_010143,2025-10-28,Germany,Korean,German,free,25-34,F,Immigration,2025-10
HT_010144,2026-03-17,USA,German,Italian|Arabic|English,free,25-34,F,Hobby,2026-03
HT_010145,2025-04-29,South Korea,German,French,free,18-24,M,Immigration,2025-04
HT_010146,2025-06-20,Japan,Russian,Chinese|Portuguese,free,35-44,M,Hobby,2025-06
HT_010147,2026-03-25,Spain,Korean,Arabic,free,45+,F,Business,2026-03
HT_010148,2025-07-18,France,Russian,Arabic|Spanish|German,free,25-34,Other,Travel,2025-07
HT_010149,2026-01-05,Brazil,Italian,Chinese,free,25-34,F,Exam,2026-01
HT_010150,2025-07-13,Australia,Chinese,Dutch|Portuguese,free,18-24,Other,Exam,2025-07
HT_010151,2025-09-24,Canada,German,Chinese|Russian,premium,18-24,Other,Travel,2025-09
HT_010152,2025-08-11,Brazil,Arabic,German,free,25-34,Other,Hobby,2025-08
HT_010153,2026-04-05,China,English,Italian|Chinese,free,35-44,M,Travel,2026-04
HT_010154,2026-01-27,Mexico,Chinese,Japanese|Portuguese|Italian,free,25-34,M,Exam,2026-01
HT_010155,2025-11-20,South Korea,Russian,Portuguese|Dutch|Chinese,free,18-24,Other,Hobby,2025-11
HT_010156,2026-02-20,China,Russian,Arabic,free,18-24,Other,Business,2026-02
HT_010157,2026-02-12,Brazil,Chinese,Japanese|Portuguese|English,free,25-34,M,Exam,2026-02
HT_010158,2025-04-21,France,English,Chinese|Japanese|Spanish,free,18-24,F,Travel,2025-04
HT_010159,2025-06-24,Australia,French,Japanese,free,25-34,F,Hobby,2025-06
HT_010160,2025-05-05,Brazil,German,English|Russian,premium,45+,M,Business,2025-05
HT_010161,2025-06-06,Australia,Dutch,Russian,free,18-24,F,Immigration,2025-06
HT_010162,2025-11-08,Japan,English,Portuguese|Italian|Spanish,free,18-24,Other,Hobby,2025-11
HT_010163,2025-11-03,Canada,Japanese,English,premium,18-24,Other,Immigration,2025-11
HT_010164,2026-02-09,South Korea,Korean,Arabic|Dutch|English,premium,35-44,F,Exam,2026-02
HT_010165,2026-03-03,China,Russian,Arabic,free,25-34,M,Travel,2026-03
HT_010166,2026-04-04,South Korea,Dutch,French|Korean|Portuguese,premium,25-34,Other,Travel,2026-04
HT_010167,2026-02-17,Canada,Arabic,Chinese,free,25-34,Other,Immigration,2026-02
HT_010168,2026-01-23,China,Portuguese,Arabic|Spanish,free,45+,Other,Business,2026-01
HT_010169,2025-12-09,South Korea,Italian,French,free,45+,M,Travel,2025-12
HT_010170,2026-02-13,Canada,German,French,free,25-34,M,Exam,2026-02
HT_010171,2025-05-07,Brazil,Italian,Korean|Japanese|Russian,free,18-24,M,Exam,2025-05
HT_010172,2026-02-05,France,Russian,Spanish,premium,18-24,Other,Hobby,2026-02
HT_010173,2025-09-05,Mexico,German,English|Dutch|Russian,free,18-24,M,Business,2025-09
HT_010174,2025-05-22,Germany,Italian,Spanish,free,18-24,M,Business,2025-05
HT_010175,2026-04-04,Brazil,Dutch,Italian,free,25-34,Other,Travel,2026-04
HT_010176,2026-02-05,China,Russian,Korean|Spanish,free,25-34,F,Exam,2026-02
HT_010177,2026-03-11,USA,German,Russian|Spanish,free,45+,M,Business,2026-03
HT_010178,2025-10-10,France,Dutch,English|Korean|Arabic,premium,35-44,F,Business,2025-10
HT_010179,2025-11-27,Germany,French,Dutch,free,45+,Other,Business,2025-11
HT_010180,2025-08-23,France,Japanese,Spanish,premium,18-24,F,Immigration,2025-08
HT_010181,2025-04-16,Spain,Chinese,Japanese|Italian|English,free,18-24,F,Business,2025-04
HT_010182,2025-05-01,Mexico,Italian,English,premium,45+,F,Travel,2025-05
HT_010183,2026-01-17,South Korea,German,Dutch|Korean,free,25-34,F,Hobby,2026-01
HT_010184,2026-01-05,China,Korean,Arabic|Japanese|German,free,25-34,F,Business,2026-01
HT_010185,2026-04-01,Mexico,Chinese,Korean,free,25-34,F,Hobby,2026-04
HT_010186,2025-12-03,Germany,Arabic,English|Italian|Korean,free,25-34,M,Business,2025-12
HT_010187,2025-10-21,South Korea,Dutch,Arabic,free,18-24,Other,Immigration,2025-10
HT_010188,2025-06-25,UK,Russian,French,free,25-34,M,Hobby,2025-06
HT_010189,2025-05-28,Australia,Italian,English|Arabic|Japanese,free,25-34,Other,Hobby,2025-05
HT_010190,2025-09-08,Japan,Chinese,Portuguese,premium,18-24,Other,Exam,2025-09
HT_010191,2025-05-16,Brazil,Chinese,English|Russian|French,free,35-44,M,Hobby,2025-05
HT_010192,2025-11-07,Japan,French,German|Portuguese|Russian,free,18-24,Other,Exam,2025-11
HT_010193,2026-01-06,Canada,Spanish,Russian|French,free,35-44,Other,Business,2026-01
HT_010194,2026-02-23,Brazil,Arabic,German|Spanish|Portuguese,free,18-24,Other,Hobby,2026-02
HT_010195,2026-02-14,USA,Dutch,Spanish|German,free,35-44,Other,Immigration,2026-02
HT_010196,2026-03-07,Australia,Arabic,Portuguese,premium,35-44,F,Exam,2026-03
HT_010197,2026-03-27,Japan,French,Chinese,free,25-34,Other,Business,2026-03
HT_010198,2025-11-30,Brazil,Russian,German|Japanese|Portuguese,free,25-34,M,Hobby,2025-11
HT_010199,2025-11-21,Canada,French,Italian|Arabic|Japanese,free,25-34,Other,Hobby,2025-11
HT_010200,2026-03-23,Spain,Italian,Japanese,premium,25-34,F,Business,2026-03
HT_010201,2026-03-14,Canada,French,Portuguese|English|Spanish,free,25-34,F,Immigration,2026-03
HT_010202,2025-07-09,USA,Italian,Spanish|Korean|Dutch,premium,25-34,F,Travel,2025-07
HT_010203,2025-09-06,China,French,Korean|German,free,18-24,F,Immigration,2025-09
HT_010204,2025-10-13,USA,German,English,free,35-44,F,Travel,2025-10
HT_010205,2025-07-15,Germany,Portuguese,English|Korean|Russian,premium,25-34,M,Business,2025-07
HT_010206,2025-08-22,South Korea,Arabic,Portuguese,free,25-34,M,Business,2025-08
HT_010207,2025-07-03,Brazil,English,Spanish|Chinese|Dutch,free,18-24,F,Business,2025-07
HT_010208,2025-11-20,Australia,French,Russian,premium,18-24,M,Travel,2025-11
HT_010209,2025-11-18,Australia,French,Russian,free,25-34,F,Exam,2025-11
HT_010210,2025-10-10,Spain,Dutch,Chinese,free,35-44,F,Business,2025-10
HT_010211,2025-09-25,France,German,Korean|Dutch|Japanese,free,18-24,Other,Business,2025-09
HT_010212,2025-11-07,Spain,Russian,Chinese,premium,25-34,M,Hobby,2025-11
HT_010213,2025-04-27,China,French,Portuguese|Dutch|Italian,free,25-34,M,Exam,2025-04
HT_010214,2025-06-28,Japan,Italian,English|Korean,free,25-34,M,Travel,2025-06
HT_010215,2026-03-07,Japan,French,Portuguese,free,35-44,M,Travel,2026-03
HT_010216,2025-09-17,South Korea,Spanish,French|English|Italian,free,25-34,F,Travel,2025-09
HT_010217,2025-06-03,Brazil,Russian,Spanish|French|German,free,18-24,Other,Immigration,2025-06
HT_010218,2026-03-10,USA,Japanese,Arabic,free,25-34,M,Hobby,2026-03
HT_010219,2025-07-23,Mexico,French,Arabic|Portuguese|German,free,18-24,Other,Hobby,2025-07
HT_010220,2025-11-17,Germany,Arabic,Korean,free,18-24,Other,Travel,2025-11
HT_010221,2025-08-05,Brazil,Russian,Arabic|Italian|Chinese,premium,35-44,F,Immigration,2025-08
HT_010222,2026-03-12,France,English,Chinese,free,35-44,Other,Hobby,2026-03
HT_010223,2026-01-21,Germany,Italian,French|German|Korean,free,25-34,M,Exam,2026-01
HT_010224,2025-05-09,Brazil,Italian,Portuguese,free,25-34,Other,Business,2025-05
HT_010225,2025-12-28,Mexico,German,Arabic|English|Japanese,free,35-44,M,Travel,2025-12
HT_010226,2025-08-31,Brazil,Japanese,French|German,premium,18-24,Other,Immigration,2025-08
HT_010227,2025-11-13,Canada,Japanese,Dutch|Korean,premium,25-34,M,Hobby,2025-11
HT_010228,2025-07-22,Japan,Spanish,Arabic,free,25-34,M,Immigration,2025-07
HT_010229,2025-06-13,Germany,Dutch,Korean|Japanese,premium,45+,M,Travel,2025-06
HT_010230,2026-03-18,Spain,Korean,Italian|Portuguese|Japanese,free,18-24,Other,Immigration,2026-03
HT_010231,2025-06-25,Brazil,Korean,Chinese|French|Japanese,free,25-34,Other,Immigration,2025-06
HT_010232,2025-05-25,France,Arabic,Korean|English,free,18-24,M,Exam,2025-05
HT_010233,2025-07-29,Germany,Chinese,Japanese|Russian,free,18-24,Other,Exam,2025-07
HT_010234,2025-09-25,UK,German,Japanese|Korean|Portuguese,free,35-44,Other,Exam,2025-09
HT_010235,2025-11-10,Germany,German,Japanese,free,18-24,M,Exam,2025-11
HT_010236,2025-05-31,USA,Portuguese,Italian|German|Arabic,free,18-24,M,Immigration,2025-05
HT_010237,2025-08-27,France,German,English,premium,18-24,F,Exam,2025-08
HT_010238,2026-01-19,USA,Russian,Italian|German|Japanese,free,18-24,M,Exam,2026-01
HT_010239,2025-11-29,Japan,Russian,Dutch|French,free,25-34,Other,Travel,2025-11
HT_010240,2026-02-15,China,English,Russian|Portuguese|Chinese,free,25-34,M,Travel,2026-02
HT_010241,2025-11-11,China,Italian,Japanese,free,18-24,Other,Business,2025-11
HT_010242,2025-11-18,Spain,Arabic,Korean|Portuguese,premium,25-34,M,Hobby,2025-11
HT_010243,2026-03-31,Spain,Dutch,Italian|Arabic,free,25-34,Other,Exam,2026-03
HT_010244,2025-12-26,Spain,Korean,English|French,free,18-24,M,Travel,2025-12
HT_010245,2026-03-29,Mexico,Portuguese,Italian,free,18-24,F,Immigration,2026-03
HT_010246,2025-04-22,Brazil,Japanese,French,free,25-34,Other,Immigration,2025-04
HT_010247,2025-07-16,Australia,Italian,Arabic|Korean|Chinese,free,25-34,Other,Hobby,2025-07
HT_010248,2026-03-16,Canada,Japanese,French|Chinese|Russian,free,18-24,M,Hobby,2026-03
HT_010249,2025-06-05,Australia,Korean,Arabic|Portuguese,free,18-24,M,Travel,2025-06
HT_010250,2026-02-19,USA,French,Chinese|Korean,free,18-24,M,Travel,2026-02
HT_010251,2025-08-21,Japan,Arabic,Italian,free,18-24,F,Hobby,2025-08
HT_010252,2025-12-31,Germany,English,Italian,free,35-44,F,Business,2025-12
HT_010253,2025-11-17,South Korea,Dutch,Japanese|German|English,free,25-34,M,Exam,2025-11
HT_010254,2025-11-29,Germany,Korean,Portuguese|Dutch|Japanese,free,18-24,M,Business,2025-11
HT_010255,2026-04-12,Germany,Spanish,English|French,free,18-24,F,Immigration,2026-04
HT_010256,2026-01-09,France,Dutch,Japanese,free,25-34,Other,Hobby,2026-01
HT_010257,2025-05-20,China,Chinese,Korean,free,18-24,M,Hobby,2025-05
HT_010258,2025-07-25,Mexico,French,German|Portuguese,free,18-24,M,Hobby,2025-07
HT_010259,2026-02-12,Australia,Chinese,Korean|Portuguese,free,18-24,M,Exam,2026-02
HT_010260,2025-07-23,USA,French,German|Arabic,free,25-34,M,Exam,2025-07
HT_010261,2025-09-05,Mexico,Italian,French,premium,25-34,F,Business,2025-09
HT_010262,2025-04-12,Mexico,French,Russian|Italian,free,45+,Other,Hobby,2025-04
HT_010263,2025-12-09,Japan,Chinese,Spanish|Portuguese|Italian,free,25-34,Other,Business,2025-12
HT_010264,2025-11-14,Mexico,Spanish,Italian|French|Portuguese,free,25-34,M,Hobby,2025-11
HT_010265,2025-09-22,Australia,English,Dutch,free,35-44,F,Travel,2025-09
HT_010266,2025-12-11,Canada,Dutch,English,free,25-34,M,Travel,2025-12
HT_010267,2025-07-21,France,Japanese,Spanish,free,18-24,M,Business,2025-07
HT_010268,2025-11-20,Brazil,Italian,German|Arabic,free,25-34,F,Hobby,2025-11
HT_010269,2025-10-25,Australia,Japanese,German,free,35-44,M,Immigration,2025-10
HT_010270,2025-05-14,Brazil,Russian,French,free,45+,F,Hobby,2025-05
HT_010271,2025-04-29,Australia,Italian,Chinese,free,18-24,F,Business,2025-04
HT_010272,2026-03-26,China,Arabic,German,free,25-34,F,Immigration,2026-03
HT_010273,2026-02-21,South Korea,Chinese,Spanish|Arabic|Russian,free,25-34,M,Exam,2026-02
HT_010274,2026-02-11,Brazil,Italian,Japanese|Russian,free,18-24,M,Travel,2026-02
HT_010275,2026-02-08,Brazil,Chinese,Dutch|Russian,free,25-34,F,Immigration,2026-02
HT_010276,2025-11-04,Brazil,Dutch,Spanish,free,18-24,Other,Immigration,2025-11
HT_010277,2025-10-30,Brazil,Dutch,Spanish,free,25-34,Other,Hobby,2025-10
HT_010278,2026-03-29,UK,Japanese,English,free,25-34,Other,Hobby,2026-03
HT_010279,2026-01-08,USA,Chinese,Arabic|Italian|English,premium,25-34,F,Business,2026-01
HT_010280,2026-01-17,Spain,Russian,German,premium,25-34,M,Travel,2026-01
HT_010281,2026-02-25,Japan,Dutch,Japanese,free,18-24,F,Immigration,2026-02
HT_010282,2025-10-27,Spain,Spanish,Chinese|Portuguese|Dutch,free,18-24,M,Immigration,2025-10
HT_010283,2026-04-02,USA,Chinese,Arabic|Dutch|Italian,free,18-24,Other,Hobby,2026-04
HT_010284,2025-05-14,Brazil,Italian,Portuguese|Korean,free,35-44,F,Hobby,2025-05
HT_010285,2025-09-28,Australia,Arabic,Spanish,free,35-44,Other,Business,2025-09
HT_010286,2025-10-19,Germany,Spanish,Korean|Dutch|Japanese,free,25-34,M,Business,2025-10
HT_010287,2025-08-04,Canada,Chinese,Portuguese,free,18-24,M,Hobby,2025-08
HT_010288,2025-08-20,France,Spanish,Chinese,premium,18-24,Other,Business,2025-08
HT_010289,2026-01-17,UK,Korean,Dutch|Russian,premium,25-34,M,Business,2026-01
HT_010290,2025-04-21,Germany,Spanish,German|Dutch|Chinese,free,25-34,F,Travel,2025-04
HT_010291,2026-03-16,France,Korean,Spanish|Japanese,free,18-24,F,Hobby,2026-03
HT_010292,2025-06-27,China,Spanish,Arabic,free,25-34,Other,Immigration,2025-06
HT_010293,2026-01-27,Japan,English,Japanese|Korean|Chinese,free,18-24,Other,Hobby,2026-01
HT_010294,2025-04-15,South Korea,Portuguese,Russian,free,25-34,Other,Travel,2025-04
HT_010295,2025-07-06,UK,German,Chinese,free,45+,M,Travel,2025-07
HT_010296,2025-12-27,Japan,Spanish,Arabic|Korean,free,18-24,Other,Business,2025-12
HT_010297,2025-10-13,Australia,Italian,Spanish,free,25-34,F,Travel,2025-10
HT_010298,2026-03-27,Brazil,Spanish,Korean|Italian,free,25-34,Other,Immigration,2026-03
HT_010299,2025-09-08,France,Italian,German|Arabic|Dutch,free,18-24,M,Hobby,2025-09
HT_010300,2025-07-28,Mexico,Arabic,Italian|Japanese|French,premium,18-24,M,Travel,2025-07
HT_010301,2025-07-23,France,English,Spanish,free,25-34,M,Travel,2025-07
HT_010302,2025-12-06,Canada,Korean,French,free,25-34,M,Hobby,2025-12
HT_010303,2025-05-08,Canada,French,Dutch|Spanish|Japanese,premium,35-44,M,Hobby,2025-05
HT_010304,2025-05-10,UK,French,Russian|Korean|Italian,free,25-34,M,Immigration,2025-05
HT_010305,2026-03-03,UK,German,Chinese,free,18-24,F,Exam,2026-03
HT_010306,2025-11-03,Mexico,French,Korean|English|Portuguese,premium,45+,F,Business,2025-11
HT_010307,2025-05-20,Brazil,French,Chinese|Russian|Korean,premium,35-44,F,Business,2025-05
HT_010308,2025-10-15,Japan,Portuguese,Japanese|Italian,free,45+,M,Business,2025-10
HT_010309,2025-10-14,Mexico,Arabic,Portuguese|French,free,35-44,M,Travel,2025-10
HT_010310,2026-03-17,Spain,Portuguese,French|Japanese,premium,18-24,M,Travel,2026-03
HT_010311,2025-12-28,Spain,Portuguese,Spanish,free,25-34,Other,Hobby,2025-12
HT_010312,2025-11-07,USA,Russian,Italian,free,18-24,M,Exam,2025-11
HT_010313,2025-12-17,Brazil,Russian,Japanese|Korean|Chinese,free,18-24,M,Exam,2025-12
HT_010314,2026-03-27,Mexico,Japanese,German|Korean,free,35-44,M,Hobby,2026-03
HT_010315,2025-08-22,France,Korean,Italian|German,premium,35-44,Other,Hobby,2025-08
HT_010316,2025-05-16,Mexico,Korean,Dutch,free,25-34,M,Business,2025-05
HT_010317,2025-07-15,Germany,Korean,German|Japanese|Russian,free,18-24,Other,Exam,2025-07
HT_010318,2025-09-09,UK,Dutch,Korean,free,35-44,M,Hobby,2025-09
HT_010319,2025-06-09,China,Arabic,Dutch,free,25-34,F,Business,2025-06
HT_010320,2025-11-27,Brazil,Chinese,Portuguese|Russian|English,free,25-34,F,Travel,2025-11
HT_010321,2026-02-20,China,Korean,French|English,free,25-34,F,Immigration,2026-02
HT_010322,2026-02-03,Brazil,Portuguese,Italian|Arabic,free,25-34,M,Hobby,2026-02
HT_010323,2025-05-18,Canada,Korean,English,premium,35-44,M,Exam,2025-05
HT_010324,2026-02-28,USA,Spanish,German|Portuguese|Italian,free,35-44,Other,Hobby,2026-02
HT_010325,2025-07-13,UK,Portuguese,Arabic,premium,18-24,M,Exam,2025-07
HT_010326,2025-06-28,Germany,Arabic,Portuguese,free,25-34,Other,Hobby,2025-06
HT_010327,2025-12-28,South Korea,German,Chinese,free,25-34,M,Travel,2025-12
HT_010328,2025-10-18,Brazil,Spanish,English,free,18-24,F,Exam,2025-10
HT_010329,2025-04-25,China,French,Korean,free,18-24,M,Immigration,2025-04
HT_010330,2025-07-23,China,Italian,Russian|Arabic,free,35-44,M,Exam,2025-07
HT_010331,2026-02-11,Mexico,Russian,Portuguese|Arabic,free,25-34,Other,Hobby,2026-02
HT_010332,2025-11-27,Japan,Chinese,Italian|German|Korean,free,25-34,F,Immigration,2025-11
HT_010333,2025-10-02,Spain,Dutch,Russian|Japanese,free,18-24,Other,Business,2025-10
HT_010334,2025-08-01,Spain,Japanese,English,premium,35-44,F,Immigration,2025-08
HT_010335,2025-11-15,China,French,Portuguese,free,45+,M,Hobby,2025-11
HT_010336,2025-08-11,USA,English,German|Italian|Arabic,free,18-24,M,Hobby,2025-08
HT_010337,2025-10-28,China,Korean,English|Arabic|French,free,18-24,F,Hobby,2025-10
HT_010338,2025-10-29,Canada,Dutch,Italian|French,free,25-34,F,Business,2025-10
HT_010339,2025-12-29,Japan,Arabic,Italian|Chinese,free,35-44,Other,Hobby,2025-12
HT_010340,2025-06-15,Spain,German,French|Arabic,free,18-24,M,Travel,2025-06
HT_010341,2025-11-11,Canada,Portuguese,Spanish|English|Arabic,free,18-24,F,Exam,2025-11
HT_010342,2025-05-25,Japan,English,Chinese|German|Dutch,premium,25-34,M,Immigration,2025-05
HT_010343,2026-02-11,USA,Arabic,Dutch,premium,45+,Other,Hobby,2026-02
HT_010344,2025-08-24,France,Russian,German|Chinese,free,18-24,F,Immigration,2025-08
HT_010345,2026-01-25,China,German,Dutch|Japanese|English,free,35-44,M,Business,2026-01
HT_010346,2025-09-06,Australia,French,Japanese|Portuguese|English,free,25-34,F,Immigration,2025-09
HT_010347,2026-02-26,USA,French,Korean|Russian|Japanese,free,35-44,F,Travel,2026-02
HT_010348,2025-07-12,South Korea,Portuguese,English,free,18-24,M,Immigration,2025-07
HT_010349,2025-12-13,USA,Dutch,Japanese|Spanish|Korean,free,18-24,M,Travel,2025-12
HT_010350,2025-07-11,Japan,Russian,Arabic,free,18-24,Other,Hobby,2025-07
HT_010351,2025-06-15,UK,English,Russian|Dutch|Japanese,free,18-24,M,Business,2025-06
HT_010352,2025-10-30,UK,Italian,English,premium,35-44,Other,Exam,2025-10
HT_010353,2025-04-28,Spain,French,Spanish,free,18-24,M,Travel,2025-04
HT_010354,2026-02-20,France,Russian,Korean|Portuguese,free,18-24,F,Business,2026-02
HT_010355,2025-08-06,Brazil,Dutch,Chinese,free,25-34,Other,Business,2025-08
HT_010356,2025-04-30,South Korea,Dutch,Portuguese|German|Spanish,free,18-24,F,Exam,2025-04
HT_010357,2025-11-29,Canada,Dutch,Portuguese|Korean,free,18-24,F,Immigration,2025-11
HT_010358,2025-06-04,France,French,Japanese,free,18-24,Other,Exam,2025-06
HT_010359,2025-09-01,UK,Korean,Portuguese,free,18-24,Other,Hobby,2025-09
HT_010360,2026-01-10,USA,French,Arabic|Italian|English,free,35-44,Other,Immigration,2026-01
HT_010361,2026-03-02,Australia,German,Dutch|Italian,free,18-24,Other,Exam,2026-03
HT_010362,2026-02-17,Mexico,Dutch,Portuguese|Chinese,free,18-24,M,Business,2026-02
HT_010363,2026-03-06,Japan,Chinese,Dutch|Japanese|Spanish,free,25-34,M,Exam,2026-03
HT_010364,2026-02-17,France,Italian,Arabic,free,35-44,Other,Hobby,2026-02
HT_010365,2025-04-12,South Korea,French,Spanish|Dutch,premium,18-24,M,Hobby,2025-04
HT_010366,2025-09-22,Japan,French,Dutch|Russian,free,25-34,M,Travel,2025-09
HT_010367,2026-03-07,Brazil,Korean,Japanese|Chinese,free,35-44,F,Immigration,2026-03
HT_010368,2025-10-06,South Korea,Italian,German|Arabic|English,free,25-34,Other,Immigration,2025-10
HT_010369,2026-02-04,USA,Chinese,French|German,free,25-34,M,Hobby,2026-02
HT_010370,2025-09-17,Mexico,Korean,English|Portuguese|Russian,free,25-34,M,Business,2025-09
HT_010371,2025-07-13,Australia,Italian,Dutch|English,free,18-24,Other,Immigration,2025-07
HT_010372,2026-02-24,Mexico,French,Arabic|Portuguese,free,18-24,F,Business,2026-02
HT_010373,2025-09-11,Germany,Italian,Russian,free,18-24,F,Business,2025-09
HT_010374,2025-09-05,South Korea,Portuguese,Chinese|Korean|French,free,25-34,M,Travel,2025-09
HT_010375,2025-10-15,Germany,Russian,German|Dutch|Italian,free,18-24,Other,Travel,2025-10
HT_010376,2025-10-25,Mexico,Korean,Dutch|Chinese|Japanese,free,18-24,M,Travel,2025-10
HT_010377,2025-08-23,South Korea,English,Chinese,premium,18-24,F,Travel,2025-08
HT_010378,2025-06-13,UK,Italian,Arabic,free,18-24,M,Exam,2025-06
HT_010379,2025-05-01,Germany,Russian,Italian|Korean|Portuguese,free,25-34,F,Hobby,2025-05
HT_010380,2025-05-24,France,Korean,Portuguese|Chinese|German,free,35-44,M,Travel,2025-05
HT_010381,2026-02-28,China,Dutch,Italian,free,18-24,Other,Hobby,2026-02
HT_010382,2025-06-17,USA,Korean,English,free,25-34,M,Travel,2025-06
HT_010383,2025-09-25,Brazil,Spanish,Italian|Dutch|French,free,25-34,F,Exam,2025-09
HT_010384,2025-09-14,UK,Japanese,Spanish,free,45+,M,Hobby,2025-09
HT_010385,2025-11-09,Mexico,Dutch,Italian|Japanese|Korean,premium,18-24,M,Immigration,2025-11
HT_010386,2025-05-23,Mexico,French,Spanish|Chinese,free,18-24,M,Hobby,2025-05
HT_010387,2026-02-26,Mexico,Portuguese,Arabic|Korean|German,free,18-24,Other,Immigration,2026-02
HT_010388,2025-12-10,China,Korean,Italian,free,18-24,F,Hobby,2025-12
HT_010389,2025-09-23,USA,German,Japanese|French|Portuguese,free,18-24,M,Hobby,2025-09
HT_010390,2025-11-21,Japan,Japanese,Spanish,free,35-44,M,Travel,2025-11
HT_010391,2025-09-23,Brazil,Korean,Russian|Spanish,free,25-34,F,Business,2025-09
HT_010392,2025-06-09,USA,Portuguese,Japanese|Italian,free,35-44,Other,Business,2025-06
HT_010393,2025-05-16,Brazil,Dutch,English|Italian,free,35-44,M,Immigration,2025-05
HT_010394,2026-03-31,South Korea,Chinese,German,free,25-34,Other,Business,2026-03
HT_010395,2025-12-12,Canada,Spanish,Dutch,free,18-24,M,Travel,2025-12
HT_010396,2025-11-30,Mexico,Spanish,Portuguese|Dutch|Russian,premium,35-44,F,Travel,2025-11
HT_010397,2025-04-21,France,Italian,German,free,25-34,Other,Immigration,2025-04
HT_010398,2025-08-25,Mexico,Russian,Arabic,free,35-44,F,Exam,2025-08
HT_010399,2025-06-06,Germany,Arabic,Italian|Japanese,free,35-44,M,Business,2025-06
HT_010400,2025-09-05,USA,Russian,Arabic|French,free,25-34,F,Hobby,2025-09
HT_010401,2025-09-25,Canada,Spanish,Chinese,free,25-34,Other,Hobby,2025-09
HT_010402,2025-11-03,Brazil,Portuguese,Dutch,free,18-24,Other,Immigration,2025-11
HT_010403,2026-03-27,Mexico,Arabic,Japanese|Spanish|Italian,free,35-44,F,Exam,2026-03
HT_010404,2026-01-16,France,Korean,Portuguese|Russian|Italian,free,25-34,F,Hobby,2026-01
HT_010405,2025-08-21,Mexico,English,Chinese,free,25-34,F,Travel,2025-08
HT_010406,2025-06-18,Germany,English,Portuguese|Spanish|Chinese,free,25-34,M,Travel,2025-06
HT_010407,2025-12-09,Spain,Italian,Japanese,free,18-24,M,Exam,2025-12
HT_010408,2025-12-09,Brazil,Portuguese,Russian|Japanese,free,25-34,M,Hobby,2025-12
HT_010409,2025-05-18,Brazil,Korean,Spanish|Arabic|German,free,18-24,M,Business,2025-05
HT_010410,2025-07-19,Brazil,Chinese,Arabic|Dutch|Portuguese,free,35-44,F,Business,2025-07
HT_010411,2025-10-04,Canada,Spanish,French|Dutch,free,25-34,Other,Hobby,2025-10
HT_010412,2025-09-15,UK,Dutch,Japanese|Italian,free,25-34,F,Travel,2025-09
HT_010413,2026-03-09,Spain,Arabic,English,premium,25-34,F,Exam,2026-03
HT_010414,2025-12-28,Australia,Korean,Chinese|German|Dutch,free,35-44,M,Immigration,2025-12
HT_010415,2025-05-10,Japan,Russian,German,free,18-24,M,Business,2025-05
HT_010416,2025-10-09,Germany,French,Dutch|Portuguese,free,25-34,M,Business,2025-10
HT_010417,2025-11-15,Japan,Portuguese,Dutch,free,35-44,M,Business,2025-11
HT_010418,2025-07-14,UK,English,Italian|German|Chinese,free,18-24,Other,Business,2025-07
HT_010419,2026-03-08,Brazil,Japanese,Italian|German|Russian,free,18-24,M,Exam,2026-03
HT_010420,2025-08-12,South Korea,French,Russian|Japanese|Arabic,free,18-24,M,Exam,2025-08
HT_010421,2025-04-16,Australia,English,Russian|Arabic,premium,25-34,F,Business,2025-04
HT_010422,2025-12-04,Australia,Spanish,English|Korean,free,35-44,F,Immigration,2025-12
HT_010423,2026-01-29,Japan,Spanish,Dutch|Japanese|German,free,18-24,Other,Immigration,2026-01
HT_010424,2025-05-13,USA,Arabic,Dutch|Italian|French,free,18-24,M,Immigration,2025-05
HT_010425,2025-07-02,Spain,German,Portuguese,free,18-24,M,Business,2025-07
HT_010426,2026-01-08,Australia,Japanese,Dutch,free,25-34,Other,Immigration,2026-01
HT_010427,2025-12-11,Australia,German,Spanish|Korean|French,free,18-24,Other,Travel,2025-12
HT_010428,2025-07-31,Japan,Arabic,Japanese|Italian|French,free,18-24,Other,Travel,2025-07
HT_010429,2025-12-29,UK,Spanish,Korean|Portuguese|French,free,45+,Other,Immigration,2025-12
HT_010430,2026-01-29,Germany,Arabic,Korean,free,18-24,M,Travel,2026-01
HT_010431,2025-08-29,Japan,French,Spanish,free,18-24,M,Hobby,2025-08
HT_010432,2026-01-06,France,English,Dutch|Portuguese,free,25-34,M,Travel,2026-01
HT_010433,2025-12-15,France,Japanese,Korean|Dutch,free,18-24,Other,Exam,2025-12
HT_010434,2026-01-30,France,Spanish,Chinese|English,free,35-44,M,Business,2026-01
HT_010435,2025-07-16,Canada,Portuguese,Italian,free,18-24,Other,Immigration,2025-07
HT_010436,2025-06-15,Australia,French,Chinese|Spanish,free,18-24,Other,Hobby,2025-06
HT_010437,2026-01-18,UK,German,Portuguese,free,25-34,F,Business,2026-01
HT_010438,2026-02-14,Spain,Dutch,French|Russian|Chinese,premium,18-24,F,Hobby,2026-02
HT_010439,2025-06-28,USA,Italian,Korean|Arabic,free,25-34,Other,Business,2025-06
HT_010440,2025-04-18,Australia,Dutch,Arabic,free,35-44,M,Immigration,2025-04
HT_010441,2025-06-03,Spain,Portuguese,Japanese,free,45+,F,Travel,2025-06
HT_010442,2025-10-24,Canada,Russian,French|Japanese|Dutch,free,25-34,Other,Travel,2025-10
HT_010443,2026-03-11,Mexico,Spanish,Russian,free,18-24,Other,Exam,2026-03
HT_010444,2025-06-28,Brazil,French,Chinese|Korean,free,45+,M,Exam,2025-06
HT_010445,2025-06-07,Australia,German,Russian|Portuguese,free,18-24,F,Exam,2025-06
HT_010446,2025-07-11,UK,Portuguese,French|Arabic,free,25-34,M,Business,2025-07
HT_010447,2025-06-21,USA,Arabic,English,free,18-24,F,Travel,2025-06
HT_010448,2025-12-30,France,Russian,English|French|Spanish,free,18-24,F,Business,2025-12
HT_010449,2026-03-26,Germany,Dutch,Russian|Arabic,free,25-34,F,Business,2026-03
HT_010450,2025-04-25,Japan,Arabic,English|Japanese,free,25-34,M,Hobby,2025-04
HT_010451,2025-10-21,Brazil,Spanish,German|Arabic,free,18-24,Other,Immigration,2025-10
HT_010452,2025-10-07,Japan,Portuguese,Japanese,free,18-24,M,Immigration,2025-10
HT_010453,2025-05-01,Canada,Spanish,Italian,free,45+,Other,Exam,2025-05
HT_010454,2025-05-22,Mexico,Dutch,German|Spanish|Korean,free,35-44,M,Travel,2025-05
HT_010455,2025-07-08,Canada,English,Italian|Dutch|Portuguese,free,18-24,Other,Immigration,2025-07
HT_010456,2026-03-04,Mexico,German,Spanish|Korean|French,free,18-24,M,Exam,2026-03
HT_010457,2026-04-10,Canada,Dutch,Arabic|English|Russian,free,25-34,F,Travel,2026-04
HT_010458,2026-02-20,France,German,Dutch,free,25-34,M,Exam,2026-02
HT_010459,2025-06-21,Japan,Arabic,Japanese,free,35-44,M,Travel,2025-06
HT_010460,2025-09-03,Germany,Spanish,English,free,25-34,Other,Business,2025-09
HT_010461,2026-04-10,South Korea,Russian,Japanese,free,18-24,F,Hobby,2026-04
HT_010462,2026-03-31,Brazil,Russian,Arabic,free,18-24,Other,Hobby,2026-03
HT_010463,2025-10-09,Germany,Italian,German,free,25-34,F,Immigration,2025-10
HT_010464,2025-09-16,Spain,Chinese,French|Spanish,free,18-24,F,Exam,2025-09
HT_010465,2026-03-28,UK,Korean,Arabic,free,35-44,Other,Exam,2026-03
HT_010466,2026-03-04,Japan,English,French,free,25-34,Other,Travel,2026-03
HT_010467,2025-11-14,Canada,Arabic,French|Korean,free,25-34,F,Hobby,2025-11
HT_010468,2025-08-16,South Korea,English,Japanese,free,45+,F,Exam,2025-08
HT_010469,2026-01-23,France,Japanese,Spanish|Korean,free,25-34,M,Hobby,2026-01
HT_010470,2025-06-12,Japan,Korean,Portuguese,free,35-44,F,Exam,2025-06
HT_010471,2025-09-01,China,Russian,Korean|Italian,free,25-34,Other,Business,2025-09
HT_010472,2026-04-01,Mexico,Spanish,Russian|German|Korean,free,18-24,F,Business,2026-04
HT_010473,2025-11-16,China,French,English,premium,25-34,F,Business,2025-11
HT_010474,2025-10-18,Spain,Dutch,Japanese|French|Italian,free,18-24,M,Travel,2025-10
HT_010475,2026-03-02,South Korea,Portuguese,Chinese|Dutch|Japanese,free,18-24,M,Hobby,2026-03
HT_010476,2025-06-26,Australia,Portuguese,Spanish|German|Italian,premium,25-34,M,Hobby,2025-06
HT_010477,2026-04-09,France,Korean,Spanish|English|Portuguese,free,25-34,M,Exam,2026-04
HT_010478,2025-10-17,China,Spanish,Portuguese|Chinese,free,25-34,Other,Business,2025-10
HT_010479,2025-12-19,China,Portuguese,Japanese|English,free,35-44,F,Hobby,2025-12
HT_010480,2025-07-03,Japan,Korean,Chinese|Arabic,free,25-34,F,Immigration,2025-07
HT_010481,2025-07-12,Brazil,Korean,Italian,free,18-24,M,Travel,2025-07
HT_010482,2025-11-12,Spain,Portuguese,Russian|English|French,premium,35-44,M,Exam,2025-11
HT_010483,2025-11-24,South Korea,German,Arabic|Russian|French,free,18-24,M,Travel,2025-11
HT_010484,2026-03-01,Australia,French,English|Italian,free,45+,Other,Travel,2026-03
HT_010485,2025-04-22,Brazil,German,Arabic|Chinese,free,25-34,M,Exam,2025-04
HT_010486,2025-05-30,Canada,Korean,Dutch|Spanish|Japanese,premium,18-24,M,Business,2025-05
HT_010487,2025-12-16,France,Russian,Dutch|Korean,free,18-24,F,Hobby,2025-12
HT_010488,2025-08-17,France,Dutch,German|Italian,free,18-24,Other,Business,2025-08
HT_010489,2026-03-24,France,French,English|Russian|Spanish,premium,25-34,F,Exam,2026-03
HT_010490,2025-05-31,Germany,Arabic,Portuguese|English,free,45+,M,Hobby,2025-05
HT_010491,2026-01-11,Spain,Spanish,Russian|Italian,free,18-24,F,Immigration,2026-01
HT_010492,2025-04-21,Japan,Portuguese,German,premium,18-24,Other,Exam,2025-04
HT_010493,2025-05-08,China,Chinese,Dutch|Korean,free,35-44,M,Travel,2025-05
HT_010494,2025-06-15,Brazil,Russian,Chinese|Korean|Portuguese,free,45+,M,Immigration,2025-06
HT_010495,2025-11-15,Australia,Arabic,Chinese|Portuguese,free,45+,M,Business,2025-11
HT_010496,2025-11-05,Mexico,Spanish,Korean|French,free,25-34,F,Exam,2025-11
HT_010497,2025-10-29,Japan,French,Dutch|Korean|German,free,45+,F,Business,2025-10
HT_010498,2026-01-03,Spain,Korean,Japanese|English,free,25-34,M,Immigration,2026-01
HT_010499,2025-11-04,Japan,Japanese,English|Russian|Dutch,free,35-44,F,Exam,2025-11
HT_010500,2026-02-14,China,Italian,Arabic|Spanish|English,free,25-34,M,Immigration,2026-02
HT_010501,2026-04-11,Mexico,Arabic,French|Italian|Korean,free,25-34,F,Immigration,2026-04
HT_010502,2026-01-24,Spain,French,Italian|Japanese,free,25-34,F,Business,2026-01
HT_010503,2025-09-13,UK,German,Chinese|Korean|Japanese,premium,25-34,Other,Travel,2025-09
HT_010504,2025-05-15,China,Japanese,Chinese|Arabic,free,35-44,M,Hobby,2025-05
HT_010505,2025-08-15,France,French,Korean|Russian,premium,35-44,F,Hobby,2025-08
HT_010506,2025-12-15,China,Chinese,English,free,25-34,Other,Business,2025-12
HT_010507,2026-03-08,UK,French,Portuguese,premium,25-34,Other,Hobby,2026-03
HT_010508,2025-05-19,UK,Arabic,German|Dutch,free,18-24,Other,Immigration,2025-05
HT_010509,2025-05-01,UK,Chinese,French,free,18-24,F,Travel,2025-05
HT_010510,2025-10-18,China,Arabic,Chinese,premium,35-44,Other,Hobby,2025-10
HT_010511,2026-03-25,UK,Korean,Russian|Spanish|Italian,free,45+,M,Exam,2026-03
HT_010512,2025-08-26,China,Chinese,Japanese|Korean|Dutch,free,25-34,F,Travel,2025-08
HT_010513,2026-03-24,Brazil,Dutch,Italian|Korean,free,25-34,M,Travel,2026-03
HT_010514,2025-11-22,France,Italian,Arabic,free,35-44,Other,Hobby,2025-11
HT_010515,2025-08-06,Mexico,Korean,German|Italian|Portuguese,premium,25-34,Other,Business,2025-08
HT_010516,2026-01-22,Brazil,French,Arabic|Russian|Spanish,free,18-24,Other,Hobby,2026-01
HT_010517,2025-10-04,Canada,Korean,English|Italian,free,35-44,M,Business,2025-10
HT_010518,2026-04-07,UK,Arabic,Korean|Japanese|Russian,free,25-34,Other,Travel,2026-04
HT_010519,2025-07-15,Brazil,Japanese,Arabic,premium,25-34,Other,Business,2025-07
HT_010520,2025-07-04,Canada,German,Spanish|Japanese|Chinese,free,35-44,Other,Immigration,2025-07
HT_010521,2026-02-05,Brazil,Dutch,Chinese,free,18-24,F,Exam,2026-02
HT_010522,2025-11-11,Japan,Spanish,Korean|German,free,45+,F,Business,2025-11
HT_010523,2026-03-23,Japan,Dutch,English|Japanese,free,18-24,Other,Immigration,2026-03
HT_010524,2025-06-18,Germany,Russian,Korean,free,18-24,M,Immigration,2025-06
HT_010525,2025-10-04,Mexico,English,Arabic,free,25-34,Other,Business,2025-10
HT_010526,2025-10-14,France,Arabic,English,free,25-34,M,Immigration,2025-10
HT_010527,2025-09-11,USA,Dutch,Portuguese|Russian,free,18-24,Other,Exam,2025-09
HT_010528,2025-08-17,France,Italian,Chinese,free,25-34,M,Hobby,2025-08
HT_010529,2025-09-20,UK,German,Portuguese|Spanish,free,45+,F,Immigration,2025-09
HT_010530,2025-11-03,China,Spanish,Japanese|German|Chinese,free,18-24,M,Travel,2025-11
HT_010531,2025-04-20,Australia,Russian,Spanish|English,free,25-34,F,Business,2025-04
HT_010532,2026-03-29,Germany,Chinese,Portuguese|French,free,18-24,Other,Immigration,2026-03
HT_010533,2025-07-25,Mexico,Arabic,English|Spanish|Dutch,premium,18-24,F,Immigration,2025-07
HT_010534,2025-05-03,Brazil,Korean,Dutch,free,18-24,M,Business,2025-05
HT_010535,2025-09-07,South Korea,Italian,Chinese,free,18-24,Other,Travel,2025-09
HT_010536,2025-05-29,Mexico,Italian,English,free,18-24,M,Travel,2025-05
HT_010537,2025-10-23,Canada,Portuguese,Italian|Chinese,free,45+,F,Travel,2025-10
HT_010538,2025-07-13,Brazil,Portuguese,Italian,free,18-24,M,Exam,2025-07
HT_010539,2026-03-16,South Korea,Russian,French,free,35-44,F,Exam,2026-03
HT_010540,2026-02-21,Australia,English,German,free,18-24,M,Travel,2026-02
HT_010541,2025-12-06,Japan,Spanish,Russian|Italian|Dutch,free,25-34,Other,Travel,2025-12
HT_010542,2025-09-23,USA,Chinese,German|French|Russian,free,18-24,Other,Business,2025-09
HT_010543,2025-07-24,Canada,Japanese,Dutch,premium,35-44,Other,Hobby,2025-07
HT_010544,2026-03-09,France,French,Korean|Italian|Russian,free,18-24,M,Exam,2026-03
HT_010545,2025-06-23,France,Spanish,English,free,25-34,Other,Immigration,2025-06
HT_010546,2025-12-26,USA,French,Spanish|Russian|Portuguese,free,18-24,M,Travel,2025-12
HT_010547,2025-06-01,Japan,Russian,Japanese|Arabic|German,free,25-34,Other,Hobby,2025-06
HT_010548,2025-12-27,Mexico,Chinese,French,free,25-34,M,Travel,2025-12
HT_010549,2025-04-25,UK,Korean,German,free,18-24,F,Business,2025-04
HT_010550,2025-04-23,Mexico,Italian,Dutch|Arabic|Portuguese,free,25-34,F,Travel,2025-04
HT_010551,2026-02-28,France,Portuguese,Russian|Japanese|Arabic,free,25-34,Other,Immigration,2026-02
HT_010552,2025-06-23,Japan,Spanish,French,free,25-34,F,Business,2025-06
HT_010553,2025-04-15,USA,Dutch,Russian|French,free,35-44,M,Travel,2025-04
HT_010554,2026-04-06,Spain,Italian,German|Korean|Portuguese,free,25-34,Other,Immigration,2026-04
HT_010555,2025-08-21,Australia,English,Spanish,free,25-34,F,Exam,2025-08
HT_010556,2025-09-14,China,Italian,Japanese,free,25-34,Other,Immigration,2025-09
HT_010557,2026-01-01,Brazil,Arabic,Italian|Japanese,premium,35-44,F,Exam,2026-01
HT_010558,2026-04-04,Germany,Dutch,Russian,free,25-34,F,Exam,2026-04
HT_010559,2025-09-13,France,German,Chinese|Japanese|English,free,35-44,M,Business,2025-09
HT_010560,2025-06-14,Canada,Korean,Japanese|Russian|Chinese,free,25-34,Other,Business,2025-06
HT_010561,2025-04-18,South Korea,Japanese,Italian|Dutch|English,free,18-24,M,Immigration,2025-04
HT_010562,2026-03-20,USA,Japanese,English|Chinese,free,18-24,M,Hobby,2026-03
HT_010563,2026-04-04,Mexico,Portuguese,Dutch,free,25-34,Other,Exam,2026-04
HT_010564,2026-01-29,Mexico,Portuguese,German,free,35-44,F,Exam,2026-01
HT_010565,2026-02-02,USA,German,Portuguese|French,free,18-24,M,Exam,2026-02
HT_010566,2025-09-13,Canada,Korean,Japanese|Italian|German,free,35-44,Other,Business,2025-09
HT_010567,2026-01-17,Germany,Dutch,Italian|Korean,free,25-34,F,Exam,2026-01
HT_010568,2026-01-10,USA,Chinese,Arabic,premium,35-44,Other,Travel,2026-01
HT_010569,2026-02-27,China,French,Korean|Japanese|Arabic,free,25-34,M,Business,2026-02
HT_010570,2025-08-01,Mexico,English,Portuguese|Dutch|Chinese,premium,25-34,F,Business,2025-08
HT_010571,2025-05-31,Spain,Spanish,French|Korean,free,18-24,M,Exam,2025-05
HT_010572,2026-03-30,Brazil,Portuguese,English|Chinese,free,25-34,Other,Travel,2026-03
HT_010573,2026-03-16,Germany,Spanish,Portuguese|Korean,free,18-24,M,Exam,2026-03
HT_010574,2025-05-26,Japan,Italian,Korean|French,free,18-24,Other,Travel,2025-05
HT_010575,2025-08-09,Spain,German,Russian|Chinese,free,45+,Other,Business,2025-08
HT_010576,2026-01-01,China,Russian,Korean,free,35-44,Other,Hobby,2026-01
HT_010577,2026-02-17,Australia,Japanese,Chinese|Dutch|Korean,free,25-34,F,Travel,2026-02
HT_010578,2025-06-02,Brazil,Dutch,Japanese|Russian|Portuguese,free,25-34,F,Exam,2025-06
HT_010579,2025-04-13,Canada,Portuguese,Japanese|Dutch,free,18-24,M,Immigration,2025-04
HT_010580,2026-02-28,Germany,Korean,Arabic|English|French,free,25-34,Other,Travel,2026-02
HT_010581,2026-01-18,Mexico,Portuguese,English|Dutch,free,18-24,F,Hobby,2026-01
HT_010582,2025-11-23,South Korea,Japanese,German|Italian|Dutch,free,25-34,M,Business,2025-11
HT_010583,2025-06-03,China,Russian,German|Spanish,free,25-34,F,Travel,2025-06
HT_010584,2025-12-08,Mexico,Portuguese,Japanese|Arabic,free,25-34,F,Business,2025-12
HT_010585,2025-09-12,Spain,Chinese,Italian,free,35-44,F,Business,2025-09
HT_010586,2025-09-24,Mexico,Japanese,Spanish|Arabic|Portuguese,free,35-44,M,Travel,2025-09
HT_010587,2026-02-13,Brazil,Italian,French|Arabic|Japanese,free,25-34,Other,Hobby,2026-02
HT_010588,2025-09-10,China,Spanish,French|Italian,free,25-34,F,Travel,2025-09
HT_010589,2025-12-28,Japan,French,Spanish|Chinese,premium,25-34,Other,Exam,2025-12
HT_010590,2025-12-11,China,Japanese,Spanish|Arabic,free,18-24,Other,Exam,2025-12
HT_010591,2025-08-15,Canada,Korean,Dutch,free,18-24,F,Hobby,2025-08
HT_010592,2025-12-30,Canada,Chinese,English|Arabic,free,18-24,F,Travel,2025-12
HT_010593,2025-12-16,Mexico,Spanish,Chinese|Dutch|French,premium,25-34,Other,Business,2025-12
HT_010594,2025-05-08,France,Korean,Dutch|Chinese,free,18-24,Other,Hobby,2025-05
HT_010595,2025-12-18,Australia,Japanese,German,free,25-34,Other,Travel,2025-12
HT_010596,2026-03-22,Canada,Dutch,English,premium,18-24,M,Travel,2026-03
HT_010597,2025-12-20,France,English,Italian,free,18-24,F,Hobby,2025-12
HT_010598,2025-08-02,Brazil,Russian,Arabic|English,premium,18-24,Other,Immigration,2025-08
HT_010599,2025-05-10,China,Korean,Dutch,free,25-34,M,Hobby,2025-05
HT_010600,2025-09-02,China,Russian,French|Dutch,free,25-34,M,Hobby,2025-09
HT_010601,2026-02-14,China,French,Russian,free,25-34,F,Exam,2026-02
HT_010602,2025-07-12,Australia,Russian,Chinese|Japanese,free,25-34,F,Hobby,2025-07
HT_010603,2026-02-04,China,Chinese,Dutch|Arabic,free,25-34,Other,Business,2026-02
HT_010604,2025-10-21,China,French,Spanish|Korean,free,25-34,M,Immigration,2025-10
HT_010605,2026-02-25,Germany,French,Portuguese|Chinese|Dutch,free,25-34,M,Immigration,2026-02
HT_010606,2025-10-14,Canada,German,Spanish,free,35-44,F,Travel,2025-10
HT_010607,2025-05-16,South Korea,Dutch,Chinese,premium,25-34,F,Immigration,2025-05
HT_010608,2025-12-02,South Korea,English,French|Russian|Korean,free,25-34,M,Business,2025-12
HT_010609,2025-05-12,South Korea,Korean,German|French,free,35-44,M,Immigration,2025-05
HT_010610,2026-02-10,UK,Dutch,Italian|German,free,35-44,F,Exam,2026-02
HT_010611,2025-08-27,South Korea,Italian,Portuguese|English|Russian,free,18-24,Other,Immigration,2025-08
HT_010612,2026-04-10,Japan,German,Italian|Portuguese,free,45+,Other,Exam,2026-04
HT_010613,2025-05-27,Japan,Korean,Chinese,free,25-34,F,Hobby,2025-05
HT_010614,2025-06-21,Mexico,English,Korean|Arabic,premium,25-34,M,Business,2025-06
HT_010615,2025-08-08,Mexico,Portuguese,Japanese|Dutch|English,free,25-34,M,Immigration,2025-08
HT_010616,2026-02-08,Germany,Spanish,Portuguese,free,25-34,F,Exam,2026-02
HT_010617,2025-06-25,South Korea,Russian,English|Portuguese|Italian,free,25-34,F,Business,2025-06
HT_010618,2026-03-21,Brazil,Korean,Dutch|French|Russian,free,45+,F,Hobby,2026-03
HT_010619,2025-11-02,Mexico,Italian,Arabic|Russian,free,45+,F,Immigration,2025-11
HT_010620,2025-09-22,UK,French,Russian,free,45+,Other,Exam,2025-09
HT_010621,2026-01-09,Germany,Portuguese,Russian,free,18-24,M,Hobby,2026-01
HT_010622,2025-11-03,Japan,Spanish,Korean|Arabic,free,18-24,M,Hobby,2025-11
HT_010623,2025-11-28,France,Portuguese,Chinese|Arabic|German,premium,35-44,F,Hobby,2025-11
HT_010624,2026-02-02,Canada,Portuguese,Dutch,free,18-24,Other,Hobby,2026-02
HT_010625,2025-11-08,Canada,Chinese,German,free,25-34,F,Travel,2025-11
HT_010626,2026-04-08,Spain,German,Korean|Portuguese,premium,25-34,Other,Business,2026-04
HT_010627,2026-01-16,Japan,Spanish,Korean|Russian,free,25-34,F,Hobby,2026-01
HT_010628,2025-06-29,Spain,Portuguese,German|Russian,free,45+,M,Business,2025-06
HT_010629,2025-10-30,USA,Chinese,English|Russian|Japanese,free,18-24,Other,Hobby,2025-10
HT_010630,2025-09-05,Australia,Japanese,Russian|French,free,18-24,F,Travel,2025-09
HT_010631,2025-12-11,Mexico,Japanese,German|Chinese,free,18-24,M,Business,2025-12
HT_010632,2025-05-07,Germany,Arabic,Dutch|Italian|French,free,25-34,F,Business,2025-05
HT_010633,2026-01-13,Germany,Korean,Japanese|Spanish,free,25-34,F,Immigration,2026-01
HT_010634,2025-07-10,France,German,French|Japanese|Korean,free,45+,F,Hobby,2025-07
HT_010635,2025-05-28,Australia,Dutch,Chinese,free,25-34,M,Exam,2025-05
HT_010636,2025-08-06,UK,Russian,Portuguese|Korean|Chinese,free,18-24,Other,Hobby,2025-08
HT_010637,2026-02-20,Canada,Arabic,Spanish|Italian|Chinese,free,25-34,Other,Business,2026-02
HT_010638,2025-04-25,Spain,Italian,English|Dutch,free,35-44,F,Travel,2025-04
HT_010639,2025-12-05,Canada,English,Russian|Dutch|Chinese,premium,25-34,Other,Business,2025-12
HT_010640,2025-12-28,UK,Portuguese,Korean,free,35-44,F,Business,2025-12
HT_010641,2026-03-26,South Korea,Korean,Dutch|Russian|Spanish,free,35-44,F,Exam,2026-03
HT_010642,2025-12-07,Mexico,Japanese,Korean,free,25-34,M,Exam,2025-12
HT_010643,2025-06-25,UK,Korean,Italian|Arabic|English,free,18-24,M,Travel,2025-06
HT_010644,2025-07-22,Australia,Portuguese,Korean,free,25-34,M,Travel,2025-07
HT_010645,2025-11-03,Australia,Dutch,French|German,free,18-24,Other,Immigration,2025-11
HT_010646,2025-08-15,Australia,Dutch,Chinese|English|Arabic,free,25-34,M,Immigration,2025-08
HT_010647,2025-11-28,Spain,Italian,Portuguese,free,25-34,F,Travel,2025-11
HT_010648,2026-02-05,UK,French,Chinese|Spanish|Arabic,premium,45+,M,Immigration,2026-02
HT_010649,2025-07-12,Japan,Arabic,French,free,25-34,M,Immigration,2025-07
HT_010650,2025-06-01,France,Portuguese,Spanish|Russian|Dutch,premium,35-44,F,Business,2025-06
HT_010651,2025-06-24,France,Dutch,German,free,45+,M,Exam,2025-06
HT_010652,2025-08-25,Spain,Russian,Chinese,free,18-24,Other,Immigration,2025-08
HT_010653,2025-06-21,South Korea,Korean,Spanish|Russian,free,18-24,F,Exam,2025-06
HT_010654,2025-09-25,Spain,German,Japanese,free,18-24,M,Exam,2025-09
HT_010655,2025-06-03,South Korea,Russian,English|Japanese,free,25-34,F,Exam,2025-06
HT_010656,2025-09-15,China,German,Arabic,free,25-34,Other,Business,2025-09
HT_010657,2026-03-02,UK,Italian,French|Japanese|Russian,free,25-34,F,Immigration,2026-03
HT_010658,2025-04-29,South Korea,German,Italian|Arabic,free,25-34,Other,Travel,2025-04
HT_010659,2026-02-03,Japan,English,Portuguese,free,25-34,F,Exam,2026-02
HT_010660,2025-07-21,South Korea,English,Dutch|Italian,free,18-24,F,Hobby,2025-07
HT_010661,2025-08-16,Spain,Spanish,French|Italian|Korean,free,18-24,M,Travel,2025-08
HT_010662,2026-03-19,Mexico,German,Korean,free,45+,M,Business,2026-03
HT_010663,2025-05-19,Mexico,Arabic,Russian|German,free,25-34,Other,Exam,2025-05
HT_010664,2026-03-30,Germany,Korean,Chinese,free,18-24,M,Travel,2026-03
HT_010665,2025-09-05,China,Italian,Chinese|Korean|English,free,25-34,Other,Travel,2025-09
HT_010666,2025-12-08,South Korea,French,Portuguese|Japanese,free,35-44,F,Immigration,2025-12
HT_010667,2025-11-12,UK,Korean,Arabic,free,35-44,M,Business,2025-11
HT_010668,2025-04-13,South Korea,Italian,Spanish|Dutch|English,free,18-24,M,Travel,2025-04
HT_010669,2025-05-08,Brazil,Spanish,French|Italian|German,free,18-24,F,Business,2025-05
HT_010670,2025-06-24,Germany,Spanish,Korean|French|Japanese,free,25-34,Other,Hobby,2025-06
HT_010671,2026-01-12,USA,Japanese,Dutch|English|Portuguese,free,18-24,Other,Business,2026-01
HT_010672,2025-07-20,Spain,English,Russian,free,45+,M,Business,2025-07
HT_010673,2025-07-02,Brazil,Portuguese,Russian|Japanese|Korean,free,25-34,Other,Travel,2025-07
HT_010674,2025-10-19,Brazil,Portuguese,Italian|Korean|English,free,18-24,F,Travel,2025-10
HT_010675,2025-11-13,USA,Arabic,French,free,18-24,Other,Immigration,2025-11
HT_010676,2025-11-07,UK,English,Italian,premium,35-44,F,Travel,2025-11
HT_010677,2025-08-15,France,German,French,premium,18-24,F,Immigration,2025-08
HT_010678,2026-02-25,Mexico,English,Russian,premium,18-24,F,Exam,2026-02
HT_010679,2025-10-18,Germany,Portuguese,German|Korean|Italian,free,45+,F,Immigration,2025-10
HT_010680,2025-07-21,UK,Portuguese,German|Dutch|Korean,free,35-44,F,Travel,2025-07
HT_010681,2025-10-27,Australia,Chinese,Spanish|English,free,18-24,M,Immigration,2025-10
HT_010682,2025-11-07,USA,Italian,Japanese,premium,18-24,F,Business,2025-11
HT_010683,2025-09-04,Australia,Spanish,Dutch|Russian|Korean,free,35-44,F,Immigration,2025-09
HT_010684,2025-10-25,Spain,German,Russian|Dutch,free,35-44,F,Immigration,2025-10
HT_010685,2025-10-09,China,Dutch,Chinese|Italian,premium,25-34,F,Immigration,2025-10
HT_010686,2025-06-13,Spain,Spanish,Russian,free,45+,F,Hobby,2025-06
HT_010687,2026-01-21,Spain,French,Chinese|Russian|Korean,free,35-44,M,Hobby,2026-01
HT_010688,2026-01-12,Canada,Portuguese,Arabic|Spanish,free,25-34,M,Travel,2026-01
HT_010689,2025-07-30,Brazil,Italian,Japanese,free,45+,M,Hobby,2025-07
HT_010690,2025-05-15,Japan,French,Italian|Japanese,free,18-24,M,Hobby,2025-05
HT_010691,2025-11-27,Australia,Spanish,Dutch|Arabic|French,free,35-44,F,Hobby,2025-11
HT_010692,2025-08-13,South Korea,English,Italian|Russian|Korean,free,45+,M,Hobby,2025-08
HT_010693,2025-07-01,South Korea,Japanese,Italian|Arabic|Chinese,free,18-24,Other,Immigration,2025-07
HT_010694,2025-08-25,Japan,German,Dutch|English,free,25-34,Other,Exam,2025-08
HT_010695,2026-01-22,USA,Korean,Japanese|Spanish|English,premium,18-24,F,Exam,2026-01
HT_010696,2026-03-01,Brazil,Dutch,English,free,25-34,M,Exam,2026-03
HT_010697,2025-11-30,Spain,Arabic,French,free,25-34,Other,Business,2025-11
HT_010698,2025-07-28,South Korea,Arabic,Italian|German|Korean,free,25-34,Other,Business,2025-07
HT_010699,2025-05-12,Brazil,Korean,Chinese|German,free,35-44,M,Hobby,2025-05
HT_010700,2025-08-20,USA,French,Chinese|Spanish,free,18-24,M,Exam,2025-08
HT_010701,2026-01-22,Mexico,Japanese,Dutch|French|English,free,25-34,F,Hobby,2026-01
HT_010702,2025-09-06,Mexico,Dutch,Korean|Spanish,free,25-34,F,Hobby,2025-09
HT_010703,2026-03-01,Australia,Japanese,English|Italian,free,45+,M,Immigration,2026-03
HT_010704,2025-11-01,Australia,Italian,Russian,free,35-44,Other,Business,2025-11
HT_010705,2025-08-02,Japan,Russian,German|Chinese|Arabic,free,18-24,M,Exam,2025-08
HT_010706,2025-12-14,Canada,Japanese,French|Korean|Italian,free,18-24,F,Immigration,2025-12
HT_010707,2026-02-25,Germany,Chinese,Spanish|Portuguese|Korean,free,18-24,Other,Travel,2026-02
HT_010708,2026-04-01,USA,German,Russian,free,35-44,F,Immigration,2026-04
HT_010709,2025-11-23,Spain,German,Chinese,premium,35-44,F,Hobby,2025-11
HT_010710,2025-05-09,China,English,Russian|Korean|Spanish,free,35-44,M,Immigration,2025-05
HT_010711,2025-11-20,USA,Arabic,Italian|English|Chinese,free,45+,Other,Immigration,2025-11
HT_010712,2025-07-25,Mexico,Italian,Russian|Dutch,free,25-34,F,Business,2025-07
HT_010713,2025-06-09,Australia,Korean,Spanish|English,free,25-34,F,Hobby,2025-06
HT_010714,2025-10-31,Japan,Korean,Arabic|Italian,free,18-24,Other,Travel,2025-10
HT_010715,2025-06-16,Brazil,Arabic,English|French,premium,25-34,F,Exam,2025-06
HT_010716,2026-03-08,Brazil,French,Portuguese|Korean,premium,18-24,F,Hobby,2026-03
HT_010717,2025-06-16,UK,Dutch,Russian|Spanish|Arabic,free,25-34,M,Business,2025-06
HT_010718,2025-06-12,USA,Russian,Dutch,free,35-44,Other,Exam,2025-06
HT_010719,2025-08-06,Germany,Arabic,Italian|Portuguese|Japanese,free,25-34,Other,Hobby,2025-08
HT_010720,2025-09-21,Japan,Portuguese,Korean,free,35-44,M,Immigration,2025-09
HT_010721,2026-03-14,UK,Italian,Korean|German|French,free,25-34,F,Business,2026-03
HT_010722,2026-03-15,Canada,German,Portuguese|Japanese,free,25-34,F,Travel,2026-03
HT_010723,2025-04-23,UK,Italian,English|Spanish|Korean,free,45+,Other,Immigration,2025-04
HT_010724,2025-12-01,Germany,Italian,French|Japanese,free,18-24,M,Travel,2025-12
HT_010725,2026-03-21,Canada,Dutch,Russian|Portuguese|French,premium,18-24,Other,Hobby,2026-03
HT_010726,2025-10-30,USA,German,Arabic|Spanish|Italian,free,25-34,F,Exam,2025-10
HT_010727,2025-08-07,China,Japanese,Italian|Arabic,free,25-34,F,Travel,2025-08
HT_010728,2025-08-09,China,Dutch,Russian,free,25-34,Other,Business,2025-08
HT_010729,2025-06-08,USA,Japanese,Italian,free,25-34,Other,Travel,2025-06
HT_010730,2025-08-16,France,Italian,German|Portuguese|Japanese,free,35-44,F,Travel,2025-08
HT_010731,2025-09-06,Japan,Spanish,Chinese|Korean,premium,35-44,F,Exam,2025-09
HT_010732,2025-09-30,UK,Japanese,Korean,free,18-24,Other,Travel,2025-09
HT_010733,2026-03-17,Spain,Arabic,Spanish,free,35-44,F,Immigration,2026-03
HT_010734,2025-07-31,South Korea,Portuguese,Japanese,free,25-34,Other,Business,2025-07
HT_010735,2026-01-02,USA,English,Spanish|Portuguese|Russian,premium,18-24,F,Immigration,2026-01
HT_010736,2025-07-22,France,French,Russian|Dutch|Portuguese,free,35-44,F,Business,2025-07
HT_010737,2026-03-04,Germany,Korean,English|German,free,18-24,F,Business,2026-03
HT_010738,2025-06-25,South Korea,Korean,Spanish|Dutch|Italian,free,25-34,F,Exam,2025-06
HT_010739,2025-05-09,Spain,Italian,Arabic|Korean|English,free,25-34,F,Travel,2025-05
HT_010740,2025-05-23,China,Dutch,Spanish|English,free,45+,M,Business,2025-05
HT_010741,2025-11-03,Brazil,Chinese,Arabic,free,18-24,F,Hobby,2025-11
HT_010742,2026-01-01,France,Portuguese,German|Arabic,free,25-34,M,Hobby,2026-01
HT_010743,2025-05-10,South Korea,Italian,German,free,18-24,M,Immigration,2025-05
HT_010744,2025-10-05,Spain,French,Japanese|Russian,free,35-44,F,Travel,2025-10
HT_010745,2026-04-04,USA,Russian,Japanese,free,35-44,F,Hobby,2026-04
HT_010746,2026-02-04,Japan,Russian,Spanish,free,35-44,M,Exam,2026-02
HT_010747,2026-02-08,Brazil,Dutch,Korean|English,premium,35-44,F,Business,2026-02
HT_010748,2025-09-10,Japan,Arabic,German|English,free,18-24,F,Business,2025-09
HT_010749,2025-09-25,China,Chinese,Portuguese|Dutch|German,free,25-34,Other,Business,2025-09
HT_010750,2025-10-06,USA,Spanish,Chinese|English,free,45+,Other,Travel,2025-10
HT_010751,2025-12-17,Japan,English,French,free,18-24,M,Exam,2025-12
HT_010752,2025-12-22,UK,Korean,German|Dutch,free,18-24,M,Hobby,2025-12
HT_010753,2025-04-16,France,English,German|Japanese,free,35-44,M,Exam,2025-04
HT_010754,2025-12-12,Germany,Spanish,Portuguese,free,18-24,F,Hobby,2025-12
HT_010755,2025-04-21,Canada,Korean,English|Russian,premium,25-34,M,Business,2025-04
HT_010756,2025-09-04,France,Arabic,Dutch|Japanese|Chinese,free,25-34,Other,Hobby,2025-09
HT_010757,2025-09-28,Spain,German,Russian,free,25-34,M,Business,2025-09
HT_010758,2025-06-20,France,German,Italian,free,18-24,M,Exam,2025-06
HT_010759,2026-01-17,Japan,Korean,Chinese|Russian|Spanish,free,25-34,Other,Hobby,2026-01
HT_010760,2025-06-14,USA,French,Dutch|Chinese|German,free,35-44,M,Exam,2025-06
HT_010761,2025-06-12,Germany,Russian,Dutch|Korean,free,25-34,F,Business,2025-06
HT_010762,2025-07-13,France,Portuguese,Dutch|French|Korean,premium,25-34,M,Travel,2025-07
HT_010763,2025-10-22,USA,Italian,French,free,18-24,M,Exam,2025-10
HT_010764,2026-03-10,Australia,Japanese,Spanish|Russian,free,18-24,F,Immigration,2026-03
HT_010765,2025-11-20,UK,English,German|Russian,free,35-44,F,Hobby,2025-11
HT_010766,2026-01-23,USA,Dutch,Portuguese|English,free,18-24,F,Business,2026-01
HT_010767,2025-05-12,Germany,Dutch,Chinese,free,25-34,F,Business,2025-05
HT_010768,2025-07-28,Canada,Spanish,English,free,25-34,F,Exam,2025-07
HT_010769,2025-07-19,Mexico,Portuguese,Chinese,free,25-34,F,Business,2025-07
HT_010770,2025-10-24,Germany,German,Korean|Japanese|Italian,premium,25-34,Other,Business,2025-10
HT_010771,2025-08-20,Brazil,Japanese,Korean|Dutch|German,free,25-34,M,Hobby,2025-08
HT_010772,2025-06-25,UK,Italian,Korean|Japanese,free,45+,M,Business,2025-06
HT_010773,2026-04-12,South Korea,Chinese,Dutch|Arabic,free,18-24,M,Travel,2026-04
HT_010774,2025-11-09,Mexico,English,Chinese,premium,35-44,Other,Hobby,2025-11
HT_010775,2026-01-18,China,Chinese,German,free,18-24,Other,Travel,2026-01
HT_010776,2025-04-16,Germany,Japanese,Dutch|Chinese|Arabic,free,18-24,Other,Hobby,2025-04
HT_010777,2025-07-18,South Korea,Portuguese,Italian,free,25-34,F,Business,2025-07
HT_010778,2025-08-27,France,Arabic,Chinese|French,premium,35-44,F,Immigration,2025-08
HT_010779,2025-10-05,Brazil,Korean,English|Russian,free,25-34,M,Immigration,2025-10
HT_010780,2025-04-16,Canada,Spanish,Arabic,premium,18-24,M,Exam,2025-04
HT_010781,2026-02-09,South Korea,Spanish,Italian|German|Arabic,free,18-24,M,Immigration,2026-02
HT_010782,2025-04-17,Japan,Chinese,Spanish|English,free,45+,M,Business,2025-04
HT_010783,2025-08-13,Japan,Italian,English,free,25-34,M,Immigration,2025-08
HT_010784,2025-04-17,Brazil,Russian,Korean|Dutch|Arabic,free,25-34,M,Immigration,2025-04
HT_010785,2025-05-18,Mexico,Chinese,Dutch|French|Italian,free,25-34,Other,Exam,2025-05
HT_010786,2025-09-03,Mexico,Arabic,Chinese|French,free,25-34,M,Hobby,2025-09
HT_010787,2025-12-07,China,Dutch,German|Japanese|Chinese,free,35-44,F,Immigration,2025-12
HT_010788,2025-12-13,Germany,Japanese,Chinese|Arabic|Korean,premium,25-34,F,Hobby,2025-12
HT_010789,2025-11-09,Australia,French,Chinese|Korean,free,18-24,F,Immigration,2025-11
HT_010790,2025-09-06,Australia,Japanese,English,free,25-34,M,Travel,2025-09
HT_010791,2026-03-02,Japan,Japanese,Korean,premium,35-44,M,Hobby,2026-03
HT_010792,2025-10-31,Canada,Korean,Dutch|Spanish|French,premium,25-34,Other,Travel,2025-10
HT_010793,2025-07-18,Canada,Arabic,Russian|Korean|French,free,18-24,M,Hobby,2025-07
HT_010794,2025-08-26,Brazil,Chinese,Japanese|Korean,premium,25-34,M,Travel,2025-08
HT_010795,2026-01-08,Australia,Japanese,German|Dutch,free,18-24,M,Travel,2026-01
HT_010796,2026-03-07,Canada,Chinese,Arabic,free,18-24,M,Hobby,2026-03
HT_010797,2025-12-12,Spain,Arabic,Japanese|Korean|Italian,free,18-24,M,Travel,2025-12
HT_010798,2025-11-15,Australia,German,French,free,18-24,Other,Business,2025-11
HT_010799,2025-06-09,Canada,French,Chinese,free,45+,F,Travel,2025-06
HT_010800,2025-06-13,USA,Korean,French|Spanish,free,25-34,M,Business,2025-06
HT_010801,2025-06-26,Spain,Chinese,Italian,free,25-34,F,Exam,2025-06
HT_010802,2025-05-08,Australia,English,Japanese|Chinese|Dutch,free,18-24,Other,Hobby,2025-05
HT_010803,2026-03-30,USA,Dutch,English|Portuguese|Korean,premium,18-24,Other,Immigration,2026-03
HT_010804,2025-09-02,South Korea,Portuguese,Chinese|Spanish,free,35-44,F,Immigration,2025-09
HT_010805,2025-04-13,Mexico,Spanish,Korean,free,18-24,F,Travel,2025-04
HT_010806,2025-09-22,Japan,Italian,Arabic|English|Russian,free,25-34,Other,Immigration,2025-09
HT_010807,2025-05-28,UK,French,Chinese|Italian|Russian,premium,25-34,Other,Hobby,2025-05
HT_010808,2026-03-24,Germany,Dutch,Portuguese|Italian,free,18-24,F,Hobby,2026-03
HT_010809,2025-05-16,Spain,French,Russian,free,25-34,Other,Travel,2025-05
HT_010810,2025-10-15,Spain,Dutch,Russian|Japanese|Italian,free,25-34,F,Travel,2025-10
HT_010811,2025-06-01,Canada,Korean,Russian|Arabic|Italian,free,35-44,Other,Hobby,2025-06
HT_010812,2025-12-12,UK,Russian,Portuguese|Dutch|Italian,free,18-24,M,Travel,2025-12
HT_010813,2025-07-06,Mexico,Portuguese,Spanish|German,free,18-24,M,Business,2025-07
HT_010814,2025-08-29,Australia,Russian,Dutch|Portuguese,free,25-34,F,Travel,2025-08
HT_010815,2026-03-07,Canada,Chinese,English,free,18-24,Other,Exam,2026-03
HT_010816,2025-07-21,France,Chinese,Spanish|German|Portuguese,premium,25-34,F,Business,2025-07
HT_010817,2025-12-29,Brazil,Dutch,French|Korean,free,18-24,Other,Immigration,2025-12
HT_010818,2026-01-29,France,Dutch,French|Portuguese,free,25-34,F,Business,2026-01
HT_010819,2026-01-12,USA,Arabic,Dutch,free,18-24,M,Immigration,2026-01
HT_010820,2026-03-13,Brazil,Japanese,Korean|Dutch,free,25-34,M,Travel,2026-03
HT_010821,2026-02-13,Spain,Korean,Dutch|Spanish|Italian,free,25-34,M,Exam,2026-02
HT_010822,2026-04-03,Germany,Russian,Italian|Japanese,premium,18-24,Other,Hobby,2026-04
HT_010823,2025-09-28,Mexico,Chinese,Russian,free,18-24,M,Immigration,2025-09
HT_010824,2025-05-25,France,Spanish,French|Portuguese,free,25-34,M,Travel,2025-05
HT_010825,2025-09-19,USA,Dutch,Spanish|Arabic,free,25-34,M,Exam,2025-09
HT_010826,2025-06-22,Spain,Arabic,Japanese,free,25-34,F,Exam,2025-06
HT_010827,2026-02-24,France,German,French|Russian|Portuguese,free,18-24,Other,Hobby,2026-02
HT_010828,2025-08-28,Mexico,Arabic,French|Dutch,free,18-24,M,Travel,2025-08
HT_010829,2025-07-28,Germany,Arabic,Portuguese|French|Chinese,free,18-24,M,Business,2025-07
HT_010830,2026-03-06,Canada,Arabic,French|Chinese,free,25-34,M,Exam,2026-03
HT_010831,2025-06-17,South Korea,Chinese,Russian,free,25-34,F,Hobby,2025-06
HT_010832,2025-11-01,Spain,French,German,free,18-24,Other,Hobby,2025-11
HT_010833,2026-03-17,Canada,Arabic,Japanese|Italian|Chinese,free,25-34,Other,Immigration,2026-03
HT_010834,2025-06-16,China,Spanish,Chinese|Italian,free,25-34,M,Hobby,2025-06
HT_010835,2025-11-05,Brazil,Arabic,Japanese|Russian,free,35-44,F,Immigration,2025-11
HT_010836,2025-11-30,France,Dutch,Arabic|German,premium,25-34,Other,Immigration,2025-11
HT_010837,2025-10-06,Canada,German,Dutch|Spanish,free,35-44,Other,Exam,2025-10
HT_010838,2025-06-14,China,Korean,Portuguese|Japanese,free,18-24,F,Hobby,2025-06
HT_010839,2025-12-05,Spain,English,Italian|Portuguese,free,25-34,Other,Hobby,2025-12
HT_010840,2025-11-18,Australia,German,Italian,premium,18-24,Other,Travel,2025-11
HT_010841,2025-06-19,UK,Chinese,Japanese|Italian|Dutch,free,25-34,Other,Immigration,2025-06
HT_010842,2026-01-23,France,German,Chinese|Arabic,free,18-24,M,Travel,2026-01
HT_010843,2025-05-30,Germany,Portuguese,Italian,free,35-44,Other,Travel,2025-05
HT_010844,2025-07-22,Mexico,Portuguese,English|Russian|Arabic,free,18-24,Other,Hobby,2025-07
HT_010845,2025-12-12,Australia,Arabic,Russian|Japanese|German,free,35-44,M,Business,2025-12
HT_010846,2026-03-03,UK,French,German|Korean,free,18-24,F,Exam,2026-03
HT_010847,2026-03-12,USA,Italian,Spanish|Portuguese,free,35-44,F,Exam,2026-03
HT_010848,2025-09-23,Germany,German,English|Spanish,free,18-24,M,Exam,2025-09
HT_010849,2025-11-21,Germany,Arabic,Korean|English,free,35-44,Other,Travel,2025-11
HT_010850,2025-06-04,France,Spanish,Japanese,free,35-44,F,Travel,2025-06
HT_010851,2025-04-12,South Korea,Chinese,French,free,35-44,Other,Exam,2025-04
HT_010852,2026-01-12,Germany,Chinese,Arabic|German|Dutch,free,35-44,M,Travel,2026-01
HT_010853,2025-12-04,France,Chinese,Italian|Arabic|Korean,free,25-34,F,Exam,2025-12
HT_010854,2025-08-26,Japan,Korean,Chinese|Russian|Arabic,free,18-24,F,Travel,2025-08
HT_010855,2026-02-26,Spain,Arabic,Russian,free,18-24,M,Hobby,2026-02
HT_010856,2026-03-02,Australia,Italian,Arabic,free,25-34,F,Immigration,2026-03
HT_010857,2025-10-06,USA,Chinese,Italian|Russian,free,18-24,Other,Immigration,2025-10
HT_010858,2025-12-07,Spain,Korean,Arabic|English|Dutch,premium,25-34,Other,Exam,2025-12
HT_010859,2025-12-17,Mexico,Arabic,Italian|French|English,free,25-34,Other,Hobby,2025-12
HT_010860,2025-06-21,France,German,Portuguese|Korean|Spanish,free,18-24,F,Hobby,2025-06
HT_010861,2025-08-06,China,Dutch,Chinese|Spanish|Japanese,free,35-44,F,Travel,2025-08
HT_010862,2025-04-27,France,Korean,German|Arabic,free,45+,Other,Hobby,2025-04
HT_010863,2026-03-16,Canada,Portuguese,English|Arabic,free,25-34,M,Business,2026-03
HT_010864,2025-07-12,USA,Dutch,Italian|Arabic|Chinese,free,35-44,Other,Immigration,2025-07
HT_010865,2025-06-08,Spain,Russian,Italian|Chinese,free,25-34,Other,Business,2025-06
HT_010866,2026-04-09,South Korea,Italian,Arabic,free,25-34,Other,Exam,2026-04
HT_010867,2025-09-28,UK,Korean,Russian|Dutch|German,free,18-24,M,Exam,2025-09
HT_010868,2025-07-26,Germany,Russian,Chinese,free,18-24,F,Exam,2025-07
HT_010869,2025-06-18,Spain,Portuguese,Korean|Chinese|German,free,18-24,M,Exam,2025-06
HT_010870,2025-05-31,Canada,Dutch,Arabic|English|Italian,free,25-34,F,Immigration,2025-05
HT_010871,2026-02-28,China,Dutch,Arabic|Russian,free,35-44,Other,Business,2026-02
HT_010872,2025-05-28,Australia,Japanese,German|French,premium,35-44,Other,Exam,2025-05
HT_010873,2025-06-24,Australia,German,Chinese|Portuguese|English,free,35-44,Other,Immigration,2025-06
HT_010874,2025-11-26,UK,Russian,French|Italian|Chinese,free,25-34,Other,Immigration,2025-11
HT_010875,2025-07-06,Mexico,Japanese,Portuguese|Chinese|Spanish,free,25-34,M,Business,2025-07
HT_010876,2025-08-28,Canada,Spanish,German|Italian,free,35-44,F,Exam,2025-08
HT_010877,2025-06-21,Japan,Arabic,German,premium,45+,Other,Exam,2025-06
HT_010878,2025-10-27,France,German,Chinese,free,35-44,F,Immigration,2025-10
HT_010879,2025-09-10,Brazil,Korean,Portuguese|English,free,18-24,M,Exam,2025-09
HT_010880,2025-05-15,France,Spanish,Portuguese|Chinese,free,18-24,F,Business,2025-05
HT_010881,2025-10-28,USA,Dutch,English,premium,35-44,F,Hobby,2025-10
HT_010882,2026-03-28,Germany,Arabic,English|Portuguese,premium,35-44,M,Hobby,2026-03
HT_010883,2025-12-30,China,English,Spanish|Chinese|Korean,free,18-24,M,Immigration,2025-12
HT_010884,2026-02-04,Canada,Portuguese,Arabic,premium,18-24,M,Travel,2026-02
HT_010885,2025-04-19,France,Korean,Italian,free,25-34,M,Immigration,2025-04
HT_010886,2025-07-15,Japan,Portuguese,Arabic|Dutch|German,free,25-34,F,Exam,2025-07
HT_010887,2026-03-06,Germany,Russian,French,free,18-24,Other,Immigration,2026-03
HT_010888,2025-09-09,Mexico,Korean,Italian|Spanish,free,18-24,Other,Business,2025-09
HT_010889,2026-01-21,China,French,Italian|Arabic|Chinese,free,45+,M,Hobby,2026-01
HT_010890,2025-10-22,Australia,Korean,Arabic|Portuguese,free,18-24,F,Exam,2025-10
HT_010891,2026-01-28,China,English,German,free,18-24,Other,Exam,2026-01
HT_010892,2025-09-12,Brazil,German,Italian|Spanish|Portuguese,free,18-24,Other,Travel,2025-09
HT_010893,2025-11-27,Germany,French,Chinese|Korean,free,18-24,Other,Business,2025-11
HT_010894,2025-05-23,Germany,Japanese,German|English|Russian,free,18-24,F,Hobby,2025-05
HT_010895,2025-09-27,France,French,Italian|German,free,25-34,M,Travel,2025-09
HT_010896,2025-11-05,France,Japanese,Italian|Portuguese|Korean,free,18-24,M,Immigration,2025-11
HT_010897,2026-01-17,USA,Russian,Korean|Spanish,free,18-24,Other,Exam,2026-01
HT_010898,2026-01-01,UK,Arabic,Portuguese|Dutch,free,45+,M,Exam,2026-01
HT_010899,2026-02-20,Canada,Korean,Russian|Arabic,free,25-34,M,Business,2026-02
HT_010900,2025-11-10,China,Italian,Portuguese,free,25-34,F,Hobby,2025-11
HT_010901,2026-02-02,China,Dutch,German,free,25-34,M,Hobby,2026-02
HT_010902,2026-03-17,South Korea,Korean,English|Spanish|German,premium,35-44,Other,Hobby,2026-03
HT_010903,2025-08-10,USA,Spanish,Korean,free,25-34,M,Hobby,2025-08
HT_010904,2025-12-11,UK,French,Spanish|Japanese,premium,25-34,Other,Hobby,2025-12
HT_010905,2026-04-11,Germany,English,Japanese|Italian,free,25-34,M,Exam,2026-04
HT_010906,2025-05-26,South Korea,Russian,Korean,premium,18-24,Other,Immigration,2025-05
HT_010907,2025-12-08,Japan,Italian,Spanish,premium,18-24,Other,Exam,2025-12
HT_010908,2026-02-17,USA,English,German|Portuguese,free,18-24,Other,Exam,2026-02
HT_010909,2025-08-30,Brazil,English,Korean|Arabic,free,25-34,M,Business,2025-08
HT_010910,2025-11-09,South Korea,Dutch,German|Spanish,free,25-34,Other,Exam,2025-11
HT_010911,2025-11-19,UK,Arabic,Russian|English,free,25-34,Other,Exam,2025-11
HT_010912,2025-07-11,South Korea,Russian,Korean|Spanish,premium,35-44,Other,Immigration,2025-07
HT_010913,2026-02-27,UK,Korean,French|Portuguese|Arabic,free,18-24,M,Immigration,2026-02
HT_010914,2025-06-16,China,Chinese,Dutch,free,25-34,M,Immigration,2025-06
HT_010915,2026-03-13,Canada,Dutch,German,free,25-34,F,Hobby,2026-03
HT_010916,2025-05-02,South Korea,German,Arabic,free,25-34,Other,Travel,2025-05
HT_010917,2025-05-26,Brazil,Arabic,Russian,free,25-34,Other,Hobby,2025-05
HT_010918,2025-12-23,Germany,German,Russian|Chinese,free,25-34,F,Travel,2025-12
HT_010919,2025-09-18,South Korea,Japanese,English|German|Korean,free,18-24,M,Business,2025-09
HT_010920,2025-12-11,UK,Italian,Korean|German|Spanish,premium,25-34,Other,Business,2025-12
HT_010921,2026-01-05,China,French,Italian|English|Russian,premium,35-44,Other,Immigration,2026-01
HT_010922,2025-06-16,Spain,Spanish,Japanese,free,25-34,Other,Travel,2025-06
HT_010923,2025-09-11,USA,French,Portuguese,free,35-44,M,Immigration,2025-09
HT_010924,2025-05-22,South Korea,Spanish,French|Arabic,free,18-24,M,Immigration,2025-05
HT_010925,2026-02-06,USA,Italian,Korean|French|Spanish,free,25-34,Other,Exam,2026-02
HT_010926,2025-06-20,Japan,Spanish,Russian|Korean,free,35-44,Other,Exam,2025-06
HT_010927,2026-01-05,Japan,Dutch,Japanese|German|Italian,free,18-24,Other,Travel,2026-01
HT_010928,2025-09-06,China,German,Chinese|Dutch,free,35-44,F,Immigration,2025-09
HT_010929,2025-09-06,South Korea,English,Spanish,free,35-44,F,Travel,2025-09
HT_010930,2026-03-03,Canada,Chinese,Russian|French,premium,45+,M,Business,2026-03
HT_010931,2025-07-02,France,English,Spanish|Italian|German,free,18-24,F,Hobby,2025-07
HT_010932,2026-01-28,South Korea,Chinese,Korean,free,35-44,F,Immigration,2026-01
HT_010933,2025-08-29,USA,Korean,Japanese|Arabic|Spanish,free,18-24,F,Travel,2025-08
HT_010934,2026-02-11,USA,English,Italian,free,25-34,M,Business,2026-02
HT_010935,2025-08-19,Japan,German,Korean|Dutch|Italian,premium,25-34,Other,Hobby,2025-08
HT_010936,2025-10-11,Mexico,German,Russian|Chinese,free,35-44,F,Hobby,2025-10
HT_010937,2025-11-15,France,Russian,Chinese|Portuguese,free,25-34,Other,Business,2025-11
HT_010938,2026-04-08,China,French,Dutch|Portuguese|German,premium,25-34,F,Exam,2026-04
HT_010939,2025-10-28,Brazil,Chinese,English|Arabic|Dutch,free,25-34,F,Business,2025-10
HT_010940,2025-04-28,South Korea,German,Portuguese|Spanish|Arabic,free,25-34,M,Business,2025-04
HT_010941,2025-09-22,France,English,Portuguese|Italian|Korean,free,18-24,Other,Immigration,2025-09
HT_010942,2025-10-26,UK,Chinese,English,free,18-24,M,Immigration,2025-10
HT_010943,2025-10-15,Germany,Portuguese,Japanese,free,18-24,M,Exam,2025-10
HT_010944,2026-01-03,China,English,Italian,free,25-34,F,Immigration,2026-01
HT_010945,2025-07-04,France,Korean,German,free,18-24,Other,Business,2025-07
HT_010946,2025-07-14,Germany,French,Korean|Spanish|Japanese,free,18-24,F,Travel,2025-07
HT_010947,2025-12-05,Spain,Italian,Spanish,free,25-34,M,Travel,2025-12
HT_010948,2026-02-20,Mexico,Spanish,Russian|Dutch,free,25-34,Other,Exam,2026-02
HT_010949,2026-01-04,Germany,Chinese,Arabic|Russian|English,free,25-34,F,Business,2026-01
HT_010950,2025-06-24,France,English,Dutch,free,18-24,F,Immigration,2025-06
HT_010951,2025-05-28,Germany,Japanese,English|Chinese|French,free,18-24,F,Business,2025-05
HT_010952,2026-03-22,Australia,French,German,free,18-24,M,Exam,2026-03
HT_010953,2025-11-22,France,Italian,Japanese,free,18-24,Other,Hobby,2025-11
HT_010954,2025-10-16,UK,Chinese,Italian|French,free,18-24,Other,Travel,2025-10
HT_010955,2025-10-13,Germany,Japanese,Russian,free,35-44,Other,Travel,2025-10
HT_010956,2025-08-21,Spain,Dutch,Russian|German,free,25-34,F,Business,2025-08
HT_010957,2026-01-09,Canada,Italian,Portuguese|French,premium,18-24,Other,Travel,2026-01
HT_010958,2025-11-06,UK,Italian,Spanish,free,18-24,M,Immigration,2025-11
HT_010959,2025-10-11,Mexico,Arabic,English,premium,25-34,Other,Business,2025-10
HT_010960,2025-09-20,Japan,French,Korean|Russian,free,18-24,M,Hobby,2025-09
HT_010961,2025-10-14,Mexico,German,English|Portuguese,free,25-34,M,Hobby,2025-10
HT_010962,2025-06-25,Australia,Dutch,French,free,18-24,M,Business,2025-06
HT_010963,2026-01-19,Australia,German,Korean|Italian|Chinese,premium,25-34,M,Business,2026-01
HT_010964,2026-03-07,Australia,German,Italian|English|Japanese,free,25-34,M,Exam,2026-03
HT_010965,2025-12-28,Germany,Russian,Spanish|German|Chinese,free,18-24,M,Exam,2025-12
HT_010966,2025-11-27,France,Italian,Portuguese|Chinese,free,25-34,F,Business,2025-11
HT_010967,2026-01-28,UK,German,Korean,free,18-24,M,Exam,2026-01
HT_010968,2026-04-02,France,Portuguese,Japanese|Korean|Russian,free,25-34,Other,Travel,2026-04
HT_010969,2026-04-10,China,French,Portuguese|Arabic|Japanese,free,25-34,M,Hobby,2026-04
HT_010970,2025-10-07,Spain,Chinese,Arabic|Korean,free,25-34,F,Travel,2025-10
HT_010971,2025-04-14,China,Chinese,Arabic,free,35-44,F,Business,2025-04
HT_010972,2026-04-10,USA,Italian,Russian|Arabic,premium,35-44,M,Hobby,2026-04
HT_010973,2026-03-31,Spain,English,Russian|Portuguese,free,18-24,M,Exam,2026-03
HT_010974,2026-01-15,Australia,Italian,German|Spanish,premium,18-24,F,Travel,2026-01
HT_010975,2026-02-01,South Korea,French,English,free,25-34,M,Immigration,2026-02
HT_010976,2025-11-17,China,English,Korean|Arabic|Japanese,free,25-34,M,Hobby,2025-11
HT_010977,2025-06-25,Germany,Italian,Korean|Japanese|English,free,45+,M,Hobby,2025-06
HT_010978,2026-02-28,Mexico,Russian,Korean,free,18-24,M,Hobby,2026-02
HT_010979,2025-07-29,Japan,Italian,German|Spanish|Arabic,free,25-34,F,Hobby,2025-07
HT_010980,2026-02-15,Australia,Japanese,Korean|Russian,free,25-34,F,Hobby,2026-02
HT_010981,2026-03-15,Spain,Arabic,Korean|Russian,premium,25-34,F,Hobby,2026-03
HT_010982,2026-04-11,Japan,Korean,Russian,free,45+,F,Immigration,2026-04
HT_010983,2025-07-01,Australia,Spanish,Japanese|French,free,18-24,Other,Travel,2025-07
HT_010984,2025-11-12,UK,Arabic,Russian|Japanese|Portuguese,free,35-44,Other,Immigration,2025-11
HT_010985,2026-02-03,Canada,Chinese,Russian,free,35-44,F,Immigration,2026-02
HT_010986,2026-02-21,China,Russian,Portuguese,free,25-34,F,Exam,2026-02
HT_010987,2026-03-13,USA,Korean,Chinese,free,18-24,F,Hobby,2026-03
HT_010988,2025-12-15,USA,Russian,English|Italian,premium,25-34,M,Immigration,2025-12
HT_010989,2025-05-13,Japan,English,French|Dutch|Chinese,free,25-34,M,Immigration,2025-05
HT_010990,2025-05-01,USA,Italian,Russian,free,25-34,M,Exam,2025-05
HT_010991,2025-05-06,UK,Chinese,Italian|Korean|Russian,free,25-34,Other,Hobby,2025-05
HT_010992,2025-05-06,Canada,French,Russian|German,free,25-34,M,Business,2025-05
HT_010993,2025-06-16,South Korea,Spanish,Russian,premium,18-24,F,Exam,2025-06
HT_010994,2025-05-14,Japan,Dutch,German|Spanish,free,45+,F,Immigration,2025-05
HT_010995,2025-05-12,USA,French,Arabic|Italian|German,free,25-34,M,Exam,2025-05
HT_010996,2025-05-01,UK,Dutch,Korean,premium,18-24,M,Exam,2025-05
HT_010997,2025-08-04,South Korea,Russian,Japanese|Arabic,free,18-24,F,Immigration,2025-08
HT_010998,2026-01-12,Japan,Chinese,English|Korean,free,18-24,F,Immigration,2026-01
HT_010999,2026-02-17,USA,Spanish,German|Chinese|Russian,free,18-24,F,Immigration,2026-02
HT_011000,2025-09-17,Australia,Portuguese,Italian,free,35-44,F,Immigration,2025-09
HT_011001,2025-10-22,Mexico,Japanese,Portuguese|Spanish,free,25-34,F,Travel,2025-10
HT_011002,2025-04-30,Spain,Portuguese,Spanish,free,18-24,Other,Immigration,2025-04
HT_011003,2026-01-13,Spain,Russian,Japanese|Italian|English,free,35-44,M,Travel,2026-01
HT_011004,2026-03-19,UK,Portuguese,Arabic|Chinese|Spanish,free,35-44,F,Hobby,2026-03
HT_011005,2025-10-09,Germany,German,Dutch|French|Korean,free,25-34,M,Immigration,2025-10
HT_011006,2025-06-04,Spain,Japanese,Portuguese,premium,18-24,M,Immigration,2025-06
HT_011007,2025-07-15,Canada,Chinese,Russian|Arabic|Japanese,premium,25-34,Other,Hobby,2025-07
HT_011008,2025-05-01,Mexico,Italian,Dutch|Arabic,free,35-44,Other,Exam,2025-05
HT_011009,2026-03-28,South Korea,Russian,Korean|English,free,25-34,F,Hobby,2026-03
HT_011010,2026-01-27,Australia,Korean,Chinese|Dutch,free,18-24,M,Travel,2026-01
HT_011011,2025-11-27,Australia,Arabic,Chinese,free,35-44,M,Exam,2025-11
HT_011012,2025-05-06,Australia,Russian,Chinese,free,25-34,F,Hobby,2025-05
HT_011013,2026-03-09,Germany,Dutch,Arabic,free,25-34,M,Immigration,2026-03
HT_011014,2025-10-03,Japan,Dutch,Arabic|Korean|Chinese,free,18-24,F,Immigration,2025-10
HT_011015,2025-11-05,UK,Italian,German,free,25-34,Other,Business,2025-11
HT_011016,2026-02-25,USA,Dutch,Italian|French|Korean,free,35-44,F,Exam,2026-02
HT_011017,2025-09-12,Australia,German,Arabic|Korean,free,35-44,F,Travel,2025-09
HT_011018,2025-10-02,Japan,German,Spanish|French|Portuguese,free,25-34,M,Travel,2025-10
HT_011019,2026-01-23,Germany,Korean,Chinese,free,25-34,F,Travel,2026-01
HT_011020,2025-06-20,Australia,Spanish,Arabic|Dutch|Russian,free,25-34,F,Exam,2025-06
HT_011021,2026-03-18,USA,English,Spanish,premium,25-34,M,Business,2026-03
HT_011022,2025-12-25,USA,Portuguese,Chinese,free,25-34,F,Immigration,2025-12
HT_011023,2026-01-08,Germany,Chinese,Dutch,premium,25-34,Other,Travel,2026-01
HT_011024,2026-02-15,USA,Arabic,English,free,18-24,F,Business,2026-02
HT_011025,2025-09-03,Japan,German,French|Dutch|Japanese,free,18-24,F,Hobby,2025-09
HT_011026,2025-11-12,France,English,Arabic|Spanish,premium,25-34,Other,Hobby,2025-11
HT_011027,2026-01-16,South Korea,Chinese,English|Russian|Portuguese,premium,45+,F,Exam,2026-01
HT_011028,2025-10-16,USA,Korean,Dutch,free,18-24,Other,Business,2025-10
HT_011029,2025-11-11,South Korea,Italian,Russian|Chinese|Dutch,free,35-44,F,Travel,2025-11
HT_011030,2025-05-26,South Korea,Italian,German,free,18-24,M,Immigration,2025-05
HT_011031,2026-04-10,USA,Portuguese,Japanese,free,18-24,M,Travel,2026-04
HT_011032,2025-04-29,USA,Spanish,French|Portuguese|English,premium,25-34,F,Exam,2025-04
HT_011033,2025-11-11,UK,Korean,Arabic|French,free,18-24,F,Business,2025-11
HT_011034,2026-02-23,Australia,English,Arabic|Spanish,free,45+,F,Hobby,2026-02
HT_011035,2025-08-17,UK,French,Spanish|Dutch|Italian,free,18-24,F,Business,2025-08
HT_011036,2026-02-06,USA,English,Russian|German,free,18-24,Other,Travel,2026-02
HT_011037,2025-04-21,France,Dutch,Portuguese|Korean|English,free,18-24,Other,Travel,2025-04
HT_011038,2025-09-05,USA,Chinese,Dutch|Russian,free,18-24,Other,Hobby,2025-09
HT_011039,2026-01-17,Germany,Spanish,Italian|French|Chinese,free,25-34,Other,Immigration,2026-01
HT_011040,2025-10-05,Germany,Russian,French|Arabic,free,25-34,Other,Travel,2025-10
HT_011041,2025-12-19,Canada,Russian,Spanish|Portuguese,free,25-34,M,Hobby,2025-12
HT_011042,2025-12-10,Australia,Chinese,Spanish|Korean,free,25-34,F,Hobby,2025-12
HT_011043,2025-11-03,France,Japanese,Arabic,premium,35-44,Other,Hobby,2025-11
HT_011044,2026-02-04,Brazil,Chinese,English,free,25-34,M,Travel,2026-02
HT_011045,2025-11-29,Canada,Spanish,French,free,18-24,M,Business,2025-11
HT_011046,2025-05-04,Mexico,Spanish,Korean|Arabic|German,free,25-34,M,Business,2025-05
HT_011047,2025-10-09,Brazil,French,Portuguese|Italian,free,25-34,F,Business,2025-10
HT_011048,2026-03-19,Canada,Korean,Chinese|Dutch|Arabic,free,25-34,M,Immigration,2026-03
HT_011049,2025-06-21,France,English,Korean|Portuguese|French,premium,18-24,Other,Exam,2025-06
HT_011050,2025-04-21,Canada,Chinese,Italian|Portuguese|Spanish,free,18-24,Other,Immigration,2025-04
HT_011051,2025-08-17,Mexico,Russian,English|German|Dutch,free,45+,M,Hobby,2025-08
HT_011052,2025-04-19,China,Arabic,Japanese|French|Portuguese,free,35-44,Other,Hobby,2025-04
HT_011053,2025-11-15,USA,Portuguese,Russian|Arabic,free,35-44,Other,Exam,2025-11
HT_011054,2025-05-31,South Korea,Russian,English|Arabic,premium,25-34,Other,Travel,2025-05
HT_011055,2026-02-24,South Korea,Russian,Japanese|Korean|Chinese,free,18-24,M,Immigration,2026-02
HT_011056,2025-12-05,France,German,Dutch|English,free,18-24,Other,Exam,2025-12
HT_011057,2026-02-19,Brazil,Dutch,Korean|German,free,45+,F,Travel,2026-02
HT_011058,2025-05-19,Spain,Dutch,Arabic|Korean,free,18-24,M,Hobby,2025-05
HT_011059,2026-01-17,Brazil,Japanese,Korean|English,free,35-44,Other,Immigration,2026-01
HT_011060,2025-05-25,Spain,Dutch,Russian|Japanese|Italian,free,35-44,Other,Travel,2025-05
HT_011061,2025-09-24,USA,English,Italian|Russian,free,25-34,Other,Hobby,2025-09
HT_011062,2025-07-31,Japan,German,Spanish,free,18-24,F,Exam,2025-07
HT_011063,2025-08-19,China,Spanish,Russian|English|Korean,premium,18-24,M,Travel,2025-08
HT_011064,2026-01-30,China,Chinese,Japanese|French|Russian,free,18-24,M,Business,2026-01
HT_011065,2025-05-11,Mexico,English,Korean|Italian|Russian,free,25-34,F,Immigration,2025-05
HT_011066,2025-09-30,UK,Dutch,Portuguese|Japanese,premium,25-34,Other,Immigration,2025-09
HT_011067,2025-06-27,Japan,Italian,English,free,25-34,Other,Business,2025-06
HT_011068,2025-11-25,UK,Chinese,English|Russian,free,25-34,F,Exam,2025-11
HT_011069,2026-01-12,UK,French,Italian|Arabic,free,25-34,Other,Business,2026-01
HT_011070,2026-03-14,Canada,Japanese,Italian,free,18-24,F,Business,2026-03
HT_011071,2025-10-12,South Korea,Spanish,Japanese|Arabic|Korean,free,18-24,Other,Travel,2025-10
HT_011072,2025-11-10,UK,Dutch,Korean,free,18-24,F,Exam,2025-11
HT_011073,2025-10-31,Australia,German,Chinese|Dutch|English,free,18-24,Other,Travel,2025-10
HT_011074,2026-03-01,Australia,Spanish,Chinese,premium,25-34,M,Exam,2026-03
HT_011075,2025-06-01,Brazil,Russian,Spanish|Korean|Italian,free,25-34,F,Hobby,2025-06
HT_011076,2026-02-02,Canada,Japanese,Italian,free,25-34,Other,Hobby,2026-02
HT_011077,2025-12-11,Canada,Spanish,Arabic|Japanese|Portuguese,free,18-24,F,Business,2025-12
HT_011078,2025-12-10,South Korea,Portuguese,Spanish,free,25-34,Other,Hobby,2025-12
HT_011079,2025-09-04,USA,Russian,Portuguese|English,free,18-24,Other,Exam,2025-09
HT_011080,2025-08-24,USA,Portuguese,Arabic|Spanish,premium,18-24,Other,Immigration,2025-08
HT_011081,2026-01-12,Japan,Italian,Japanese|Spanish|English,free,35-44,Other,Business,2026-01
HT_011082,2026-01-14,Canada,German,Spanish|Korean|French,premium,35-44,Other,Immigration,2026-01
HT_011083,2025-05-25,China,Italian,Arabic|English|German,free,35-44,M,Immigration,2025-05
HT_011084,2025-05-19,France,Arabic,Dutch,free,35-44,Other,Exam,2025-05
HT_011085,2025-07-08,Japan,Chinese,English|French|Italian,free,18-24,M,Exam,2025-07
HT_011086,2025-05-03,South Korea,Russian,Arabic|Italian,premium,35-44,M,Travel,2025-05
HT_011087,2025-08-28,France,Japanese,Korean|Italian|Portuguese,premium,25-34,Other,Exam,2025-08
HT_011088,2025-04-17,Australia,Japanese,Arabic|German|French,free,18-24,Other,Hobby,2025-04
HT_011089,2026-01-29,South Korea,Portuguese,Italian|Dutch,free,25-34,M,Business,2026-01
HT_011090,2025-08-03,Spain,Arabic,Japanese,free,18-24,Other,Business,2025-08
HT_011091,2025-08-28,France,Spanish,Chinese,free,18-24,F,Travel,2025-08
HT_011092,2026-02-15,USA,French,English|Dutch,free,25-34,M,Immigration,2026-02
HT_011093,2025-10-09,Germany,French,Chinese|Dutch|English,free,45+,M,Immigration,2025-10
HT_011094,2026-01-14,South Korea,English,German,free,18-24,M,Travel,2026-01
HT_011095,2025-07-05,Germany,Dutch,Italian|Spanish,free,35-44,F,Business,2025-07
HT_011096,2026-04-10,Spain,Arabic,Chinese|Portuguese,free,18-24,M,Business,2026-04
HT_011097,2026-01-24,USA,English,Chinese|Dutch,free,35-44,F,Travel,2026-01
HT_011098,2026-01-08,UK,Dutch,Korean|Italian|Portuguese,free,18-24,M,Hobby,2026-01
HT_011099,2026-04-11,Australia,Dutch,French,premium,18-24,Other,Business,2026-04
HT_011100,2025-10-01,UK,Italian,Portuguese,premium,35-44,Other,Hobby,2025-10
HT_011101,2025-06-24,Japan,Russian,English|Dutch,free,18-24,F,Exam,2025-06
HT_011102,2025-08-20,Brazil,Dutch,Chinese,free,35-44,M,Travel,2025-08
HT_011103,2025-12-18,China,French,Korean,free,35-44,Other,Travel,2025-12
HT_011104,2025-06-17,Brazil,German,Portuguese,free,18-24,F,Hobby,2025-06
HT_011105,2026-03-31,Germany,Japanese,Italian|Russian,free,18-24,F,Immigration,2026-03
HT_011106,2025-08-06,Australia,Italian,English,free,18-24,Other,Immigration,2025-08
HT_011107,2025-08-16,USA,Portuguese,German|Japanese,free,25-34,F,Hobby,2025-08
HT_011108,2026-01-17,Australia,Russian,French|Dutch,free,18-24,M,Exam,2026-01
HT_011109,2026-04-09,USA,Italian,Russian|Portuguese|Spanish,free,25-34,Other,Exam,2026-04
HT_011110,2025-05-27,Mexico,Portuguese,English,free,25-34,Other,Immigration,2025-05
HT_011111,2025-07-09,UK,Korean,Portuguese|Chinese,free,18-24,Other,Travel,2025-07
HT_011112,2026-01-31,Australia,French,Arabic|Chinese|German,premium,25-34,M,Hobby,2026-01
HT_011113,2025-04-22,USA,Italian,Arabic|Spanish,free,45+,M,Business,2025-04
HT_011114,2025-04-23,Japan,Spanish,German,free,25-34,M,Travel,2025-04
HT_011115,2026-02-20,South Korea,Italian,Japanese|German|Chinese,free,25-34,M,Business,2026-02
HT_011116,2025-05-15,Brazil,Chinese,Russian,premium,35-44,M,Exam,2025-05
HT_011117,2025-10-04,China,Portuguese,Chinese|German|Spanish,premium,45+,Other,Business,2025-10
HT_011118,2025-09-02,South Korea,Dutch,English,free,35-44,M,Business,2025-09
HT_011119,2025-11-08,Japan,Spanish,Dutch|Chinese,free,25-34,F,Immigration,2025-11
HT_011120,2025-07-03,France,Arabic,Chinese|Spanish|Korean,free,45+,M,Exam,2025-07
HT_011121,2026-02-15,Mexico,French,Portuguese,free,25-34,F,Hobby,2026-02
HT_011122,2025-10-28,USA,English,Spanish|Russian|Dutch,free,25-34,Other,Hobby,2025-10
HT_011123,2026-01-13,France,Chinese,Portuguese,free,45+,F,Business,2026-01
HT_011124,2025-11-01,Japan,French,English|Korean|Spanish,free,25-34,F,Travel,2025-11
HT_011125,2025-05-19,Australia,Russian,Korean|French|Spanish,free,18-24,M,Travel,2025-05
HT_011126,2025-10-14,South Korea,Japanese,Italian,free,25-34,Other,Business,2025-10
HT_011127,2025-04-20,Brazil,Russian,Portuguese,free,25-34,F,Travel,2025-04
HT_011128,2025-06-11,France,Dutch,Japanese|Chinese|German,premium,35-44,M,Business,2025-06
HT_011129,2025-05-13,France,Japanese,Chinese|Italian|German,premium,25-34,M,Immigration,2025-05
HT_011130,2025-06-24,China,Russian,German,premium,35-44,F,Immigration,2025-06
HT_011131,2025-10-31,Mexico,Dutch,Russian|Chinese|Portuguese,free,45+,F,Travel,2025-10
HT_011132,2026-01-10,Japan,Italian,French|Portuguese|Chinese,free,18-24,F,Travel,2026-01
HT_011133,2025-09-09,France,Italian,Korean|French|Portuguese,free,25-34,M,Hobby,2025-09
HT_011134,2025-09-29,South Korea,German,Spanish|French,free,18-24,Other,Hobby,2025-09
HT_011135,2025-05-27,Japan,English,Dutch,free,35-44,Other,Business,2025-05
HT_011136,2025-07-22,Australia,Arabic,Portuguese|Dutch,premium,18-24,Other,Immigration,2025-07
HT_011137,2026-01-11,Spain,Italian,English|Dutch|Portuguese,free,45+,F,Business,2026-01
HT_011138,2025-07-06,Spain,Russian,Chinese,free,35-44,M,Immigration,2025-07
HT_011139,2025-09-01,Japan,Chinese,Russian|Italian,premium,35-44,F,Travel,2025-09
HT_011140,2026-01-11,South Korea,Arabic,Russian,free,18-24,F,Travel,2026-01
HT_011141,2026-02-20,USA,Spanish,Japanese|French,free,25-34,F,Travel,2026-02
HT_011142,2025-05-23,Spain,Chinese,Italian|Korean|Spanish,premium,18-24,F,Hobby,2025-05
HT_011143,2025-12-10,Mexico,Korean,Japanese,free,18-24,F,Immigration,2025-12
HT_011144,2025-05-02,Australia,German,Spanish,free,25-34,F,Business,2025-05
HT_011145,2025-12-26,Brazil,Korean,Dutch|Arabic,premium,45+,M,Exam,2025-12
HT_011146,2026-01-21,South Korea,German,Spanish|Russian|Dutch,free,18-24,Other,Hobby,2026-01
HT_011147,2026-04-11,Australia,Arabic,Italian,free,25-34,F,Business,2026-04
HT_011148,2025-12-15,Canada,Korean,Japanese,free,25-34,F,Immigration,2025-12
HT_011149,2025-10-16,USA,Arabic,German|Portuguese,free,18-24,Other,Hobby,2025-10
HT_011150,2025-11-05,Australia,Portuguese,German|Dutch,free,35-44,M,Immigration,2025-11
HT_011151,2026-01-14,Japan,German,English|Korean,free,45+,F,Business,2026-01
HT_011152,2025-09-03,Mexico,Italian,English|Japanese,free,18-24,M,Travel,2025-09
HT_011153,2026-01-18,Japan,Spanish,English|Japanese,free,45+,Other,Immigration,2026-01
HT_011154,2025-09-17,Canada,Arabic,Korean|Dutch|Russian,free,25-34,M,Exam,2025-09
HT_011155,2026-01-17,Spain,Chinese,Arabic,free,18-24,F,Hobby,2026-01
HT_011156,2026-02-24,Spain,Russian,Italian|French|Spanish,free,45+,M,Immigration,2026-02
HT_011157,2026-01-03,Brazil,Spanish,French,free,18-24,M,Business,2026-01
HT_011158,2025-09-11,Brazil,Chinese,English,free,25-34,Other,Hobby,2025-09
HT_011159,2025-06-09,Brazil,English,German|Portuguese|French,free,25-34,F,Travel,2025-06
HT_011160,2025-12-26,South Korea,Italian,Russian|Arabic,premium,18-24,Other,Business,2025-12
HT_011161,2026-03-25,Canada,Arabic,English,free,18-24,M,Travel,2026-03
HT_011162,2025-05-23,Japan,Chinese,Spanish|German|English,free,35-44,M,Business,2025-05
HT_011163,2025-11-24,Spain,French,German,free,18-24,Other,Hobby,2025-11
HT_011164,2026-03-03,South Korea,English,Korean,premium,25-34,M,Hobby,2026-03
HT_011165,2025-05-22,UK,Arabic,Portuguese,free,18-24,Other,Travel,2025-05
HT_011166,2025-08-30,Germany,French,Russian|English|Portuguese,free,25-34,M,Hobby,2025-08
HT_011167,2025-05-14,China,French,Chinese|Korean,free,18-24,F,Travel,2025-05
HT_011168,2025-04-24,China,Dutch,French,free,45+,M,Exam,2025-04
HT_011169,2025-08-24,UK,Dutch,Russian,free,18-24,Other,Immigration,2025-08
HT_011170,2025-08-03,Canada,Dutch,French|Japanese|Italian,free,25-34,F,Immigration,2025-08
HT_011171,2025-08-14,Japan,Italian,English,free,18-24,F,Hobby,2025-08
HT_011172,2025-07-16,Spain,Dutch,French|English,premium,25-34,M,Hobby,2025-07
HT_011173,2025-12-28,Canada,Japanese,Spanish,premium,25-34,Other,Exam,2025-12
HT_011174,2026-04-12,China,German,Dutch,free,45+,F,Travel,2026-04
HT_011175,2026-03-13,Germany,Spanish,French,free,35-44,M,Hobby,2026-03
HT_011176,2025-10-12,China,Arabic,Portuguese,free,35-44,F,Hobby,2025-10
HT_011177,2026-01-13,China,French,German,free,25-34,F,Exam,2026-01
HT_011178,2026-02-27,Germany,Dutch,Portuguese|Chinese,free,25-34,F,Immigration,2026-02
HT_011179,2026-02-24,Mexico,German,Japanese,free,25-34,F,Travel,2026-02
HT_011180,2025-06-20,USA,Chinese,Spanish,free,25-34,M,Hobby,2025-06
HT_011181,2026-03-14,Mexico,Arabic,German|Portuguese,free,25-34,M,Hobby,2026-03
HT_011182,2026-02-05,Australia,English,Italian|French,free,25-34,M,Travel,2026-02
HT_011183,2025-06-09,Brazil,Korean,French|German|Italian,free,35-44,M,Immigration,2025-06
HT_011184,2026-01-16,USA,French,Dutch|Russian,free,45+,M,Travel,2026-01
HT_011185,2025-05-05,Brazil,Korean,Spanish,free,25-34,F,Immigration,2025-05
HT_011186,2025-07-04,China,Korean,Spanish|German|Italian,free,18-24,M,Travel,2025-07
HT_011187,2025-06-05,France,Russian,German|English,free,18-24,F,Hobby,2025-06
HT_011188,2025-11-14,Mexico,English,German|Arabic|Japanese,free,25-34,F,Business,2025-11
HT_011189,2025-08-20,South Korea,Arabic,French|Dutch,free,18-24,F,Immigration,2025-08
HT_011190,2025-08-01,Australia,German,Spanish,free,18-24,M,Hobby,2025-08
HT_011191,2025-12-20,Australia,English,French,free,45+,Other,Travel,2025-12
HT_011192,2026-01-25,South Korea,Italian,German|Korean|English,premium,25-34,Other,Exam,2026-01
HT_011193,2025-05-26,France,German,Korean|Chinese,free,45+,F,Immigration,2025-05
HT_011194,2025-11-15,Germany,Russian,German,free,45+,M,Travel,2025-11
HT_011195,2026-02-15,USA,Italian,Spanish|Dutch|English,free,18-24,F,Travel,2026-02
HT_011196,2026-01-22,UK,French,German|Japanese|Dutch,free,25-34,M,Exam,2026-01
HT_011197,2026-04-05,Germany,Dutch,Portuguese|Arabic|German,premium,18-24,Other,Travel,2026-04
HT_011198,2025-04-23,Canada,Arabic,Chinese,free,45+,Other,Business,2025-04
HT_011199,2025-08-24,USA,Russian,Korean|Italian|Dutch,free,25-34,M,Exam,2025-08
HT_011200,2026-03-07,Mexico,German,Dutch|Portuguese,free,18-24,M,Business,2026-03
HT_011201,2025-08-16,Mexico,Italian,Japanese|Chinese|Dutch,free,25-34,Other,Travel,2025-08
HT_011202,2026-01-05,Spain,Italian,Russian,free,35-44,F,Immigration,2026-01
HT_011203,2025-12-27,Australia,Spanish,Japanese|Chinese,free,18-24,F,Business,2025-12
HT_011204,2025-08-09,UK,English,Arabic|Portuguese|Dutch,premium,25-34,M,Business,2025-08
HT_011205,2026-02-25,South Korea,Arabic,English|Russian,free,18-24,M,Exam,2026-02
HT_011206,2025-08-10,Canada,Korean,Japanese|Chinese|Dutch,free,25-34,Other,Immigration,2025-08
HT_011207,2026-03-03,Australia,Japanese,Chinese|Russian,free,25-34,M,Travel,2026-03
HT_011208,2025-05-15,Brazil,English,Chinese|Korean,free,25-34,M,Immigration,2025-05
HT_011209,2025-05-09,Canada,French,Arabic|German|Korean,free,25-34,F,Immigration,2025-05
HT_011210,2026-03-07,Spain,Dutch,English,free,45+,F,Exam,2026-03
HT_011211,2026-01-10,France,Russian,Japanese,free,45+,M,Immigration,2026-01
HT_011212,2025-10-16,France,Korean,Spanish|Russian,free,35-44,Other,Business,2025-10
HT_011213,2026-01-09,Spain,Spanish,Chinese|Portuguese|German,free,25-34,Other,Travel,2026-01
HT_011214,2025-07-12,France,Dutch,German|English|Portuguese,free,25-34,F,Business,2025-07
HT_011215,2025-07-09,Australia,Italian,Portuguese,free,18-24,Other,Hobby,2025-07
HT_011216,2025-04-19,Japan,French,Dutch|German|Spanish,premium,25-34,Other,Travel,2025-04
HT_011217,2025-10-13,South Korea,Spanish,Japanese,free,25-34,M,Travel,2025-10
HT_011218,2025-11-27,Brazil,Russian,Chinese|Portuguese,premium,18-24,Other,Immigration,2025-11
HT_011219,2025-10-27,South Korea,Dutch,Arabic|Italian,free,18-24,F,Business,2025-10
HT_011220,2025-09-27,USA,Russian,Portuguese|English,free,18-24,F,Travel,2025-09
HT_011221,2025-08-02,Mexico,German,Chinese,free,18-24,F,Exam,2025-08
HT_011222,2025-09-29,Canada,Spanish,French|English|German,free,25-34,M,Business,2025-09
HT_011223,2026-02-10,Brazil,Dutch,Italian,free,25-34,M,Immigration,2026-02
HT_011224,2025-12-24,Australia,English,Japanese|Korean,premium,18-24,M,Travel,2025-12
HT_011225,2025-05-16,Japan,Arabic,English,free,25-34,Other,Business,2025-05
HT_011226,2025-07-24,Spain,English,Spanish|Chinese|Japanese,free,18-24,F,Business,2025-07
HT_011227,2025-05-27,Canada,Arabic,English|Russian|Korean,free,18-24,M,Hobby,2025-05
HT_011228,2026-01-02,Japan,Arabic,Dutch|French|German,free,25-34,Other,Exam,2026-01
HT_011229,2026-02-02,Germany,German,Russian|Chinese,free,35-44,Other,Business,2026-02
HT_011230,2025-05-09,Spain,Chinese,English|Spanish|Russian,free,18-24,M,Exam,2025-05
HT_011231,2025-12-03,China,English,Arabic|Spanish|Portuguese,free,18-24,Other,Hobby,2025-12
HT_011232,2025-09-08,South Korea,Japanese,German|Portuguese|Spanish,free,35-44,M,Business,2025-09
HT_011233,2025-09-02,Japan,Japanese,French|Portuguese,free,45+,F,Business,2025-09
HT_011234,2026-02-14,Spain,Arabic,Dutch|Russian,free,18-24,F,Travel,2026-02
HT_011235,2025-09-13,Brazil,Spanish,English,free,25-34,M,Exam,2025-09
HT_011236,2026-04-06,Mexico,Korean,Dutch,premium,25-34,M,Exam,2026-04
HT_011237,2025-08-28,China,Spanish,Italian|Dutch,free,35-44,F,Immigration,2025-08
HT_011238,2025-05-26,France,Dutch,Spanish,free,35-44,Other,Immigration,2025-05
HT_011239,2025-06-15,Australia,English,Korean,premium,35-44,Other,Hobby,2025-06
HT_011240,2025-06-11,South Korea,Korean,English|French,free,18-24,Other,Immigration,2025-06
HT_011241,2025-11-30,Germany,Russian,Italian|German|Chinese,free,25-34,Other,Travel,2025-11
HT_011242,2026-01-11,Spain,German,Korean|Portuguese,free,18-24,F,Immigration,2026-01
HT_011243,2025-08-07,USA,Japanese,Dutch|Russian|German,free,35-44,Other,Business,2025-08
HT_011244,2026-03-16,South Korea,Arabic,Korean|Russian,premium,35-44,F,Business,2026-03
HT_011245,2025-12-11,USA,Arabic,Chinese|Japanese,free,18-24,F,Hobby,2025-12
HT_011246,2025-11-15,Canada,English,Dutch|Korean,free,35-44,M,Immigration,2025-11
HT_011247,2025-11-26,Germany,English,Portuguese,free,25-34,F,Immigration,2025-11
HT_011248,2025-05-17,Japan,French,Japanese|German,free,18-24,M,Hobby,2025-05
HT_011249,2026-01-10,USA,Korean,Portuguese|Chinese|Spanish,free,18-24,F,Exam,2026-01
HT_011250,2026-03-17,UK,Japanese,Korean,free,18-24,F,Immigration,2026-03
HT_011251,2026-04-12,Mexico,Dutch,Korean|Portuguese,free,18-24,F,Travel,2026-04
HT_011252,2025-04-22,Mexico,Spanish,Chinese|English|Arabic,free,35-44,Other,Travel,2025-04
HT_011253,2025-04-19,UK,Dutch,English|Chinese|Portuguese,free,25-34,M,Immigration,2025-04
HT_011254,2026-01-15,France,Italian,English|German|French,free,18-24,F,Travel,2026-01
HT_011255,2026-02-17,Japan,Korean,Italian|Portuguese,free,18-24,M,Immigration,2026-02
HT_011256,2025-06-28,Canada,German,Korean|Spanish,premium,25-34,M,Travel,2025-06
HT_011257,2025-06-05,Mexico,Dutch,Korean,premium,45+,M,Exam,2025-06
HT_011258,2025-11-09,Brazil,Portuguese,Dutch|Chinese,free,25-34,Other,Immigration,2025-11
HT_011259,2026-03-22,France,Chinese,English,free,25-34,M,Immigration,2026-03
HT_011260,2025-10-16,China,Spanish,Arabic|Portuguese|Korean,free,25-34,Other,Business,2025-10
HT_011261,2026-03-06,Spain,Dutch,Chinese,free,18-24,Other,Business,2026-03
HT_011262,2025-11-27,Germany,English,Portuguese|Chinese,free,45+,M,Hobby,2025-11
HT_011263,2025-07-30,Brazil,Portuguese,Chinese|Japanese|German,free,18-24,M,Business,2025-07
HT_011264,2025-05-23,Germany,Dutch,Portuguese,free,25-34,M,Immigration,2025-05
HT_011265,2025-12-10,USA,Chinese,Russian|Spanish|English,free,18-24,F,Exam,2025-12
HT_011266,2025-09-05,UK,Korean,Arabic|Italian|Spanish,free,18-24,M,Immigration,2025-09
HT_011267,2025-12-11,Australia,Dutch,Spanish,free,25-34,M,Hobby,2025-12
HT_011268,2025-06-23,Spain,Russian,Portuguese|Japanese,free,18-24,M,Business,2025-06
HT_011269,2025-07-02,Germany,German,Japanese|Chinese|Portuguese,free,45+,F,Business,2025-07
HT_011270,2026-03-01,Germany,Dutch,Italian|Japanese,premium,25-34,M,Immigration,2026-03
HT_011271,2025-09-28,France,Russian,Chinese|Arabic|German,free,18-24,Other,Immigration,2025-09
HT_011272,2025-12-11,Australia,Japanese,Italian|Chinese|Spanish,free,25-34,F,Hobby,2025-12
HT_011273,2025-07-17,France,Portuguese,Spanish|Chinese,premium,18-24,F,Exam,2025-07
HT_011274,2025-09-24,Spain,Korean,Portuguese|English|Dutch,free,25-34,Other,Hobby,2025-09
HT_011275,2025-04-16,Germany,Italian,Portuguese|French,free,35-44,Other,Business,2025-04
HT_011276,2025-09-01,Brazil,Dutch,Russian|German|Chinese,free,18-24,M,Hobby,2025-09
HT_011277,2025-08-18,Japan,Portuguese,Spanish|French|Russian,free,45+,F,Immigration,2025-08
HT_011278,2026-03-19,Mexico,Russian,Japanese|English,premium,25-34,M,Hobby,2026-03
HT_011279,2026-03-29,Mexico,Russian,Japanese|English|Arabic,premium,18-24,Other,Business,2026-03
HT_011280,2025-12-01,China,English,Russian|Dutch,free,18-24,F,Hobby,2025-12
HT_011281,2026-01-05,USA,German,French,free,25-34,M,Exam,2026-01
HT_011282,2026-02-05,France,French,Portuguese,premium,18-24,F,Immigration,2026-02
HT_011283,2026-02-28,USA,Italian,Chinese|Korean,premium,18-24,Other,Business,2026-02
HT_011284,2026-01-10,China,Dutch,Russian|Arabic|Korean,free,18-24,M,Exam,2026-01
HT_011285,2025-07-15,Spain,Spanish,Japanese|Chinese|Portuguese,free,35-44,F,Business,2025-07
HT_011286,2025-12-08,Japan,German,Arabic|English,premium,18-24,M,Hobby,2025-12
HT_011287,2025-06-26,Mexico,Japanese,Arabic,premium,18-24,Other,Travel,2025-06
HT_011288,2025-05-08,Brazil,Spanish,Korean,free,25-34,Other,Exam,2025-05
HT_011289,2026-02-14,Australia,English,French|Dutch|Italian,premium,35-44,F,Business,2026-02
HT_011290,2025-10-04,Germany,French,Dutch,free,18-24,F,Immigration,2025-10
HT_011291,2025-11-07,Australia,Portuguese,Italian|Japanese,free,45+,Other,Travel,2025-11
HT_011292,2025-04-28,Australia,Japanese,Spanish|English|Arabic,free,25-34,F,Exam,2025-04
HT_011293,2025-10-29,Japan,Italian,English|Chinese,free,25-34,M,Exam,2025-10
HT_011294,2025-06-25,South Korea,Spanish,Russian|French,premium,25-34,M,Business,2025-06
HT_011295,2025-12-29,USA,Portuguese,Korean|Italian|Dutch,free,35-44,M,Immigration,2025-12
HT_011296,2025-05-24,South Korea,Italian,Chinese|Russian|Dutch,free,35-44,F,Business,2025-05
HT_011297,2026-03-10,Brazil,Arabic,Dutch,premium,18-24,Other,Business,2026-03
HT_011298,2025-11-05,UK,Italian,Portuguese|Arabic,free,25-34,Other,Business,2025-11
HT_011299,2025-08-14,Mexico,English,German|Portuguese|Russian,premium,25-34,M,Exam,2025-08
HT_011300,2025-04-17,UK,Spanish,Portuguese,free,45+,M,Travel,2025-04
HT_011301,2025-04-23,Spain,Japanese,English|Arabic,free,25-34,M,Business,2025-04
HT_011302,2026-02-15,Canada,French,English,free,25-34,F,Travel,2026-02
HT_011303,2025-08-06,Germany,French,Italian,free,25-34,F,Exam,2025-08
HT_011304,2025-06-22,Spain,English,Japanese|Chinese|Portuguese,free,45+,Other,Travel,2025-06
HT_011305,2025-07-15,Canada,Chinese,Russian|Portuguese,free,18-24,F,Hobby,2025-07
HT_011306,2025-11-30,Japan,Portuguese,Dutch|Italian|Arabic,free,25-34,Other,Hobby,2025-11
HT_011307,2026-01-28,Spain,Spanish,Italian,free,18-24,Other,Business,2026-01
HT_011308,2025-09-02,Spain,Russian,English|French|Italian,free,45+,M,Exam,2025-09
HT_011309,2025-11-07,UK,Italian,Russian|Japanese|English,free,45+,M,Exam,2025-11
HT_011310,2026-03-22,Spain,Spanish,French,free,25-34,M,Exam,2026-03
HT_011311,2026-03-15,Mexico,Dutch,Korean,free,18-24,Other,Hobby,2026-03
HT_011312,2025-06-15,Canada,French,Japanese,free,18-24,Other,Business,2025-06
HT_011313,2026-01-03,Japan,Russian,Korean|Spanish,free,25-34,F,Hobby,2026-01
HT_011314,2025-09-20,South Korea,Chinese,Arabic,free,35-44,M,Immigration,2025-09
HT_011315,2026-03-14,Japan,Spanish,Russian,premium,18-24,M,Travel,2026-03
HT_011316,2025-08-23,Germany,Portuguese,Russian|English,premium,25-34,Other,Immigration,2025-08
HT_011317,2025-11-12,Spain,German,English,free,35-44,M,Exam,2025-11
HT_011318,2025-12-06,Spain,Portuguese,German,free,25-34,M,Exam,2025-12
HT_011319,2025-12-28,Germany,Portuguese,Chinese|Russian|Italian,free,35-44,M,Exam,2025-12
HT_011320,2025-06-29,China,English,Italian|Arabic,free,18-24,F,Hobby,2025-06
HT_011321,2025-10-24,UK,English,Korean|Japanese|Portuguese,free,25-34,Other,Immigration,2025-10
HT_011322,2025-10-18,Mexico,Portuguese,Arabic|Dutch|Korean,premium,35-44,Other,Hobby,2025-10
HT_011323,2025-10-09,Spain,German,French,free,25-34,Other,Hobby,2025-10
HT_011324,2025-09-12,USA,Arabic,Russian|Portuguese,free,25-34,M,Immigration,2025-09
HT_011325,2026-01-13,Mexico,Russian,Chinese,free,18-24,M,Business,2026-01
HT_011326,2026-04-02,Japan,Russian,Korean,free,25-34,F,Exam,2026-04
HT_011327,2025-07-16,France,Dutch,French|German,free,18-24,F,Hobby,2025-07
HT_011328,2025-07-21,China,English,Russian,free,18-24,F,Immigration,2025-07
HT_011329,2025-12-30,Germany,German,Russian,free,35-44,Other,Business,2025-12
HT_011330,2025-11-06,Mexico,Portuguese,Arabic|Japanese,premium,18-24,F,Immigration,2025-11
HT_011331,2025-07-12,Australia,English,Spanish|French,premium,25-34,F,Business,2025-07
HT_011332,2026-01-16,Brazil,German,Spanish,free,18-24,Other,Exam,2026-01
HT_011333,2025-09-21,South Korea,Dutch,Japanese,free,18-24,Other,Exam,2025-09
HT_011334,2025-11-02,UK,Italian,Korean|French|English,free,18-24,M,Exam,2025-11
HT_011335,2025-12-25,Germany,German,Arabic|English|Italian,free,25-34,F,Immigration,2025-12
HT_011336,2025-05-27,Japan,Dutch,Spanish,free,18-24,Other,Exam,2025-05
HT_011337,2026-04-08,China,Chinese,Portuguese|Korean|Spanish,premium,35-44,M,Business,2026-04
HT_011338,2025-12-19,Canada,French,Spanish|Korean|English,premium,25-34,M,Hobby,2025-12
HT_011339,2025-07-21,Canada,Portuguese,Arabic|Russian,free,25-34,F,Business,2025-07
HT_011340,2026-02-15,Canada,Spanish,Korean|Arabic,free,45+,M,Immigration,2026-02
HT_011341,2025-11-10,Spain,Dutch,Russian|Portuguese,free,45+,Other,Exam,2025-11
HT_011342,2026-04-04,Australia,Japanese,English|Korean,premium,25-34,F,Exam,2026-04
HT_011343,2025-05-07,Japan,Spanish,Japanese,premium,25-34,M,Travel,2025-05
HT_011344,2025-04-26,France,German,Japanese|Arabic,free,25-34,Other,Immigration,2025-04
HT_011345,2025-07-06,Australia,Chinese,Arabic|English|Portuguese,free,18-24,Other,Exam,2025-07
HT_011346,2025-12-27,Germany,Korean,Italian|Japanese,free,45+,F,Business,2025-12
HT_011347,2025-12-02,Mexico,German,Korean|Spanish|Arabic,free,35-44,F,Travel,2025-12
HT_011348,2025-06-08,UK,Portuguese,Japanese|Chinese|Dutch,free,18-24,M,Immigration,2025-06
HT_011349,2025-12-04,Spain,Portuguese,Arabic,free,25-34,M,Exam,2025-12
HT_011350,2026-03-08,France,Italian,Dutch|Spanish|Korean,free,25-34,F,Hobby,2026-03
HT_011351,2026-02-07,UK,French,Russian|German,free,35-44,F,Exam,2026-02
HT_011352,2025-06-29,UK,Spanish,Italian,free,35-44,Other,Hobby,2025-06
HT_011353,2025-08-20,Brazil,Japanese,Portuguese|Chinese,free,25-34,F,Travel,2025-08
HT_011354,2025-04-22,Japan,Italian,Chinese|Korean,free,35-44,F,Exam,2025-04
HT_011355,2025-07-27,Japan,Japanese,Arabic,free,25-34,F,Business,2025-07
HT_011356,2026-02-23,Germany,Russian,Portuguese|French|Chinese,free,45+,M,Business,2026-02
HT_011357,2026-02-12,Germany,Dutch,German,free,18-24,F,Immigration,2026-02
HT_011358,2025-11-02,USA,Korean,Spanish|Arabic|German,free,25-34,F,Travel,2025-11
HT_011359,2025-08-14,Spain,Arabic,Dutch|German|Russian,free,35-44,Other,Exam,2025-08
HT_011360,2025-07-27,Germany,French,Japanese|Korean,free,35-44,F,Business,2025-07
HT_011361,2026-04-04,South Korea,French,Arabic,free,18-24,Other,Business,2026-04
HT_011362,2025-07-01,Canada,Spanish,Dutch|Chinese,free,25-34,F,Travel,2025-07
HT_011363,2025-12-05,USA,Portuguese,Arabic|Chinese|German,free,35-44,Other,Immigration,2025-12
HT_011364,2025-05-18,France,Chinese,Russian|Japanese,premium,25-34,M,Immigration,2025-05
HT_011365,2025-11-29,Canada,English,Arabic|Russian|Japanese,free,18-24,Other,Exam,2025-11
HT_011366,2025-10-17,Canada,Portuguese,Japanese|German,free,45+,F,Immigration,2025-10
HT_011367,2025-11-08,China,German,French,premium,25-34,M,Hobby,2025-11
HT_011368,2025-04-26,UK,Japanese,Chinese|Portuguese,free,18-24,M,Exam,2025-04
HT_011369,2025-05-26,Japan,German,Arabic,free,18-24,F,Hobby,2025-05
HT_011370,2025-08-11,Mexico,Korean,Dutch|German,premium,25-34,Other,Exam,2025-08
HT_011371,2026-03-03,Japan,Chinese,Russian,premium,35-44,F,Travel,2026-03
HT_011372,2026-03-29,France,Chinese,Japanese,free,25-34,Other,Exam,2026-03
HT_011373,2025-09-08,Japan,Portuguese,Arabic,free,25-34,F,Hobby,2025-09
HT_011374,2025-11-22,Mexico,Dutch,French|English|Portuguese,free,18-24,M,Business,2025-11
HT_011375,2026-03-17,Spain,German,Spanish,free,25-34,F,Exam,2026-03
HT_011376,2025-04-30,France,Russian,Japanese|English|German,free,18-24,M,Business,2025-04
HT_011377,2026-02-15,Brazil,German,Italian,free,18-24,F,Immigration,2026-02
HT_011378,2025-06-02,Spain,Portuguese,Italian,free,25-34,Other,Travel,2025-06
HT_011379,2025-08-16,Japan,German,Korean|Italian|Russian,free,25-34,M,Hobby,2025-08
HT_011380,2025-06-26,South Korea,Spanish,Russian|Arabic|German,premium,35-44,Other,Immigration,2025-06
HT_011381,2025-07-22,Mexico,Japanese,English|Korean,premium,18-24,F,Travel,2025-07
HT_011382,2026-02-23,USA,Arabic,Korean|French|German,free,25-34,F,Exam,2026-02
HT_011383,2025-11-29,South Korea,Portuguese,Spanish|Italian|Korean,premium,25-34,Other,Travel,2025-11
HT_011384,2026-01-31,USA,Japanese,Dutch,premium,18-24,Other,Business,2026-01
HT_011385,2025-09-17,USA,English,Russian|French|Dutch,free,18-24,M,Hobby,2025-09
HT_011386,2025-06-29,South Korea,Korean,Spanish|Dutch,free,25-34,M,Travel,2025-06
HT_011387,2025-12-12,Canada,Spanish,Italian,free,25-34,M,Hobby,2025-12
HT_011388,2025-11-17,Japan,Arabic,Japanese,free,18-24,M,Immigration,2025-11
HT_011389,2026-01-22,USA,Italian,Dutch,free,18-24,Other,Exam,2026-01
HT_011390,2025-05-24,Germany,Russian,Spanish|Arabic|English,free,18-24,M,Travel,2025-05
HT_011391,2025-06-14,Germany,Arabic,French,free,35-44,F,Exam,2025-06
HT_011392,2026-04-06,Australia,Japanese,Portuguese,free,25-34,F,Immigration,2026-04
HT_011393,2026-02-06,China,Arabic,English|Spanish|Chinese,free,25-34,Other,Immigration,2026-02
HT_011394,2026-01-17,France,Arabic,Korean,premium,18-24,F,Business,2026-01
HT_011395,2025-08-23,Canada,English,Portuguese|French|Japanese,free,18-24,M,Hobby,2025-08
HT_011396,2025-12-22,Australia,Italian,Chinese|Portuguese,free,35-44,M,Immigration,2025-12
HT_011397,2025-05-17,Germany,English,Japanese|Spanish,premium,25-34,Other,Travel,2025-05
HT_011398,2026-03-03,China,Chinese,Japanese|French,free,18-24,F,Exam,2026-03
HT_011399,2025-11-14,Japan,Arabic,Spanish|Russian|Portuguese,free,18-24,F,Immigration,2025-11
HT_011400,2026-01-10,China,Spanish,Italian|Korean|Portuguese,free,25-34,Other,Hobby,2026-01
HT_011401,2025-08-13,France,Italian,Chinese|Dutch|Portuguese,premium,18-24,F,Exam,2025-08
HT_011402,2025-07-16,Germany,Russian,German|French,free,35-44,M,Hobby,2025-07
HT_011403,2026-01-26,Spain,Korean,Russian,free,35-44,M,Exam,2026-01
HT_011404,2025-12-23,USA,Chinese,Portuguese|Dutch,free,35-44,F,Business,2025-12
HT_011405,2025-10-06,Brazil,Chinese,Arabic|French,free,18-24,M,Hobby,2025-10
HT_011406,2025-12-25,Canada,Korean,French|German|Russian,free,18-24,F,Business,2025-12
HT_011407,2025-07-03,China,Chinese,French,free,35-44,M,Travel,2025-07
HT_011408,2026-01-28,Germany,Spanish,Italian|Portuguese,free,35-44,F,Business,2026-01
HT_011409,2025-10-11,UK,Japanese,Russian|German,free,25-34,M,Hobby,2025-10
HT_011410,2025-12-23,Brazil,German,Chinese|Arabic|Dutch,free,25-34,F,Immigration,2025-12
HT_011411,2025-05-18,Spain,Chinese,Russian|Portuguese|Italian,free,25-34,F,Immigration,2025-05
HT_011412,2025-11-05,Australia,Korean,Japanese|English,free,25-34,M,Hobby,2025-11
HT_011413,2025-10-20,Mexico,Korean,Russian|English,free,25-34,F,Travel,2025-10
HT_011414,2025-05-26,South Korea,French,Dutch|German|Korean,premium,25-34,M,Travel,2025-05
HT_011415,2025-08-12,Mexico,Korean,Japanese|Spanish|Chinese,free,25-34,F,Immigration,2025-08
HT_011416,2025-06-15,Canada,Japanese,Chinese,free,18-24,Other,Business,2025-06
HT_011417,2026-03-22,France,French,English|Russian,premium,25-34,F,Business,2026-03
HT_011418,2025-06-11,China,Chinese,Russian|Korean,free,25-34,Other,Immigration,2025-06
HT_011419,2026-03-08,Brazil,Portuguese,German|Russian|Japanese,free,18-24,Other,Travel,2026-03
HT_011420,2025-09-02,Brazil,German,Japanese|Italian,free,18-24,Other,Immigration,2025-09
HT_011421,2025-06-21,France,Chinese,French,free,18-24,Other,Exam,2025-06
HT_011422,2026-03-23,France,Russian,Dutch|French|Spanish,free,35-44,Other,Exam,2026-03
HT_011423,2026-02-19,UK,Dutch,German|Russian|French,free,25-34,Other,Hobby,2026-02
HT_011424,2025-04-18,Australia,Spanish,Russian|English|Japanese,premium,35-44,F,Business,2025-04
HT_011425,2025-11-14,UK,Chinese,Spanish|Arabic|Russian,free,25-34,M,Hobby,2025-11
HT_011426,2025-10-19,UK,Italian,Dutch|Chinese,free,18-24,F,Hobby,2025-10
HT_011427,2026-02-14,Brazil,Arabic,Korean,premium,35-44,F,Exam,2026-02
HT_011428,2025-05-07,UK,Spanish,Japanese,free,45+,F,Immigration,2025-05
HT_011429,2026-01-02,Brazil,Arabic,French|German|English,free,18-24,M,Hobby,2026-01
HT_011430,2025-08-08,China,Chinese,Arabic,free,25-34,F,Business,2025-08
HT_011431,2025-09-09,Germany,Japanese,French|Spanish|Portuguese,free,45+,Other,Exam,2025-09
HT_011432,2025-12-08,France,Dutch,Russian|Korean|Japanese,free,35-44,F,Exam,2025-12
HT_011433,2025-08-11,USA,Arabic,Chinese|Portuguese,free,25-34,Other,Immigration,2025-08
HT_011434,2026-02-07,Germany,Arabic,Dutch|Portuguese,free,25-34,F,Immigration,2026-02
HT_011435,2025-12-07,South Korea,Chinese,Spanish,free,25-34,M,Hobby,2025-12
HT_011436,2026-03-26,China,Arabic,Russian,free,25-34,M,Business,2026-03
HT_011437,2025-10-07,Canada,Portuguese,English|Italian,free,18-24,Other,Exam,2025-10
HT_011438,2026-04-07,Japan,English,French|Dutch|Arabic,free,35-44,Other,Travel,2026-04
HT_011439,2025-05-21,Germany,Arabic,Italian|French|Russian,free,45+,M,Immigration,2025-05
HT_011440,2025-10-28,USA,Korean,Portuguese,free,18-24,F,Hobby,2025-10
HT_011441,2025-10-19,South Korea,Italian,Dutch|English,free,35-44,F,Hobby,2025-10
HT_011442,2026-03-11,South Korea,Portuguese,Spanish|English,free,18-24,Other,Immigration,2026-03
HT_011443,2025-12-14,Canada,Chinese,Japanese|Korean,free,18-24,Other,Business,2025-12
HT_011444,2026-04-12,Spain,English,Dutch|German,free,18-24,F,Hobby,2026-04
HT_011445,2025-04-15,China,French,German,free,35-44,M,Exam,2025-04
HT_011446,2025-09-09,Spain,Japanese,English,free,25-34,M,Travel,2025-09
HT_011447,2026-02-11,Mexico,English,Chinese|German,free,18-24,Other,Travel,2026-02
HT_011448,2026-01-09,South Korea,Dutch,Portuguese,free,25-34,Other,Immigration,2026-01
HT_011449,2025-06-02,Spain,Dutch,English,free,25-34,F,Immigration,2025-06
HT_011450,2025-04-28,Australia,Portuguese,Italian,free,25-34,F,Immigration,2025-04
HT_011451,2025-06-13,South Korea,Spanish,Italian|Arabic|Chinese,free,18-24,Other,Immigration,2025-06
HT_011452,2025-10-06,Germany,Italian,Dutch|German,free,18-24,F,Immigration,2025-10
HT_011453,2026-02-03,Spain,French,Dutch,free,35-44,Other,Hobby,2026-02
HT_011454,2025-04-15,South Korea,English,Japanese,premium,18-24,F,Business,2025-04
HT_011455,2025-08-20,Australia,Italian,French,free,35-44,M,Exam,2025-08
HT_011456,2025-09-21,Canada,Russian,Spanish|Dutch,free,45+,M,Business,2025-09
HT_011457,2025-07-17,Canada,Portuguese,English|Arabic|Chinese,free,25-34,Other,Immigration,2025-07
HT_011458,2025-10-29,France,Chinese,Italian|French|English,free,25-34,M,Travel,2025-10
HT_011459,2025-06-03,Germany,English,Japanese|French,free,18-24,Other,Travel,2025-06
HT_011460,2025-07-13,South Korea,Russian,Chinese|Spanish,free,35-44,M,Exam,2025-07
HT_011461,2025-11-01,Japan,Portuguese,Japanese|German|Italian,free,25-34,F,Travel,2025-11
HT_011462,2025-04-24,Mexico,German,French,premium,25-34,Other,Business,2025-04
HT_011463,2025-06-08,South Korea,Spanish,Russian,free,25-34,M,Business,2025-06
HT_011464,2025-12-17,South Korea,Chinese,Spanish|English|Italian,free,35-44,M,Business,2025-12
HT_011465,2025-10-11,Mexico,Japanese,Russian|German|Dutch,premium,18-24,F,Travel,2025-10
HT_011466,2025-07-13,Spain,Italian,German|Korean|Japanese,free,25-34,Other,Business,2025-07
HT_011467,2025-05-28,Japan,Dutch,Japanese,free,18-24,F,Exam,2025-05
HT_011468,2026-01-19,Australia,Chinese,French|Italian|German,free,25-34,M,Immigration,2026-01
HT_011469,2025-05-27,Germany,French,Arabic,free,35-44,M,Immigration,2025-05
HT_011470,2025-11-06,Mexico,Chinese,English|Arabic|German,free,35-44,M,Hobby,2025-11
HT_011471,2025-11-15,Japan,Russian,Arabic,free,25-34,F,Hobby,2025-11
HT_011472,2025-09-17,Spain,French,Portuguese,free,18-24,Other,Hobby,2025-09
HT_011473,2025-06-28,UK,Arabic,Korean,premium,35-44,M,Business,2025-06
HT_011474,2025-08-26,Mexico,Russian,Italian|Chinese|German,free,18-24,M,Exam,2025-08
HT_011475,2025-09-07,USA,Arabic,Russian,free,35-44,F,Exam,2025-09
HT_011476,2026-01-13,China,English,Italian|Spanish|Portuguese,free,35-44,Other,Business,2026-01
HT_011477,2025-09-09,USA,Spanish,English,free,25-34,M,Hobby,2025-09
HT_011478,2026-03-30,Canada,Korean,Japanese,free,18-24,F,Exam,2026-03
HT_011479,2025-10-27,Australia,Chinese,Japanese|Spanish|French,free,25-34,M,Hobby,2025-10
HT_011480,2025-05-04,Japan,Japanese,French,free,25-34,Other,Immigration,2025-05
HT_011481,2026-01-13,Australia,Portuguese,Arabic|German|French,free,18-24,M,Exam,2026-01
HT_011482,2025-06-25,China,Spanish,Russian|Arabic|French,premium,25-34,Other,Travel,2025-06
HT_011483,2026-03-10,China,French,Portuguese,free,18-24,F,Business,2026-03
HT_011484,2026-01-05,Spain,Japanese,Chinese|Spanish,free,35-44,M,Business,2026-01
HT_011485,2025-07-30,Spain,Arabic,French|Dutch,free,35-44,F,Business,2025-07
HT_011486,2025-04-30,UK,Spanish,Korean|Portuguese|Dutch,free,25-34,Other,Travel,2025-04
HT_011487,2025-10-13,UK,Dutch,Spanish,free,18-24,M,Exam,2025-10
HT_011488,2025-11-26,Brazil,Portuguese,French|Japanese,free,25-34,Other,Immigration,2025-11
HT_011489,2025-07-03,South Korea,French,Russian,premium,18-24,Other,Travel,2025-07
HT_011490,2025-12-15,Canada,Chinese,Arabic,free,25-34,Other,Business,2025-12
HT_011491,2026-01-20,Spain,Italian,Spanish|Portuguese|German,free,25-34,Other,Exam,2026-01
HT_011492,2025-07-21,Brazil,Chinese,French,free,25-34,M,Hobby,2025-07
HT_011493,2025-09-07,Brazil,Korean,German,free,35-44,M,Travel,2025-09
HT_011494,2025-04-13,France,Italian,Portuguese|Korean,free,18-24,M,Immigration,2025-04
HT_011495,2025-04-24,Brazil,Dutch,Arabic|Japanese,premium,18-24,Other,Immigration,2025-04
HT_011496,2026-04-10,USA,Italian,German|Korean,free,35-44,M,Travel,2026-04
HT_011497,2025-04-23,South Korea,Dutch,Russian,free,18-24,F,Immigration,2025-04
HT_011498,2025-06-25,Spain,English,Spanish|French|Japanese,free,25-34,M,Exam,2025-06
HT_011499,2025-05-05,UK,Chinese,Italian,premium,25-34,M,Business,2025-05
HT_011500,2025-10-23,South Korea,Arabic,Korean|English,free,18-24,Other,Exam,2025-10
HT_011501,2025-05-19,Japan,Chinese,English|Italian,free,25-34,Other,Travel,2025-05
HT_011502,2026-02-21,China,Dutch,English|Korean|Portuguese,premium,18-24,M,Business,2026-02
HT_011503,2026-01-25,Spain,Japanese,Korean,free,18-24,F,Travel,2026-01
HT_011504,2025-04-13,USA,Dutch,Japanese,free,25-34,F,Business,2025-04
HT_011505,2026-03-19,France,Chinese,Italian|German,free,18-24,Other,Exam,2026-03
HT_011506,2026-03-30,Spain,Russian,Italian|German,free,45+,Other,Immigration,2026-03
HT_011507,2025-05-02,Canada,Chinese,Russian|Italian,free,35-44,M,Hobby,2025-05
HT_011508,2025-10-10,South Korea,English,Dutch,free,18-24,M,Exam,2025-10
HT_011509,2025-07-23,Spain,Japanese,Arabic,free,18-24,F,Hobby,2025-07
HT_011510,2025-06-17,Japan,German,Russian,premium,35-44,F,Exam,2025-06
HT_011511,2026-03-13,Germany,Spanish,Portuguese|Italian,free,18-24,Other,Hobby,2026-03
HT_011512,2025-08-24,Brazil,Chinese,Arabic|Dutch,free,35-44,M,Hobby,2025-08
HT_011513,2025-07-14,Brazil,Portuguese,Chinese|Russian|Japanese,free,25-34,Other,Exam,2025-07
HT_011514,2025-07-19,Australia,French,Russian|Spanish|German,free,18-24,M,Business,2025-07
HT_011515,2026-03-31,China,English,Spanish|French|Italian,free,25-34,Other,Exam,2026-03
HT_011516,2025-07-12,UK,French,Portuguese,free,25-34,M,Exam,2025-07
HT_011517,2025-04-28,South Korea,Japanese,Korean|Dutch|French,premium,18-24,M,Travel,2025-04
HT_011518,2025-11-06,South Korea,Dutch,Portuguese,free,18-24,M,Immigration,2025-11
HT_011519,2026-02-22,Brazil,German,Dutch,free,25-34,Other,Immigration,2026-02
HT_011520,2025-06-06,Mexico,French,Arabic|Korean|Dutch,free,35-44,F,Business,2025-06
HT_011521,2025-05-09,USA,Dutch,Portuguese|Russian,free,25-34,M,Hobby,2025-05
HT_011522,2025-09-25,Spain,Dutch,Korean|Russian|German,free,25-34,F,Exam,2025-09
HT_011523,2026-01-05,Brazil,Japanese,Korean|English|Chinese,free,18-24,F,Travel,2026-01
HT_011524,2025-11-10,South Korea,Portuguese,German|Arabic,free,35-44,F,Immigration,2025-11
HT_011525,2026-01-24,USA,Italian,Arabic|Portuguese,free,18-24,M,Business,2026-01
HT_011526,2025-11-28,Germany,French,Dutch|Chinese|Japanese,free,25-34,Other,Immigration,2025-11
HT_011527,2025-04-29,USA,Arabic,Dutch,premium,18-24,F,Travel,2025-04
HT_011528,2025-09-28,France,English,Dutch,free,25-34,F,Travel,2025-09
HT_011529,2025-11-02,Australia,Portuguese,French|Korean,free,25-34,F,Hobby,2025-11
HT_011530,2025-06-17,Brazil,Arabic,Italian,free,25-34,Other,Business,2025-06
HT_011531,2025-07-04,Australia,Italian,German|English|Korean,free,25-34,Other,Immigration,2025-07
HT_011532,2026-01-13,Australia,German,Portuguese|English,free,25-34,F,Hobby,2026-01
HT_011533,2025-07-28,Germany,Chinese,Portuguese|Spanish,premium,45+,F,Travel,2025-07
HT_011534,2025-07-10,Brazil,Spanish,Dutch,free,18-24,F,Exam,2025-07
HT_011535,2025-11-23,Australia,Italian,English|Japanese,free,25-34,M,Hobby,2025-11
HT_011536,2025-12-28,France,Russian,Chinese,free,18-24,F,Immigration,2025-12
HT_011537,2025-09-03,Japan,Japanese,French|Korean|Italian,free,45+,M,Hobby,2025-09
HT_011538,2026-03-25,Brazil,Korean,Japanese,free,25-34,F,Business,2026-03
HT_011539,2025-05-15,Canada,Korean,Arabic,free,35-44,M,Business,2025-05
HT_011540,2025-12-24,Germany,Spanish,German|French|Arabic,free,25-34,Other,Immigration,2025-12
HT_011541,2026-02-21,Spain,Spanish,Japanese,free,18-24,Other,Business,2026-02
HT_011542,2025-06-27,Canada,English,Dutch,free,25-34,F,Business,2025-06
HT_011543,2025-07-02,France,Chinese,German|Japanese|Italian,premium,18-24,F,Exam,2025-07
HT_011544,2026-01-09,Canada,German,English,free,35-44,F,Immigration,2026-01
HT_011545,2025-04-28,Spain,Portuguese,English,premium,35-44,Other,Exam,2025-04
HT_011546,2025-05-08,France,Portuguese,German|French|Korean,free,35-44,F,Hobby,2025-05
HT_011547,2025-10-15,China,English,Spanish|Russian|Japanese,free,35-44,Other,Travel,2025-10
HT_011548,2025-11-12,Spain,English,Korean,free,18-24,Other,Business,2025-11
HT_011549,2026-04-04,Australia,Arabic,Italian,free,35-44,F,Exam,2026-04
HT_011550,2025-09-01,Australia,Italian,German|English,premium,25-34,M,Business,2025-09
HT_011551,2026-02-23,UK,Italian,Spanish|Japanese,free,18-24,Other,Business,2026-02
HT_011552,2025-12-07,UK,French,German,free,25-34,M,Business,2025-12
HT_011553,2025-08-11,USA,Portuguese,Arabic|Dutch|Spanish,free,25-34,F,Immigration,2025-08
HT_011554,2025-09-04,Canada,Dutch,German,premium,18-24,Other,Immigration,2025-09
HT_011555,2025-10-16,UK,Dutch,Portuguese|Arabic|Japanese,free,25-34,M,Hobby,2025-10
HT_011556,2026-04-03,USA,Russian,Arabic|French,premium,18-24,F,Business,2026-04
HT_011557,2025-05-29,Mexico,Japanese,English,free,25-34,Other,Business,2025-05
HT_011558,2025-04-24,Brazil,Dutch,Korean|English,free,18-24,M,Travel,2025-04
HT_011559,2026-03-03,Japan,English,Arabic|French,free,25-34,F,Hobby,2026-03
HT_011560,2025-05-30,Japan,Arabic,Spanish,free,35-44,M,Travel,2025-05
HT_011561,2025-07-20,Mexico,Chinese,English,free,35-44,M,Immigration,2025-07
HT_011562,2025-08-20,Canada,Korean,Dutch,free,18-24,F,Travel,2025-08
HT_011563,2025-05-10,Japan,French,Spanish|English|Italian,free,35-44,M,Hobby,2025-05
HT_011564,2025-10-29,Australia,Dutch,Spanish|English,free,18-24,M,Hobby,2025-10
HT_011565,2025-05-25,Spain,Arabic,Dutch|Korean,free,45+,F,Travel,2025-05
HT_011566,2025-12-04,Japan,Portuguese,Japanese|French|Arabic,free,25-34,M,Business,2025-12
HT_011567,2025-12-13,Mexico,Arabic,Dutch,free,25-34,Other,Business,2025-12
HT_011568,2025-12-02,USA,Dutch,Portuguese,free,35-44,Other,Hobby,2025-12
HT_011569,2025-07-24,France,Japanese,German|Dutch|Korean,free,18-24,M,Business,2025-07
HT_011570,2025-11-09,China,Dutch,Russian,free,25-34,F,Exam,2025-11
HT_011571,2025-04-16,Mexico,Spanish,Korean,free,35-44,Other,Business,2025-04
HT_011572,2026-03-11,Spain,Japanese,English|Chinese|Dutch,free,25-34,Other,Business,2026-03
HT_011573,2025-11-12,Germany,English,Japanese,free,18-24,Other,Immigration,2025-11
HT_011574,2025-05-15,Brazil,Arabic,English|Spanish,free,18-24,Other,Business,2025-05
HT_011575,2025-07-22,Germany,English,Japanese|Chinese|Italian,premium,25-34,M,Business,2025-07
HT_011576,2025-11-07,South Korea,Dutch,Chinese,free,18-24,F,Business,2025-11
HT_011577,2025-11-04,South Korea,Portuguese,Korean,free,25-34,Other,Immigration,2025-11
HT_011578,2025-04-26,France,English,French|Arabic,free,25-34,F,Immigration,2025-04
HT_011579,2025-11-29,Canada,Portuguese,Arabic,free,35-44,M,Hobby,2025-11
HT_011580,2025-08-30,Mexico,German,Italian|Chinese|Arabic,free,35-44,M,Exam,2025-08
HT_011581,2025-05-27,Australia,Japanese,Korean|French,free,18-24,M,Business,2025-05
HT_011582,2025-07-22,Spain,English,French,premium,35-44,M,Exam,2025-07
HT_011583,2026-01-07,UK,German,Russian|Arabic|Korean,free,25-34,F,Exam,2026-01
HT_011584,2025-08-09,China,Spanish,Japanese,free,45+,Other,Business,2025-08
HT_011585,2025-05-01,Japan,Japanese,Korean|Chinese,free,35-44,M,Exam,2025-05
HT_011586,2025-09-12,South Korea,French,Chinese,free,25-34,F,Exam,2025-09
HT_011587,2026-02-06,Canada,Arabic,Chinese|Korean|Italian,premium,25-34,Other,Exam,2026-02
HT_011588,2025-08-27,Canada,Arabic,Spanish,free,18-24,F,Hobby,2025-08
HT_011589,2025-08-29,Australia,Italian,Korean,free,18-24,F,Exam,2025-08
HT_011590,2025-06-01,Spain,Spanish,Italian|Russian,free,25-34,M,Business,2025-06
HT_011591,2025-09-10,USA,English,Korean|Chinese,premium,45+,Other,Immigration,2025-09
HT_011592,2025-07-18,China,Portuguese,Japanese|Korean|Arabic,free,35-44,Other,Business,2025-07
HT_011593,2026-03-04,UK,French,Chinese|Japanese,free,18-24,M,Hobby,2026-03
HT_011594,2026-03-01,South Korea,Korean,Chinese|Italian,free,25-34,M,Business,2026-03
HT_011595,2025-12-02,China,Arabic,Spanish|Russian|Dutch,free,25-34,F,Hobby,2025-12
HT_011596,2025-12-30,Japan,Chinese,French|Spanish|Korean,free,35-44,M,Travel,2025-12
HT_011597,2025-06-12,Australia,Italian,Portuguese|Dutch,free,25-34,Other,Travel,2025-06
HT_011598,2025-12-25,Japan,Korean,Italian|Spanish,free,25-34,Other,Travel,2025-12
HT_011599,2026-03-14,UK,Korean,Italian|German,free,35-44,F,Exam,2026-03
HT_011600,2025-05-18,Brazil,Chinese,Spanish|Portuguese,free,35-44,F,Exam,2025-05
HT_011601,2025-04-18,Australia,English,Italian|Korean,free,25-34,Other,Hobby,2025-04
HT_011602,2025-07-21,Mexico,Russian,Portuguese,free,35-44,F,Travel,2025-07
HT_011603,2025-11-23,UK,Portuguese,Arabic,free,18-24,F,Exam,2025-11
HT_011604,2025-12-02,Australia,Italian,Chinese|French|Russian,free,25-34,Other,Business,2025-12
HT_011605,2025-08-20,UK,German,Russian,free,25-34,F,Travel,2025-08
HT_011606,2025-12-09,Japan,Russian,Dutch|Korean,free,18-24,M,Exam,2025-12
HT_011607,2026-03-29,Spain,Spanish,Italian|Russian,free,25-34,F,Hobby,2026-03
HT_011608,2025-10-14,Brazil,Russian,English,free,35-44,M,Hobby,2025-10
HT_011609,2025-07-11,Japan,Russian,Korean|Italian|Spanish,free,35-44,F,Exam,2025-07
HT_011610,2025-08-17,Canada,Arabic,Italian|French,free,25-34,F,Travel,2025-08
HT_011611,2025-06-25,Spain,Spanish,Dutch|Arabic|English,free,35-44,F,Business,2025-06
HT_011612,2026-02-27,Spain,Japanese,Korean|Italian,free,25-34,Other,Exam,2026-02
HT_011613,2025-09-24,Germany,Portuguese,English,free,25-34,M,Hobby,2025-09
HT_011614,2026-02-09,Canada,English,Chinese,free,25-34,M,Exam,2026-02
HT_011615,2026-03-16,Germany,English,Chinese|Japanese,free,25-34,M,Immigration,2026-03
HT_011616,2025-09-12,Japan,Portuguese,English|German|Dutch,free,25-34,Other,Exam,2025-09
HT_011617,2025-10-13,Germany,Korean,Dutch|Spanish|Italian,free,35-44,Other,Exam,2025-10
HT_011618,2025-06-26,Mexico,Chinese,Portuguese|Russian|English,free,35-44,M,Immigration,2025-06
HT_011619,2025-08-06,South Korea,Japanese,Chinese,free,25-34,M,Business,2025-08
HT_011620,2025-10-01,France,German,Russian|French,free,18-24,F,Exam,2025-10
HT_011621,2025-09-27,Germany,Arabic,English|Korean,free,18-24,F,Immigration,2025-09
HT_011622,2026-03-26,Canada,Japanese,Italian|English,free,35-44,M,Immigration,2026-03
HT_011623,2026-04-06,Spain,English,Dutch|Spanish,premium,25-34,M,Exam,2026-04
HT_011624,2025-06-30,France,Korean,Chinese,free,18-24,F,Business,2025-06
HT_011625,2026-02-02,Canada,Spanish,Dutch,free,18-24,Other,Hobby,2026-02
HT_011626,2025-08-26,UK,Dutch,Japanese|Spanish,free,18-24,M,Immigration,2025-08
HT_011627,2026-01-24,Mexico,Korean,Japanese|Chinese,free,25-34,Other,Business,2026-01
HT_011628,2025-05-28,Japan,Dutch,English,premium,25-34,Other,Travel,2025-05
HT_011629,2025-07-25,Spain,Italian,Arabic|English|Portuguese,premium,45+,M,Exam,2025-07
HT_011630,2025-05-14,Brazil,Japanese,Italian|Arabic,free,45+,Other,Hobby,2025-05
HT_011631,2025-10-21,China,Russian,French,free,25-34,M,Hobby,2025-10
HT_011632,2025-06-24,Brazil,Arabic,Spanish|Chinese|Russian,free,25-34,F,Travel,2025-06
HT_011633,2025-10-03,Canada,Italian,Arabic|Japanese,free,25-34,M,Hobby,2025-10
HT_011634,2025-09-29,France,German,Portuguese|Russian,free,18-24,Other,Travel,2025-09
HT_011635,2025-09-25,France,French,German|Chinese,free,35-44,F,Exam,2025-09
HT_011636,2025-05-11,Japan,English,Dutch|Korean|Portuguese,free,25-34,Other,Business,2025-05
HT_011637,2025-06-04,South Korea,Spanish,German|Dutch,free,25-34,Other,Hobby,2025-06
HT_011638,2026-02-09,China,Chinese,English|German|Spanish,free,25-34,F,Travel,2026-02
HT_011639,2025-07-01,Spain,Italian,Chinese|Arabic|French,free,18-24,Other,Hobby,2025-07
HT_011640,2026-02-04,Japan,German,English|Dutch,free,25-34,M,Travel,2026-02
HT_011641,2025-09-22,Germany,Korean,Portuguese|English|German,premium,18-24,M,Travel,2025-09
HT_011642,2025-07-20,Mexico,Spanish,Dutch,free,35-44,Other,Exam,2025-07
HT_011643,2025-06-21,Japan,Spanish,German|Japanese,free,45+,Other,Business,2025-06
HT_011644,2025-12-09,Mexico,Japanese,Dutch|French|Italian,free,18-24,Other,Immigration,2025-12
HT_011645,2026-03-22,Mexico,Arabic,Portuguese|Korean|German,premium,35-44,F,Business,2026-03
HT_011646,2025-10-11,China,Russian,Chinese,free,35-44,F,Travel,2025-10
HT_011647,2026-01-30,UK,Dutch,Korean|Portuguese|Chinese,free,35-44,F,Business,2026-01
HT_011648,2025-07-25,Japan,Chinese,Italian|Dutch,free,18-24,F,Immigration,2025-07
HT_011649,2025-05-01,UK,Portuguese,Spanish|English,free,25-34,F,Travel,2025-05
HT_011650,2025-10-19,Australia,Portuguese,French|Dutch,free,25-34,M,Hobby,2025-10
HT_011651,2025-09-07,Australia,Arabic,Japanese,free,18-24,Other,Travel,2025-09
HT_011652,2025-08-05,Germany,Italian,Korean|German|Arabic,free,35-44,M,Hobby,2025-08
HT_011653,2025-11-04,South Korea,Russian,German|English,free,25-34,Other,Hobby,2025-11
HT_011654,2025-07-04,Japan,Russian,Italian|Arabic|Spanish,free,45+,Other,Hobby,2025-07
HT_011655,2026-02-17,USA,Portuguese,Chinese,free,25-34,M,Exam,2026-02
HT_011656,2025-08-25,Brazil,Arabic,Dutch|Japanese,premium,25-34,M,Travel,2025-08
HT_011657,2026-02-03,Germany,Russian,French|Spanish|Chinese,free,25-34,M,Exam,2026-02
HT_011658,2025-12-07,UK,Dutch,Portuguese|Japanese,premium,25-34,M,Business,2025-12
HT_011659,2025-05-19,Australia,Korean,Arabic|Spanish|German,free,45+,F,Hobby,2025-05
HT_011660,2025-08-26,Germany,Italian,Korean|Spanish,free,18-24,Other,Hobby,2025-08
HT_011661,2025-07-30,Brazil,Dutch,Italian|Russian|Korean,free,35-44,Other,Travel,2025-07
HT_011662,2025-11-14,Mexico,Korean,Chinese|Arabic|Japanese,free,25-34,Other,Travel,2025-11
HT_011663,2025-10-19,USA,Arabic,Italian|Dutch,free,45+,M,Travel,2025-10
HT_011664,2025-12-26,China,Spanish,Portuguese|Chinese,free,25-34,M,Business,2025-12
HT_011665,2026-03-10,China,Portuguese,Arabic|Dutch|Russian,free,25-34,Other,Travel,2026-03
HT_011666,2025-04-23,France,Chinese,German|Dutch|English,free,25-34,M,Immigration,2025-04
HT_011667,2026-02-03,Brazil,French,Russian|Spanish|German,premium,25-34,M,Hobby,2026-02
HT_011668,2025-08-20,Germany,Dutch,English|German,premium,18-24,Other,Exam,2025-08
HT_011669,2026-02-12,Canada,Korean,Dutch,free,18-24,M,Travel,2026-02
HT_011670,2025-11-08,Germany,Chinese,Italian|Spanish|German,free,25-34,M,Travel,2025-11
HT_011671,2026-03-20,Germany,Italian,Portuguese|French,free,25-34,M,Exam,2026-03
HT_011672,2026-03-05,USA,French,Spanish|English,free,18-24,F,Exam,2026-03
HT_011673,2025-12-09,Canada,German,Chinese|French|English,free,18-24,F,Exam,2025-12
HT_011674,2025-05-25,South Korea,English,French|Japanese,premium,25-34,F,Hobby,2025-05
HT_011675,2025-06-24,UK,Spanish,Portuguese,free,18-24,F,Exam,2025-06
HT_011676,2025-10-12,Australia,Russian,Italian|English,free,25-34,F,Business,2025-10
HT_011677,2026-03-31,Mexico,Arabic,Korean,free,18-24,M,Travel,2026-03
HT_011678,2026-01-08,France,Dutch,Korean,free,25-34,F,Exam,2026-01
HT_011679,2025-06-21,Brazil,German,Italian,free,18-24,Other,Travel,2025-06
HT_011680,2025-11-16,Brazil,Spanish,Dutch,free,25-34,M,Immigration,2025-11
HT_011681,2025-06-20,Mexico,Korean,Russian|Dutch|English,free,18-24,M,Immigration,2025-06
HT_011682,2026-01-01,China,German,English|Japanese|French,premium,35-44,Other,Travel,2026-01
HT_011683,2025-07-01,Spain,French,Chinese|English|Italian,free,35-44,M,Exam,2025-07
HT_011684,2026-01-02,Brazil,Chinese,Italian|Russian,free,25-34,F,Travel,2026-01
HT_011685,2026-01-07,Germany,Arabic,Portuguese|Korean|Italian,free,18-24,Other,Exam,2026-01
HT_011686,2025-08-27,Spain,Chinese,Spanish|Portuguese,free,25-34,F,Immigration,2025-08
HT_011687,2025-12-13,Brazil,French,Portuguese|Italian|Arabic,free,35-44,F,Travel,2025-12
HT_011688,2025-09-13,Canada,French,Spanish|Chinese|Japanese,free,25-34,M,Hobby,2025-09
HT_011689,2025-05-12,South Korea,Japanese,French,free,25-34,M,Immigration,2025-05
HT_011690,2025-11-01,China,Spanish,French|Dutch,free,35-44,Other,Exam,2025-11
HT_011691,2026-03-02,China,Korean,German,premium,18-24,M,Hobby,2026-03
HT_011692,2025-05-11,Canada,German,Arabic|Italian,premium,45+,M,Immigration,2025-05
HT_011693,2025-05-14,Brazil,German,Spanish|French|Japanese,free,25-34,M,Exam,2025-05
HT_011694,2026-03-09,South Korea,Portuguese,Spanish|Chinese|Russian,free,18-24,F,Exam,2026-03
HT_011695,2025-08-01,South Korea,Korean,French,premium,35-44,M,Business,2025-08
HT_011696,2026-03-16,UK,Russian,Japanese|English,free,35-44,Other,Exam,2026-03
HT_011697,2025-06-22,South Korea,Arabic,Dutch|German|English,free,35-44,M,Travel,2025-06
HT_011698,2026-01-01,China,Japanese,Russian|Italian|Portuguese,free,45+,Other,Hobby,2026-01
HT_011699,2025-08-17,Brazil,Portuguese,Spanish|Arabic|English,free,25-34,M,Hobby,2025-08
HT_011700,2025-05-09,UK,Japanese,Spanish|Chinese|French,free,35-44,M,Business,2025-05
HT_011701,2025-10-26,UK,English,Spanish|Dutch|German,free,18-24,Other,Business,2025-10
HT_011702,2025-11-13,Spain,German,Arabic|Chinese,free,18-24,F,Immigration,2025-11
HT_011703,2025-06-03,China,French,Portuguese|Korean|Arabic,free,18-24,F,Travel,2025-06
HT_011704,2025-11-27,Japan,Japanese,Russian,premium,25-34,F,Exam,2025-11
HT_011705,2026-02-05,UK,Russian,Dutch,free,18-24,M,Hobby,2026-02
HT_011706,2025-07-15,France,Chinese,Korean|Japanese,free,18-24,M,Travel,2025-07
HT_011707,2025-05-26,South Korea,French,Italian,free,25-34,F,Business,2025-05
HT_011708,2026-03-20,Spain,Korean,Arabic|Portuguese,premium,18-24,F,Immigration,2026-03
HT_011709,2025-08-05,China,Italian,Russian,free,18-24,F,Exam,2025-08
HT_011710,2026-02-15,Brazil,German,French|Dutch|Korean,free,35-44,F,Business,2026-02
HT_011711,2025-06-10,France,English,Japanese|Spanish,free,25-34,M,Exam,2025-06
HT_011712,2025-05-26,USA,Spanish,French,free,35-44,M,Business,2025-05
HT_011713,2026-02-09,UK,Chinese,Russian,free,18-24,M,Business,2026-02
HT_011714,2025-06-29,Australia,Chinese,Spanish|English|Italian,free,45+,F,Travel,2025-06
HT_011715,2025-04-30,China,Korean,Portuguese,free,35-44,F,Exam,2025-04
HT_011716,2025-10-09,South Korea,Dutch,English,free,25-34,M,Hobby,2025-10
HT_011717,2025-12-13,USA,Italian,Arabic,free,35-44,F,Travel,2025-12
HT_011718,2025-05-16,Brazil,French,Japanese|Italian,free,18-24,F,Hobby,2025-05
HT_011719,2025-07-19,USA,Russian,German|Spanish|Japanese,free,25-34,M,Exam,2025-07
HT_011720,2026-02-13,Germany,English,Japanese,free,25-34,F,Business,2026-02
HT_011721,2026-03-28,UK,Dutch,French|Chinese,premium,25-34,F,Hobby,2026-03
HT_011722,2026-03-01,Australia,Dutch,German|Chinese,free,25-34,F,Exam,2026-03
HT_011723,2025-07-10,France,Japanese,English,premium,18-24,M,Immigration,2025-07
HT_011724,2025-09-03,Brazil,Arabic,Italian|Portuguese,free,18-24,Other,Business,2025-09
HT_011725,2025-07-17,South Korea,Italian,Spanish|Chinese,free,18-24,M,Business,2025-07
HT_011726,2026-02-02,Spain,Arabic,Russian|Dutch,free,35-44,Other,Travel,2026-02
HT_011727,2025-11-13,Brazil,German,English,free,25-34,F,Exam,2025-11
HT_011728,2025-05-03,Canada,Spanish,Dutch|Korean|Japanese,free,25-34,M,Business,2025-05
HT_011729,2025-09-21,Brazil,Italian,English|Korean|German,free,18-24,M,Exam,2025-09
HT_011730,2026-03-01,Germany,Arabic,French|Chinese|Spanish,free,18-24,M,Business,2026-03
HT_011731,2025-05-21,Mexico,English,Chinese|Arabic|Japanese,premium,35-44,Other,Exam,2025-05
HT_011732,2026-02-26,Brazil,Chinese,Japanese|Korean|Italian,free,45+,F,Travel,2026-02
HT_011733,2025-06-18,South Korea,Dutch,Japanese|Portuguese|Italian,free,25-34,Other,Travel,2025-06
HT_011734,2025-08-05,Japan,Korean,German|Japanese,premium,25-34,F,Exam,2025-08
HT_011735,2025-09-19,UK,Russian,Chinese,free,18-24,M,Exam,2025-09
HT_011736,2026-02-11,Canada,Italian,Portuguese|English,free,35-44,F,Exam,2026-02
HT_011737,2026-01-10,China,Portuguese,Spanish|English,free,18-24,Other,Business,2026-01
HT_011738,2025-08-22,Canada,Spanish,Italian,premium,25-34,M,Business,2025-08
HT_011739,2025-10-15,South Korea,Chinese,Dutch|English|Russian,free,25-34,F,Travel,2025-10
HT_011740,2025-08-22,Australia,Chinese,Italian,free,35-44,F,Business,2025-08
HT_011741,2026-01-10,Australia,English,Spanish,free,25-34,M,Business,2026-01
HT_011742,2026-01-06,Japan,Japanese,Spanish|French,free,35-44,F,Business,2026-01
HT_011743,2025-07-09,France,Russian,Chinese|English|German,premium,18-24,Other,Travel,2025-07
HT_011744,2025-12-04,UK,Chinese,Russian|German,free,35-44,M,Exam,2025-12
HT_011745,2025-10-19,Canada,Arabic,Korean|English,free,18-24,M,Immigration,2025-10
HT_011746,2025-06-07,Canada,Arabic,Korean|Dutch,free,25-34,M,Travel,2025-06
HT_011747,2025-07-25,UK,German,Chinese|Italian|English,free,25-34,F,Hobby,2025-07
HT_011748,2025-07-28,Spain,Spanish,Dutch|Japanese|Arabic,free,18-24,F,Immigration,2025-07
HT_011749,2025-07-27,Canada,Chinese,German|Dutch|Spanish,premium,18-24,M,Immigration,2025-07
HT_011750,2025-10-23,Australia,Italian,German|French,free,25-34,Other,Exam,2025-10
HT_011751,2026-03-12,France,French,English|Korean|Chinese,premium,18-24,F,Exam,2026-03
HT_011752,2025-11-13,UK,Chinese,English,free,25-34,M,Travel,2025-11
HT_011753,2026-02-26,France,Russian,German|English,free,35-44,Other,Travel,2026-02
HT_011754,2026-02-08,Australia,Arabic,Dutch|Russian,free,18-24,F,Exam,2026-02
HT_011755,2025-11-25,Germany,Dutch,German|Portuguese|French,free,25-34,M,Travel,2025-11
HT_011756,2025-04-29,Australia,Italian,Russian,free,18-24,M,Exam,2025-04
HT_011757,2026-02-02,Brazil,Portuguese,French|Dutch|Japanese,free,18-24,F,Travel,2026-02
HT_011758,2025-09-09,Australia,Spanish,Italian|Portuguese|German,free,18-24,Other,Travel,2025-09
HT_011759,2025-09-11,China,Arabic,English|Dutch,free,25-34,Other,Immigration,2025-09
HT_011760,2026-04-07,Spain,Russian,English|Spanish,premium,18-24,F,Travel,2026-04
HT_011761,2026-01-15,South Korea,Chinese,Japanese|Italian|Spanish,premium,35-44,Other,Travel,2026-01
HT_011762,2025-06-24,Brazil,English,Korean|Japanese|Portuguese,free,18-24,F,Hobby,2025-06
HT_011763,2025-11-11,UK,Arabic,Italian,premium,25-34,Other,Exam,2025-11
HT_011764,2025-12-14,Mexico,Portuguese,Russian,premium,25-34,F,Immigration,2025-12
HT_011765,2025-10-19,South Korea,Portuguese,English|Spanish|Dutch,premium,25-34,M,Immigration,2025-10
HT_011766,2025-11-25,South Korea,Russian,English,free,35-44,M,Exam,2025-11
HT_011767,2025-11-07,Japan,Italian,Chinese,premium,18-24,M,Travel,2025-11
HT_011768,2026-03-05,France,French,German|English|Dutch,free,35-44,Other,Hobby,2026-03
HT_011769,2026-03-18,Brazil,Japanese,Korean|English|Italian,free,45+,M,Business,2026-03
HT_011770,2025-10-07,Germany,Portuguese,French|English,free,25-34,M,Immigration,2025-10
HT_011771,2025-08-05,France,Arabic,Korean|Italian|Japanese,free,18-24,F,Immigration,2025-08
HT_011772,2025-04-18,Mexico,Chinese,Arabic|Japanese|Dutch,free,18-24,M,Immigration,2025-04
HT_011773,2026-02-02,UK,Arabic,Russian,premium,45+,F,Business,2026-02
HT_011774,2025-12-07,USA,German,French|English|Dutch,free,18-24,M,Immigration,2025-12
HT_011775,2025-11-23,Germany,Chinese,German,free,18-24,F,Travel,2025-11
HT_011776,2025-09-04,Australia,Korean,English,premium,18-24,Other,Travel,2025-09
HT_011777,2026-03-07,China,Spanish,German,free,35-44,M,Immigration,2026-03
HT_011778,2026-01-07,USA,Dutch,Spanish,free,18-24,M,Immigration,2026-01
HT_011779,2025-10-28,Mexico,Japanese,French|Spanish,free,35-44,M,Business,2025-10
HT_011780,2025-12-14,USA,Dutch,English|Russian,free,25-34,M,Business,2025-12
HT_011781,2025-12-20,Mexico,Korean,Chinese,free,25-34,M,Hobby,2025-12
HT_011782,2026-03-31,Mexico,Italian,Russian|Spanish,free,25-34,M,Immigration,2026-03
HT_011783,2026-02-21,Australia,Dutch,Japanese,free,25-34,M,Immigration,2026-02
HT_011784,2025-09-10,Germany,Chinese,Portuguese,free,25-34,F,Hobby,2025-09
HT_011785,2025-11-25,Germany,Russian,French,free,18-24,Other,Hobby,2025-11
HT_011786,2025-07-28,Spain,Portuguese,Arabic,free,18-24,Other,Exam,2025-07
HT_011787,2025-11-02,Germany,German,Portuguese|Dutch|Japanese,free,18-24,M,Hobby,2025-11
HT_011788,2026-01-09,France,Portuguese,Chinese,free,18-24,Other,Hobby,2026-01
HT_011789,2026-01-01,France,Russian,Dutch,free,25-34,M,Exam,2026-01
HT_011790,2026-04-05,UK,Russian,Korean,free,25-34,F,Immigration,2026-04
HT_011791,2025-10-11,Germany,Arabic,French,free,18-24,Other,Travel,2025-10
HT_011792,2026-02-22,China,Chinese,Portuguese|Japanese,free,25-34,F,Exam,2026-02
HT_011793,2025-11-23,UK,Italian,Arabic|Portuguese|Dutch,free,45+,Other,Hobby,2025-11
HT_011794,2025-06-26,Brazil,Dutch,Russian|Chinese|Spanish,free,45+,F,Immigration,2025-06
HT_011795,2025-12-02,Germany,Korean,Portuguese|Arabic|Japanese,free,25-34,M,Exam,2025-12
HT_011796,2025-12-21,Brazil,Russian,Italian|English,free,35-44,M,Travel,2025-12
HT_011797,2025-06-15,South Korea,English,Italian|Arabic,free,35-44,Other,Immigration,2025-06
HT_011798,2025-07-27,Mexico,German,Korean|French,free,25-34,Other,Travel,2025-07
HT_011799,2026-02-06,Brazil,Russian,Chinese,free,25-34,F,Exam,2026-02
HT_011800,2025-08-18,USA,Korean,Arabic,premium,35-44,F,Immigration,2025-08
HT_011801,2025-11-24,Australia,Russian,Spanish|French|Italian,premium,18-24,F,Immigration,2025-11
HT_011802,2026-04-03,Brazil,Italian,Arabic,free,45+,M,Travel,2026-04
HT_011803,2025-05-05,Australia,Spanish,Japanese|Portuguese|French,free,45+,Other,Exam,2025-05
HT_011804,2025-10-29,Brazil,Dutch,Portuguese|Italian|Spanish,free,35-44,Other,Immigration,2025-10
HT_011805,2025-05-30,China,Arabic,Korean|English,free,25-34,Other,Immigration,2025-05
HT_011806,2025-11-18,France,Russian,Italian|Korean|French,free,25-34,F,Exam,2025-11
HT_011807,2025-12-03,South Korea,Spanish,Japanese|Dutch|English,premium,35-44,Other,Hobby,2025-12
HT_011808,2025-06-07,Spain,Chinese,French,free,25-34,F,Hobby,2025-06
HT_011809,2025-05-08,China,Chinese,Portuguese|Korean,free,25-34,F,Business,2025-05
HT_011810,2025-09-27,Mexico,English,Spanish|Italian,free,18-24,M,Exam,2025-09
HT_011811,2026-02-17,USA,Arabic,Dutch,free,35-44,M,Exam,2026-02
HT_011812,2025-07-27,Japan,Italian,Arabic,free,25-34,F,Business,2025-07
HT_011813,2025-12-17,Australia,Spanish,Italian|Korean,free,25-34,Other,Exam,2025-12
HT_011814,2025-07-17,France,Chinese,Portuguese,free,35-44,Other,Exam,2025-07
HT_011815,2025-06-09,France,French,Chinese|German|Japanese,premium,18-24,F,Immigration,2025-06
HT_011816,2025-04-17,Australia,Dutch,Chinese,premium,45+,M,Hobby,2025-04
HT_011817,2025-07-25,France,French,Spanish,free,35-44,Other,Travel,2025-07
HT_011818,2025-08-21,UK,Portuguese,Chinese|Arabic,free,35-44,F,Exam,2025-08
HT_011819,2026-04-04,China,German,Arabic|Dutch,free,35-44,F,Hobby,2026-04
HT_011820,2026-03-19,France,Chinese,French,free,35-44,F,Hobby,2026-03
HT_011821,2025-11-29,Germany,Russian,German|Chinese,premium,25-34,F,Travel,2025-11
HT_011822,2025-12-26,China,Korean,Spanish|Arabic|German,free,18-24,Other,Business,2025-12
HT_011823,2026-02-09,China,Spanish,Arabic|Chinese|Korean,free,25-34,F,Immigration,2026-02
HT_011824,2025-04-29,Canada,French,English|Italian|Chinese,free,35-44,F,Hobby,2025-04
HT_011825,2026-01-21,UK,Chinese,Spanish,premium,18-24,Other,Travel,2026-01
HT_011826,2025-10-02,Japan,Arabic,Chinese|French,free,18-24,M,Travel,2025-10
HT_011827,2026-02-01,Australia,Italian,German,free,18-24,M,Immigration,2026-02
HT_011828,2025-09-17,USA,Italian,Portuguese,free,25-34,F,Exam,2025-09
HT_011829,2025-08-10,Mexico,English,Chinese|Russian|Arabic,free,35-44,Other,Exam,2025-08
HT_011830,2025-07-02,Brazil,Korean,Russian,free,25-34,Other,Travel,2025-07
HT_011831,2025-06-30,Mexico,Portuguese,Russian,free,25-34,M,Hobby,2025-06
HT_011832,2025-09-07,Australia,Russian,Portuguese|Arabic,free,18-24,F,Travel,2025-09
HT_011833,2025-06-10,UK,Italian,Spanish|Chinese|Arabic,free,18-24,Other,Immigration,2025-06
HT_011834,2026-03-13,Japan,Italian,French|German,free,35-44,M,Travel,2026-03
HT_011835,2026-01-07,USA,German,Spanish,free,18-24,M,Travel,2026-01
HT_011836,2025-06-27,Mexico,Chinese,German|Japanese,free,18-24,Other,Travel,2025-06
HT_011837,2025-05-29,Canada,Japanese,Korean|Dutch|French,free,35-44,Other,Travel,2025-05
HT_011838,2025-11-12,China,Dutch,Arabic,free,35-44,M,Business,2025-11
HT_011839,2025-05-21,UK,Dutch,German|Chinese|French,free,18-24,Other,Travel,2025-05
HT_011840,2026-02-11,UK,French,Portuguese,free,18-24,M,Hobby,2026-02
HT_011841,2025-11-13,Canada,Chinese,Japanese,premium,25-34,M,Business,2025-11
HT_011842,2025-09-10,Germany,Italian,Russian|Arabic,free,25-34,F,Business,2025-09
HT_011843,2026-01-08,Canada,Arabic,Italian,free,18-24,M,Business,2026-01
HT_011844,2025-04-20,South Korea,Italian,Spanish|Dutch,free,25-34,Other,Business,2025-04
HT_011845,2026-02-23,Japan,Dutch,Japanese,free,18-24,Other,Immigration,2026-02
HT_011846,2025-04-12,South Korea,Russian,Japanese,free,35-44,M,Business,2025-04
HT_011847,2025-08-25,Australia,German,English|Italian|Japanese,premium,18-24,Other,Exam,2025-08
HT_011848,2026-02-18,USA,English,Korean,free,18-24,M,Exam,2026-02
HT_011849,2026-02-25,China,Korean,English|Arabic,free,25-34,Other,Business,2026-02
HT_011850,2026-01-26,China,French,Italian,free,18-24,F,Hobby,2026-01
HT_011851,2025-05-03,Canada,Korean,English|Dutch|Chinese,premium,18-24,M,Business,2025-05
HT_011852,2026-02-26,Brazil,Arabic,French|German,free,18-24,F,Exam,2026-02
HT_011853,2025-11-29,UK,Chinese,Russian|Korean|Spanish,premium,35-44,M,Travel,2025-11
HT_011854,2026-02-13,South Korea,Russian,Italian,free,35-44,M,Hobby,2026-02
HT_011855,2025-05-11,Japan,Portuguese,French|Arabic|Spanish,premium,18-24,Other,Exam,2025-05
HT_011856,2025-07-20,South Korea,French,Portuguese,free,18-24,M,Immigration,2025-07
HT_011857,2026-01-03,Mexico,German,Arabic,free,25-34,Other,Travel,2026-01
HT_011858,2025-08-20,UK,German,English,free,25-34,Other,Travel,2025-08
HT_011859,2026-02-10,Mexico,Chinese,English|Portuguese|Italian,premium,35-44,M,Exam,2026-02
HT_011860,2025-12-12,China,English,German|Portuguese|Russian,free,25-34,M,Exam,2025-12
HT_011861,2025-09-02,Germany,German,English|Italian|Dutch,free,25-34,F,Immigration,2025-09
HT_011862,2025-05-28,China,English,French|Dutch|Korean,free,18-24,M,Business,2025-05
HT_011863,2025-08-15,Japan,Arabic,Dutch|French|English,free,35-44,M,Travel,2025-08
HT_011864,2026-01-04,Australia,Arabic,Chinese,free,25-34,M,Travel,2026-01
HT_011865,2026-02-16,Canada,Spanish,French,free,18-24,F,Exam,2026-02
HT_011866,2026-02-13,Japan,Portuguese,Spanish|Japanese,free,35-44,M,Immigration,2026-02
HT_011867,2025-08-15,South Korea,Chinese,Arabic|Portuguese|Korean,free,18-24,M,Exam,2025-08
HT_011868,2025-06-01,South Korea,Italian,German,free,18-24,F,Hobby,2025-06
HT_011869,2025-06-29,Japan,German,Arabic|English,free,18-24,F,Business,2025-06
HT_011870,2025-06-21,China,Korean,German|French,free,35-44,M,Hobby,2025-06
HT_011871,2026-01-15,Canada,Spanish,Dutch|English,free,35-44,M,Immigration,2026-01
HT_011872,2025-12-30,Mexico,Italian,Spanish|German,free,25-34,M,Business,2025-12
HT_011873,2025-06-05,South Korea,English,Portuguese|Japanese,free,18-24,Other,Immigration,2025-06
HT_011874,2025-04-21,UK,Portuguese,German|French|Italian,free,18-24,M,Hobby,2025-04
HT_011875,2025-07-12,Canada,French,English|Spanish,free,35-44,F,Travel,2025-07
HT_011876,2025-12-07,Australia,English,French,free,18-24,M,Business,2025-12
HT_011877,2025-04-14,UK,German,Portuguese|Japanese,premium,18-24,M,Hobby,2025-04
HT_011878,2026-01-18,Germany,English,German|Russian,free,18-24,M,Business,2026-01
HT_011879,2025-12-27,Australia,German,French|Russian,free,25-34,Other,Business,2025-12
HT_011880,2025-08-04,Spain,German,Italian,premium,18-24,Other,Business,2025-08
HT_011881,2025-10-18,France,Arabic,Japanese|Spanish,free,25-34,F,Hobby,2025-10
HT_011882,2026-02-25,South Korea,French,Japanese,free,35-44,M,Exam,2026-02
HT_011883,2025-05-03,Canada,English,German|Portuguese|Spanish,free,25-34,M,Exam,2025-05
HT_011884,2025-05-27,South Korea,Italian,Korean|French|English,premium,35-44,Other,Immigration,2025-05
HT_011885,2025-11-23,Germany,French,Italian,free,18-24,Other,Travel,2025-11
HT_011886,2025-09-23,Germany,Italian,Russian|Arabic|German,free,18-24,Other,Travel,2025-09
HT_011887,2025-08-09,China,Japanese,Chinese|Portuguese,free,35-44,M,Travel,2025-08
HT_011888,2025-11-11,Canada,German,Dutch|English|Japanese,free,25-34,F,Travel,2025-11
HT_011889,2025-12-21,Australia,Japanese,Italian|English|Russian,free,18-24,Other,Exam,2025-12
HT_011890,2026-01-24,Canada,Dutch,Russian|Italian,free,25-34,F,Exam,2026-01
HT_011891,2025-06-23,Canada,Dutch,French|Arabic|Spanish,free,35-44,M,Business,2025-06
HT_011892,2025-04-20,Brazil,Korean,Spanish|German|Chinese,free,18-24,M,Hobby,2025-04
HT_011893,2025-05-25,Japan,Spanish,Japanese|German|French,free,25-34,M,Travel,2025-05
HT_011894,2025-04-21,Germany,French,Spanish|Russian,premium,25-34,F,Business,2025-04
HT_011895,2026-03-18,Spain,Spanish,Italian,free,25-34,Other,Business,2026-03
HT_011896,2026-03-09,France,Portuguese,German|English|Italian,free,25-34,F,Immigration,2026-03
HT_011897,2025-09-27,UK,Spanish,Dutch,premium,25-34,Other,Immigration,2025-09
HT_011898,2026-03-11,South Korea,Korean,Italian|Spanish,free,18-24,Other,Travel,2026-03
HT_011899,2025-05-05,Germany,Spanish,English|Chinese|Dutch,free,25-34,M,Travel,2025-05
HT_011900,2025-12-10,USA,English,Korean|Spanish,free,18-24,M,Immigration,2025-12
HT_011901,2026-03-31,Germany,French,Arabic,free,35-44,F,Exam,2026-03
HT_011902,2025-11-30,Spain,Dutch,Russian,free,18-24,F,Hobby,2025-11
HT_011903,2025-09-16,Japan,Portuguese,Spanish|Italian|Japanese,free,18-24,F,Immigration,2025-09
HT_011904,2026-03-29,UK,Korean,Italian|Russian|Chinese,free,18-24,F,Hobby,2026-03
HT_011905,2026-03-15,Mexico,Russian,English,free,25-34,F,Travel,2026-03
HT_011906,2026-04-06,South Korea,English,Chinese,free,35-44,Other,Immigration,2026-04
HT_011907,2025-06-27,France,Italian,Dutch|Chinese,free,18-24,Other,Immigration,2025-06
HT_011908,2026-01-01,Japan,German,Korean,free,25-34,F,Exam,2026-01
HT_011909,2025-06-01,France,Korean,French|Spanish,free,25-34,Other,Hobby,2025-06
HT_011910,2025-12-30,Spain,Portuguese,Spanish|Russian,free,18-24,Other,Exam,2025-12
HT_011911,2025-09-13,Australia,Chinese,Korean|Japanese,premium,18-24,M,Exam,2025-09
HT_011912,2025-12-17,Brazil,Dutch,Japanese|Portuguese|Spanish,free,45+,Other,Hobby,2025-12
HT_011913,2025-11-03,Spain,Japanese,Italian|Dutch,free,25-34,F,Exam,2025-11
HT_011914,2025-11-28,USA,French,Arabic|Russian|Portuguese,free,18-24,Other,Travel,2025-11
HT_011915,2025-07-14,USA,Korean,Arabic|Dutch,free,25-34,F,Exam,2025-07
HT_011916,2026-03-15,UK,Japanese,Chinese,premium,35-44,F,Immigration,2026-03
HT_011917,2026-01-25,France,Korean,English|German,premium,35-44,M,Business,2026-01
HT_011918,2025-05-02,Canada,Spanish,Chinese|Japanese|Russian,free,25-34,F,Travel,2025-05
HT_011919,2025-10-10,Mexico,English,Italian|Japanese,premium,25-34,Other,Immigration,2025-10
HT_011920,2025-08-16,Spain,Spanish,English|Italian,free,18-24,F,Immigration,2025-08
HT_011921,2026-01-18,Spain,Arabic,Spanish|German,premium,18-24,M,Travel,2026-01
HT_011922,2025-04-18,Germany,Russian,Portuguese,free,45+,M,Exam,2025-04
HT_011923,2025-06-16,Mexico,Dutch,Portuguese|German,free,25-34,Other,Exam,2025-06
HT_011924,2025-11-04,Mexico,Dutch,Chinese,free,25-34,F,Immigration,2025-11
HT_011925,2025-06-19,Canada,Russian,Italian,premium,25-34,F,Exam,2025-06
HT_011926,2025-06-09,Spain,Spanish,Arabic|Dutch|Russian,free,25-34,Other,Immigration,2025-06
HT_011927,2026-02-06,UK,Italian,Portuguese,free,18-24,Other,Immigration,2026-02
HT_011928,2026-01-26,South Korea,Korean,Italian|Japanese,free,45+,Other,Exam,2026-01
HT_011929,2026-01-12,Brazil,Dutch,Korean|Portuguese|English,free,45+,M,Hobby,2026-01
HT_011930,2025-06-05,Australia,French,Chinese|Arabic|Dutch,free,18-24,M,Travel,2025-06
HT_011931,2025-04-12,Mexico,Portuguese,German|Dutch,free,25-34,M,Business,2025-04
HT_011932,2025-08-29,South Korea,English,Dutch|Korean,free,35-44,Other,Immigration,2025-08
HT_011933,2025-08-02,Canada,Portuguese,Russian|Dutch|Italian,free,25-34,Other,Business,2025-08
HT_011934,2025-12-01,Australia,Arabic,Russian|French,free,25-34,F,Business,2025-12
HT_011935,2025-11-30,UK,Russian,German|Portuguese|Chinese,free,45+,M,Business,2025-11
HT_011936,2025-04-18,Germany,English,Spanish|Portuguese|Italian,free,25-34,Other,Travel,2025-04
HT_011937,2025-12-01,Brazil,French,German|Spanish|Arabic,free,45+,M,Exam,2025-12
HT_011938,2026-02-23,China,Arabic,English,free,35-44,M,Business,2026-02
HT_011939,2025-10-26,Canada,English,Korean,free,45+,F,Hobby,2025-10
HT_011940,2025-07-14,South Korea,Japanese,Korean|German,free,18-24,M,Hobby,2025-07
HT_011941,2026-03-27,France,Italian,Japanese|French|Russian,free,35-44,M,Hobby,2026-03
HT_011942,2026-01-09,China,Chinese,Dutch|Spanish|English,free,25-34,F,Immigration,2026-01
HT_011943,2025-07-22,Mexico,Japanese,Korean|Russian,free,25-34,Other,Immigration,2025-07
HT_011944,2025-09-04,UK,English,Chinese|Korean|Dutch,free,25-34,M,Hobby,2025-09
HT_011945,2026-01-02,Australia,Dutch,Korean,free,45+,Other,Travel,2026-01
HT_011946,2025-04-22,South Korea,French,Chinese,free,18-24,Other,Exam,2025-04
HT_011947,2025-10-18,USA,Italian,Russian,free,25-34,Other,Hobby,2025-10
HT_011948,2026-03-05,USA,Japanese,English,free,18-24,F,Hobby,2026-03
HT_011949,2025-07-27,Brazil,Korean,German|Italian|French,free,45+,Other,Exam,2025-07
HT_011950,2026-02-12,Spain,Italian,English|Chinese|Arabic,free,18-24,F,Hobby,2026-02
HT_011951,2025-04-28,UK,French,Arabic|Russian|Portuguese,free,25-34,M,Immigration,2025-04
HT_011952,2025-10-16,Japan,Chinese,French|Russian|Portuguese,free,25-34,F,Exam,2025-10
HT_011953,2025-07-25,Canada,Korean,German|Portuguese|Spanish,free,18-24,Other,Business,2025-07
HT_011954,2026-02-08,Spain,Arabic,Dutch,free,45+,Other,Travel,2026-02
HT_011955,2025-09-01,Mexico,Korean,Dutch,free,35-44,F,Business,2025-09
HT_011956,2025-12-02,Australia,Japanese,German,free,25-34,F,Travel,2025-12
HT_011957,2025-08-16,Mexico,Italian,Japanese|Korean|Spanish,free,25-34,F,Hobby,2025-08
HT_011958,2025-08-31,Brazil,Italian,Arabic|Dutch,free,25-34,F,Exam,2025-08
HT_011959,2026-02-27,UK,English,Russian,free,18-24,M,Hobby,2026-02
HT_011960,2025-10-15,UK,Italian,Arabic,free,18-24,M,Exam,2025-10
HT_011961,2025-10-18,Australia,Korean,English|Dutch,free,18-24,F,Exam,2025-10
HT_011962,2025-10-23,Spain,Chinese,Russian,free,35-44,F,Hobby,2025-10
HT_011963,2025-06-23,Australia,English,Russian,free,18-24,F,Hobby,2025-06
HT_011964,2025-07-31,Spain,Chinese,Italian|Russian|French,free,18-24,F,Hobby,2025-07
HT_011965,2025-09-09,China,Dutch,Japanese|German,free,45+,Other,Business,2025-09
HT_011966,2025-10-08,Canada,Korean,English|German|Dutch,premium,25-34,M,Business,2025-10
HT_011967,2025-07-19,China,Korean,Spanish|French,free,18-24,F,Exam,2025-07
HT_011968,2025-10-14,Mexico,German,Russian,free,25-34,Other,Travel,2025-10
HT_011969,2025-10-08,Germany,French,Portuguese|Chinese,free,25-34,Other,Hobby,2025-10
HT_011970,2025-09-01,Germany,Dutch,Spanish|Korean,premium,45+,M,Exam,2025-09
HT_011971,2026-01-17,Canada,English,Portuguese,free,35-44,Other,Immigration,2026-01
HT_011972,2025-06-01,Mexico,Chinese,Portuguese,free,25-34,F,Exam,2025-06
HT_011973,2025-06-11,China,Korean,Russian|Italian,premium,18-24,F,Travel,2025-06
HT_011974,2025-07-21,China,Dutch,English|Russian,free,18-24,M,Business,2025-07
HT_011975,2025-05-24,Germany,Japanese,French,free,25-34,F,Business,2025-05
HT_011976,2025-04-12,Brazil,Spanish,Italian|Dutch,free,18-24,M,Hobby,2025-04
HT_011977,2026-03-14,Japan,French,Dutch|English|Portuguese,premium,18-24,Other,Exam,2026-03
HT_011978,2025-12-07,France,Chinese,Spanish|Korean|Japanese,free,25-34,F,Travel,2025-12
HT_011979,2025-05-18,France,English,Arabic|Korean|Italian,free,18-24,F,Hobby,2025-05
HT_011980,2025-09-27,Japan,Italian,Portuguese|Spanish,premium,18-24,F,Business,2025-09
HT_011981,2026-02-21,UK,Chinese,English|Japanese|French,free,25-34,M,Hobby,2026-02
HT_011982,2025-06-12,USA,English,Dutch|French|Spanish,free,45+,F,Hobby,2025-06
HT_011983,2026-02-25,USA,Chinese,Portuguese|Russian,free,35-44,Other,Immigration,2026-02
HT_011984,2025-09-19,UK,Russian,Japanese|French,free,18-24,F,Immigration,2025-09
HT_011985,2025-06-20,USA,Japanese,Arabic|Korean|German,free,45+,Other,Exam,2025-06
HT_011986,2026-01-30,Spain,French,Russian|Korean,free,18-24,F,Exam,2026-01
HT_011987,2025-06-15,Japan,Italian,Japanese|French|Spanish,free,18-24,Other,Travel,2025-06
HT_011988,2026-01-25,China,Italian,Chinese|Portuguese,free,25-34,Other,Travel,2026-01
HT_011989,2026-02-26,Canada,Russian,Korean|Arabic|Italian,free,35-44,M,Travel,2026-02
HT_011990,2026-03-27,Japan,Spanish,Russian|Italian,free,18-24,M,Business,2026-03
HT_011991,2025-08-14,UK,Dutch,Russian|Italian,free,25-34,M,Hobby,2025-08
HT_011992,2026-03-22,Brazil,Italian,Russian|Dutch,premium,18-24,F,Business,2026-03
HT_011993,2025-04-25,China,Chinese,German,free,25-34,F,Exam,2025-04
HT_011994,2025-10-18,Japan,Korean,Japanese,free,35-44,M,Travel,2025-10
HT_011995,2025-05-10,South Korea,Chinese,French,free,18-24,F,Exam,2025-05
HT_011996,2025-04-24,UK,German,Chinese|Italian|Dutch,free,25-34,M,Travel,2025-04
HT_011997,2025-10-22,France,Russian,French|Japanese|German,free,25-34,Other,Exam,2025-10
HT_011998,2026-03-30,Australia,Spanish,German|Dutch|English,free,25-34,M,Immigration,2026-03
HT_011999,2026-01-01,Germany,Russian,German,free,45+,M,Immigration,2026-01
HT_012000,2025-08-18,UK,Arabic,Portuguese|Korean,free,18-24,M,Exam,2025-08
HT_012001,2025-11-27,Germany,Dutch,Russian,free,45+,M,Immigration,2025-11
HT_012002,2026-04-12,Brazil,Russian,French,free,25-34,M,Immigration,2026-04
HT_012003,2026-03-31,Mexico,Arabic,Korean|Spanish,free,25-34,F,Exam,2026-03
HT_012004,2025-10-19,Australia,Russian,Dutch|Portuguese|German,free,25-34,F,Exam,2025-10
HT_012005,2026-02-09,China,French,Dutch|Japanese,premium,25-34,F,Travel,2026-02
HT_012006,2026-03-10,USA,French,Japanese,free,25-34,Other,Business,2026-03
HT_012007,2025-06-11,Canada,Chinese,German,free,35-44,M,Travel,2025-06
HT_012008,2025-05-05,Brazil,German,Korean|Dutch|English,free,45+,Other,Hobby,2025-05
HT_012009,2026-01-30,Brazil,Italian,Korean|English|Russian,free,25-34,F,Immigration,2026-01
HT_012010,2026-01-26,Brazil,Arabic,Spanish,premium,35-44,F,Immigration,2026-01
HT_012011,2025-07-08,USA,Japanese,Korean|French,free,18-24,M,Business,2025-07
HT_012012,2025-06-09,Spain,Italian,Japanese,free,18-24,Other,Hobby,2025-06
HT_012013,2025-12-24,Japan,Korean,French,free,25-34,M,Business,2025-12
HT_012014,2025-12-28,Australia,Arabic,Portuguese|Italian,free,35-44,Other,Exam,2025-12
HT_012015,2026-03-25,Mexico,Dutch,Chinese|English,free,25-34,F,Travel,2026-03
HT_012016,2026-02-13,China,French,Japanese|German|Portuguese,free,35-44,Other,Immigration,2026-02
HT_012017,2025-08-16,South Korea,French,Spanish|Arabic|German,free,35-44,F,Exam,2025-08
HT_012018,2025-06-28,South Korea,Portuguese,Arabic|Japanese,free,45+,Other,Hobby,2025-06
HT_012019,2025-08-20,Japan,German,Arabic|Spanish,free,35-44,Other,Exam,2025-08
HT_012020,2025-10-21,Australia,Korean,Italian|Portuguese|French,free,18-24,M,Travel,2025-10
HT_012021,2025-05-29,South Korea,Arabic,Dutch,free,25-34,M,Hobby,2025-05
HT_012022,2025-08-16,Mexico,Japanese,Portuguese,free,25-34,M,Travel,2025-08
HT_012023,2026-03-04,Brazil,Korean,Chinese,premium,18-24,M,Exam,2026-03
HT_012024,2025-06-27,Germany,German,French,free,25-34,F,Hobby,2025-06
HT_012025,2025-08-17,South Korea,Spanish,Japanese|Chinese,free,35-44,M,Hobby,2025-08
HT_012026,2026-01-25,Brazil,Japanese,German|Spanish,free,25-34,Other,Exam,2026-01
HT_012027,2025-12-22,South Korea,Italian,Dutch|Chinese|Russian,premium,18-24,M,Hobby,2025-12
HT_012028,2025-07-25,USA,Arabic,English|French,free,25-34,M,Travel,2025-07
HT_012029,2025-08-28,UK,Korean,German|Japanese,free,25-34,F,Exam,2025-08
HT_012030,2025-04-15,USA,Russian,Arabic,free,35-44,Other,Immigration,2025-04
HT_012031,2025-05-03,Brazil,French,German|Italian,free,25-34,F,Exam,2025-05
HT_012032,2025-12-05,UK,Russian,German|Italian,free,25-34,Other,Business,2025-12
HT_012033,2025-12-29,Mexico,Italian,German|Russian|Chinese,free,25-34,F,Hobby,2025-12
HT_012034,2025-08-21,Mexico,Spanish,German,free,25-34,Other,Immigration,2025-08
HT_012035,2025-08-29,Brazil,English,Japanese|Korean,free,25-34,M,Travel,2025-08
HT_012036,2025-12-31,China,German,Spanish,free,25-34,Other,Exam,2025-12
HT_012037,2026-02-23,China,Chinese,French|Spanish,free,25-34,Other,Exam,2026-02
HT_012038,2026-01-15,Spain,French,Spanish,free,18-24,M,Hobby,2026-01
HT_012039,2026-03-18,China,Portuguese,Dutch,free,18-24,F,Travel,2026-03
HT_012040,2025-12-03,France,Italian,Dutch|French,free,45+,M,Travel,2025-12
HT_012041,2025-08-11,Spain,Chinese,French|Italian|Spanish,free,18-24,M,Immigration,2025-08
HT_012042,2025-11-10,South Korea,Chinese,English|Korean|Japanese,premium,25-34,F,Business,2025-11
HT_012043,2025-05-30,Australia,Russian,Arabic|Italian|Spanish,free,25-34,M,Business,2025-05
HT_012044,2025-08-21,Spain,Portuguese,Arabic|Dutch|Korean,free,25-34,Other,Travel,2025-08
HT_012045,2025-05-10,Germany,Portuguese,Spanish|Dutch|Russian,premium,35-44,M,Immigration,2025-05
HT_012046,2025-07-09,Japan,German,Spanish|Dutch,premium,25-34,F,Immigration,2025-07
HT_012047,2025-09-24,Canada,Portuguese,German,free,25-34,Other,Travel,2025-09
HT_012048,2025-12-05,Brazil,Arabic,German|Dutch|Russian,free,25-34,F,Immigration,2025-12
HT_012049,2026-03-27,Spain,English,Dutch|German|Russian,free,25-34,Other,Travel,2026-03
HT_012050,2025-07-29,Japan,Portuguese,Chinese|English|Italian,free,18-24,M,Travel,2025-07
HT_012051,2026-02-23,South Korea,English,Russian,free,35-44,M,Exam,2026-02
HT_012052,2025-09-13,China,German,English|Arabic|Dutch,free,25-34,F,Immigration,2025-09
HT_012053,2026-03-19,Brazil,Chinese,Spanish|Portuguese|Japanese,free,25-34,M,Immigration,2026-03
HT_012054,2025-09-14,Brazil,Korean,Chinese|Arabic|Spanish,free,25-34,Other,Business,2025-09
HT_012055,2025-10-02,Mexico,Dutch,French,free,35-44,M,Immigration,2025-10
HT_012056,2026-04-07,USA,Russian,Japanese|French,free,18-24,F,Hobby,2026-04
HT_012057,2025-12-15,Spain,Portuguese,Russian,premium,18-24,M,Immigration,2025-12
HT_012058,2025-08-21,Japan,English,French|Arabic,premium,18-24,Other,Business,2025-08
HT_012059,2025-08-17,China,English,Japanese|Chinese,premium,35-44,Other,Exam,2025-08
HT_012060,2025-12-19,France,Chinese,German,free,18-24,M,Travel,2025-12
HT_012061,2025-08-17,China,Korean,Chinese|Spanish,free,25-34,M,Exam,2025-08
HT_012062,2025-08-05,China,Italian,Dutch|Russian,free,18-24,Other,Hobby,2025-08
HT_012063,2026-03-27,Australia,Arabic,Spanish|Portuguese,free,25-34,Other,Hobby,2026-03
HT_012064,2026-01-24,UK,English,Russian,free,25-34,Other,Exam,2026-01
HT_012065,2025-07-02,Germany,Arabic,Russian|English,free,18-24,Other,Hobby,2025-07
HT_012066,2025-05-06,Mexico,Korean,Italian|Russian,free,18-24,M,Immigration,2025-05
HT_012067,2025-10-12,France,Arabic,Japanese|Korean,free,18-24,M,Immigration,2025-10
HT_012068,2026-01-27,Mexico,German,Spanish,free,18-24,M,Immigration,2026-01
HT_012069,2025-12-15,Spain,French,Arabic,free,25-34,F,Business,2025-12
HT_012070,2026-03-21,Germany,English,Italian|Dutch|Spanish,premium,18-24,Other,Immigration,2026-03
HT_012071,2025-10-01,Mexico,Spanish,Portuguese,premium,25-34,Other,Business,2025-10
HT_012072,2025-12-22,USA,Korean,Portuguese,free,35-44,M,Travel,2025-12
HT_012073,2025-07-25,Mexico,Arabic,Dutch|Italian|German,free,35-44,Other,Hobby,2025-07
HT_012074,2025-06-12,Mexico,Dutch,Korean|Arabic|Japanese,free,25-34,M,Travel,2025-06
HT_012075,2026-01-15,Canada,English,Korean,premium,35-44,F,Hobby,2026-01
HT_012076,2025-09-11,Germany,Italian,Russian|Korean,free,25-34,M,Hobby,2025-09
HT_012077,2025-06-21,South Korea,Arabic,Dutch|Korean,free,25-34,Other,Immigration,2025-06
HT_012078,2025-07-26,Canada,Spanish,Korean|Portuguese|Arabic,free,25-34,Other,Travel,2025-07
HT_012079,2026-02-19,Australia,Japanese,Spanish|Arabic|Russian,free,18-24,Other,Exam,2026-02
HT_012080,2025-12-30,Germany,French,Arabic|Dutch|Portuguese,free,18-24,M,Exam,2025-12
HT_012081,2025-12-07,Mexico,Arabic,French|German,free,25-34,F,Hobby,2025-12
HT_012082,2025-04-24,France,Russian,Korean|Chinese|English,free,18-24,M,Immigration,2025-04
HT_012083,2025-05-08,Canada,Portuguese,Spanish|Dutch,free,25-34,F,Immigration,2025-05
HT_012084,2025-12-30,South Korea,Russian,German|Arabic,free,18-24,Other,Travel,2025-12
HT_012085,2025-08-30,China,Korean,Italian,free,18-24,M,Business,2025-08
HT_012086,2025-11-06,Spain,Chinese,Japanese|Arabic,free,18-24,M,Exam,2025-11
HT_012087,2025-11-25,China,Chinese,Spanish|Arabic|Russian,free,25-34,M,Exam,2025-11
HT_012088,2026-02-25,Mexico,Spanish,Arabic|Russian|Italian,free,45+,Other,Hobby,2026-02
HT_012089,2026-03-23,Canada,English,Chinese|Italian,free,45+,Other,Exam,2026-03
HT_012090,2025-11-12,Canada,Portuguese,Italian|English|Japanese,free,35-44,Other,Business,2025-11
HT_012091,2025-12-02,Canada,Chinese,Italian|Portuguese,free,18-24,F,Hobby,2025-12
HT_012092,2025-09-07,Canada,Korean,Italian|German,premium,18-24,M,Exam,2025-09
HT_012093,2026-02-20,Canada,French,Japanese|Spanish|Dutch,free,35-44,F,Exam,2026-02
HT_012094,2025-09-19,Australia,Chinese,French,free,45+,F,Exam,2025-09
HT_012095,2026-01-12,USA,English,Dutch|Japanese,free,18-24,F,Hobby,2026-01
HT_012096,2025-04-22,Japan,Portuguese,Russian,free,25-34,M,Immigration,2025-04
HT_012097,2026-03-01,UK,French,Chinese,free,25-34,Other,Exam,2026-03
HT_012098,2026-03-17,France,Spanish,German|Italian|Japanese,free,18-24,M,Hobby,2026-03
HT_012099,2026-01-16,UK,Spanish,Portuguese|Arabic|Dutch,free,45+,M,Exam,2026-01
HT_012100,2026-04-02,Brazil,Arabic,Italian|German,free,25-34,M,Business,2026-04
HT_012101,2025-08-05,Brazil,Japanese,English,free,25-34,Other,Immigration,2025-08
HT_012102,2025-11-21,Canada,Portuguese,French|Italian|Japanese,free,45+,M,Exam,2025-11
HT_012103,2025-05-28,South Korea,Spanish,Korean,free,35-44,M,Hobby,2025-05
HT_012104,2025-11-17,Canada,Chinese,German|Japanese,free,25-34,M,Immigration,2025-11
HT_012105,2025-07-15,France,Chinese,French|Italian|Portuguese,free,35-44,M,Exam,2025-07
HT_012106,2025-05-30,Spain,German,Italian,free,25-34,F,Immigration,2025-05
HT_012107,2026-03-06,UK,English,Italian|French,free,25-34,F,Exam,2026-03
HT_012108,2025-09-02,Mexico,Korean,French,free,18-24,M,Business,2025-09
HT_012109,2025-12-15,Spain,Chinese,Russian|Portuguese|Spanish,free,18-24,M,Immigration,2025-12
HT_012110,2025-10-23,Germany,Arabic,Portuguese,free,25-34,M,Hobby,2025-10
HT_012111,2025-07-17,Australia,Arabic,Japanese,free,35-44,M,Business,2025-07
HT_012112,2026-01-30,Spain,Dutch,Italian|Chinese|French,free,35-44,Other,Exam,2026-01
HT_012113,2026-01-15,Germany,Spanish,Dutch|French,premium,25-34,F,Immigration,2026-01
HT_012114,2026-01-20,Spain,French,Portuguese,free,25-34,Other,Hobby,2026-01
HT_012115,2026-01-28,Germany,Russian,Dutch|Spanish,free,18-24,M,Immigration,2026-01
HT_012116,2025-12-25,South Korea,Portuguese,English|Spanish|Korean,free,25-34,F,Hobby,2025-12
HT_012117,2025-05-01,Mexico,German,Japanese|Arabic|English,premium,25-34,Other,Business,2025-05
HT_012118,2025-05-04,Spain,Russian,German,free,25-34,F,Business,2025-05
HT_012119,2025-10-29,Spain,German,Italian,free,25-34,M,Hobby,2025-10
HT_012120,2026-02-12,Spain,English,Dutch,premium,18-24,Other,Travel,2026-02
HT_012121,2026-02-25,USA,Dutch,Russian|Chinese|French,premium,18-24,M,Business,2026-02
HT_012122,2025-04-22,Japan,English,Korean|French,free,18-24,Other,Business,2025-04
HT_012123,2026-03-05,Japan,Korean,Arabic|German|Chinese,free,18-24,Other,Hobby,2026-03
HT_012124,2025-07-01,Australia,Chinese,Arabic|Russian|Portuguese,premium,25-34,M,Travel,2025-07
HT_012125,2025-09-13,South Korea,Portuguese,German|Arabic,free,25-34,F,Travel,2025-09
HT_012126,2026-01-15,France,Portuguese,Italian|Chinese,premium,25-34,M,Hobby,2026-01
HT_012127,2025-04-29,Germany,Japanese,Korean|Dutch,free,25-34,Other,Travel,2025-04
HT_012128,2025-06-11,UK,Chinese,Russian|Dutch|French,free,35-44,Other,Exam,2025-06
HT_012129,2025-06-11,Japan,French,German,free,45+,M,Exam,2025-06
HT_012130,2025-05-14,France,German,Spanish|Portuguese|Italian,free,35-44,Other,Hobby,2025-05
HT_012131,2025-06-28,Spain,Arabic,Dutch|French,free,25-34,M,Travel,2025-06
HT_012132,2026-02-24,Canada,English,Japanese|Spanish|Arabic,premium,35-44,F,Immigration,2026-02
HT_012133,2025-07-20,Australia,German,Italian,premium,25-34,M,Immigration,2025-07
HT_012134,2026-03-03,Brazil,German,French|Spanish,free,45+,M,Business,2026-03
HT_012135,2025-07-03,Japan,Arabic,Italian|Chinese,free,25-34,F,Exam,2025-07
HT_012136,2025-07-20,USA,Korean,Japanese|Italian|Arabic,free,25-34,Other,Business,2025-07
HT_012137,2025-06-14,Australia,Korean,Spanish,free,18-24,M,Business,2025-06
HT_012138,2026-01-24,UK,English,Korean|Dutch,free,25-34,Other,Business,2026-01
HT_012139,2025-06-03,Germany,Japanese,Chinese|French|Spanish,free,25-34,M,Hobby,2025-06
HT_012140,2025-08-24,Brazil,Arabic,Portuguese|Korean,free,25-34,M,Immigration,2025-08
HT_012141,2025-11-05,UK,Russian,Arabic,free,25-34,F,Business,2025-11
HT_012142,2025-06-06,Canada,Spanish,Russian|English|Japanese,free,18-24,M,Immigration,2025-06
HT_012143,2025-05-10,USA,French,Japanese|Arabic,free,35-44,F,Travel,2025-05
HT_012144,2025-05-17,USA,Arabic,Russian|English,free,35-44,F,Business,2025-05
HT_012145,2025-08-30,USA,Portuguese,French|Arabic,free,25-34,F,Travel,2025-08
HT_012146,2025-11-08,UK,Japanese,Dutch,free,18-24,F,Exam,2025-11
HT_012147,2025-08-28,Japan,Dutch,Chinese|Spanish,free,35-44,F,Exam,2025-08
HT_012148,2025-08-13,Mexico,Japanese,Spanish,free,18-24,F,Exam,2025-08
HT_012149,2025-05-27,Germany,Chinese,Italian,free,25-34,Other,Business,2025-05
HT_012150,2026-02-03,South Korea,Portuguese,English|Italian|French,free,45+,Other,Exam,2026-02
HT_012151,2025-08-16,Australia,Spanish,Korean|Japanese,free,35-44,Other,Hobby,2025-08
HT_012152,2025-07-21,France,Arabic,Portuguese|English|Spanish,free,18-24,F,Hobby,2025-07
HT_012153,2025-07-13,China,French,German|Chinese|Portuguese,free,35-44,Other,Business,2025-07
HT_012154,2025-10-15,China,Spanish,Italian|Dutch,free,18-24,Other,Business,2025-10
HT_012155,2026-02-07,Germany,Arabic,English,premium,18-24,Other,Hobby,2026-02
HT_012156,2025-07-05,Australia,Italian,Korean|Russian,premium,25-34,Other,Business,2025-07
HT_012157,2026-01-23,Brazil,French,Dutch,premium,18-24,M,Business,2026-01
HT_012158,2026-01-08,South Korea,German,Spanish|Portuguese,free,18-24,Other,Travel,2026-01
HT_012159,2025-08-31,China,German,Portuguese,premium,18-24,Other,Immigration,2025-08
HT_012160,2026-03-01,Germany,Dutch,French,free,25-34,Other,Business,2026-03
HT_012161,2026-03-14,Brazil,French,Dutch|Korean,free,25-34,F,Exam,2026-03
HT_012162,2025-06-20,Japan,Dutch,Italian,free,18-24,M,Hobby,2025-06
HT_012163,2025-06-12,China,Japanese,French|Arabic,free,18-24,M,Travel,2025-06
HT_012164,2026-01-02,Australia,Russian,Spanish,premium,18-24,Other,Business,2026-01
HT_012165,2025-10-28,Mexico,French,Chinese,free,25-34,Other,Hobby,2025-10
HT_012166,2025-09-28,Japan,Japanese,Chinese,free,18-24,M,Business,2025-09
HT_012167,2025-05-01,USA,Portuguese,Russian|Arabic,free,25-34,Other,Business,2025-05
HT_012168,2026-01-01,Japan,Russian,Italian,free,25-34,F,Business,2026-01
HT_012169,2025-04-19,Canada,French,Japanese|Italian,free,45+,M,Hobby,2025-04
HT_012170,2025-09-04,China,Korean,Italian|Portuguese,free,25-34,Other,Hobby,2025-09
HT_012171,2026-02-14,China,English,Chinese,free,18-24,F,Business,2026-02
HT_012172,2025-08-30,Brazil,Italian,Korean|Portuguese|Russian,free,18-24,M,Immigration,2025-08
HT_012173,2025-11-16,Australia,Arabic,Portuguese|English,free,18-24,Other,Hobby,2025-11
HT_012174,2025-12-10,China,French,Russian,free,18-24,F,Business,2025-12
HT_012175,2026-03-22,Germany,Spanish,German|Italian|Arabic,free,18-24,Other,Hobby,2026-03
HT_012176,2025-11-12,South Korea,Chinese,English|Portuguese,free,25-34,Other,Business,2025-11
HT_012177,2026-02-02,USA,Arabic,English|Japanese,free,45+,M,Travel,2026-02
HT_012178,2025-11-10,Canada,Chinese,Japanese,free,25-34,Other,Exam,2025-11
HT_012179,2025-12-06,France,Italian,Spanish,free,18-24,Other,Immigration,2025-12
HT_012180,2025-04-26,Germany,English,Portuguese|Chinese,free,35-44,F,Hobby,2025-04
HT_012181,2025-06-16,Japan,German,Italian,free,25-34,F,Hobby,2025-06
HT_012182,2026-03-25,Mexico,German,Korean|French,premium,25-34,Other,Immigration,2026-03
HT_012183,2025-08-16,Spain,Spanish,German|Chinese,free,18-24,F,Travel,2025-08
HT_012184,2025-11-08,China,Italian,Arabic|Dutch,free,25-34,F,Hobby,2025-11
HT_012185,2025-12-06,Canada,Italian,Portuguese,premium,25-34,M,Hobby,2025-12
HT_012186,2025-07-12,USA,Dutch,Korean|German,premium,35-44,M,Business,2025-07
HT_012187,2025-05-23,USA,Portuguese,Russian,premium,25-34,F,Hobby,2025-05
HT_012188,2025-11-09,China,Russian,Chinese|Italian,free,25-34,Other,Exam,2025-11
HT_012189,2026-03-18,Germany,French,Spanish|Dutch,free,45+,M,Business,2026-03
HT_012190,2025-06-26,South Korea,Portuguese,Arabic,free,18-24,F,Exam,2025-06
HT_012191,2026-02-20,South Korea,French,Italian|Korean|Arabic,free,25-34,Other,Business,2026-02
HT_012192,2025-10-14,USA,German,Italian|Arabic|Chinese,free,25-34,M,Immigration,2025-10
HT_012193,2025-05-10,UK,Korean,Spanish,free,35-44,M,Business,2025-05
HT_012194,2025-06-21,France,Korean,Japanese|German,free,25-34,M,Exam,2025-06
HT_012195,2026-03-14,Spain,Russian,French,free,18-24,Other,Exam,2026-03
HT_012196,2025-12-29,Mexico,German,Russian,free,18-24,M,Hobby,2025-12
HT_012197,2025-08-29,South Korea,Spanish,Russian,free,35-44,Other,Immigration,2025-08
HT_012198,2026-03-01,Australia,Arabic,Korean,free,25-34,M,Immigration,2026-03
HT_012199,2025-04-18,UK,Spanish,English|Chinese|Japanese,premium,35-44,M,Hobby,2025-04
HT_012200,2026-01-28,UK,Russian,German|Japanese,free,18-24,Other,Exam,2026-01
HT_012201,2025-06-16,South Korea,Dutch,Japanese|Italian|Portuguese,free,18-24,M,Business,2025-06
HT_012202,2026-02-06,France,Italian,Dutch|French|Japanese,free,35-44,M,Travel,2026-02
HT_012203,2025-10-12,South Korea,Arabic,Portuguese,free,18-24,F,Exam,2025-10
HT_012204,2025-10-06,Japan,French,Italian|Korean,free,35-44,F,Business,2025-10
HT_012205,2026-01-03,China,Italian,English|Japanese|Chinese,premium,18-24,F,Travel,2026-01
HT_012206,2025-05-25,China,English,Arabic|Korean,free,25-34,Other,Immigration,2025-05
HT_012207,2025-07-14,USA,French,Russian|Chinese|Italian,free,45+,F,Exam,2025-07
HT_012208,2026-03-10,Japan,German,Russian|Korean,free,25-34,Other,Immigration,2026-03
HT_012209,2025-11-05,Canada,Chinese,Arabic|Spanish|French,free,18-24,Other,Business,2025-11
HT_012210,2025-09-06,Canada,Korean,German|Italian,free,25-34,Other,Immigration,2025-09
HT_012211,2025-09-18,Canada,Italian,Dutch|French|German,free,35-44,M,Business,2025-09
HT_012212,2025-06-10,Canada,Spanish,Russian|Italian,premium,18-24,M,Travel,2025-06
HT_012213,2025-07-02,Spain,Spanish,Italian|French|Arabic,free,18-24,F,Travel,2025-07
HT_012214,2025-08-12,France,Russian,Dutch,free,18-24,M,Hobby,2025-08
HT_012215,2025-11-21,France,Korean,Dutch,free,35-44,M,Hobby,2025-11
HT_012216,2025-06-21,France,Spanish,Japanese|Arabic|Dutch,free,18-24,Other,Business,2025-06
HT_012217,2026-01-13,France,English,Japanese|Dutch,free,18-24,F,Exam,2026-01
HT_012218,2026-04-04,UK,Korean,English,free,25-34,Other,Exam,2026-04
HT_012219,2026-03-01,Germany,English,French|Chinese|Arabic,free,18-24,Other,Immigration,2026-03
HT_012220,2026-03-21,UK,Russian,Japanese,free,18-24,F,Immigration,2026-03
HT_012221,2025-12-11,Australia,Italian,Spanish|English|Portuguese,premium,35-44,F,Immigration,2025-12
HT_012222,2025-08-20,France,Dutch,Arabic|Portuguese,premium,25-34,M,Exam,2025-08
HT_012223,2025-05-20,Germany,Spanish,Chinese|Russian,free,25-34,M,Hobby,2025-05
HT_012224,2026-01-02,Canada,Chinese,Portuguese,free,18-24,Other,Travel,2026-01
HT_012225,2025-08-03,USA,English,Russian|German,free,45+,Other,Travel,2025-08
HT_012226,2025-06-21,Mexico,French,German|Arabic,free,25-34,F,Business,2025-06
HT_012227,2025-10-17,Canada,Chinese,Spanish|Korean,free,25-34,F,Travel,2025-10
HT_012228,2025-05-31,Spain,French,Dutch|English,free,18-24,F,Immigration,2025-05
HT_012229,2026-01-21,Germany,Italian,Arabic,free,25-34,F,Exam,2026-01
HT_012230,2026-04-06,France,French,Chinese|Spanish,free,25-34,Other,Immigration,2026-04
HT_012231,2025-08-29,France,Korean,French|Dutch,free,18-24,F,Travel,2025-08
HT_012232,2025-05-05,China,Italian,Arabic,free,25-34,M,Immigration,2025-05
HT_012233,2025-06-27,Spain,Spanish,Chinese|Italian|Korean,free,18-24,F,Immigration,2025-06
HT_012234,2025-05-03,Spain,Chinese,German|English|Spanish,free,35-44,F,Business,2025-05
HT_012235,2026-03-14,Canada,Spanish,Russian|Chinese,free,25-34,F,Immigration,2026-03
HT_012236,2025-11-15,Japan,Dutch,Chinese,premium,25-34,M,Travel,2025-11
HT_012237,2026-02-26,Australia,French,Portuguese,free,25-34,M,Business,2026-02
HT_012238,2026-03-20,UK,Arabic,Italian|Spanish|French,free,25-34,Other,Travel,2026-03
HT_012239,2026-04-06,South Korea,Japanese,Chinese,free,25-34,M,Exam,2026-04
HT_012240,2025-10-03,Japan,German,French,free,45+,Other,Exam,2025-10
HT_012241,2025-06-11,Spain,Japanese,German|English,free,18-24,F,Immigration,2025-06
HT_012242,2025-06-26,China,Japanese,Russian|Chinese,free,18-24,F,Hobby,2025-06
HT_012243,2025-06-07,UK,Dutch,Russian|Arabic,free,25-34,F,Travel,2025-06
HT_012244,2026-04-08,Spain,Japanese,Chinese|Dutch,free,18-24,M,Hobby,2026-04
HT_012245,2025-04-26,Mexico,Arabic,Chinese|Korean|Russian,premium,35-44,Other,Business,2025-04
HT_012246,2025-08-22,Canada,German,Dutch,free,18-24,Other,Travel,2025-08
HT_012247,2026-03-28,South Korea,German,Arabic|Chinese,free,18-24,F,Travel,2026-03
HT_012248,2025-10-20,France,English,Spanish|Dutch|Arabic,free,18-24,F,Exam,2025-10
HT_012249,2026-02-16,China,German,Arabic|French|Dutch,free,25-34,Other,Hobby,2026-02
HT_012250,2025-08-17,USA,Italian,Dutch,free,18-24,F,Exam,2025-08
HT_012251,2025-12-06,Spain,Dutch,Spanish|Japanese|Portuguese,free,35-44,Other,Immigration,2025-12
HT_012252,2025-09-06,China,Spanish,Russian|French,free,35-44,M,Hobby,2025-09
HT_012253,2025-06-21,Canada,English,Japanese|Spanish|Portuguese,premium,25-34,M,Immigration,2025-06
HT_012254,2025-12-24,Spain,Dutch,Portuguese|German,free,18-24,Other,Immigration,2025-12
HT_012255,2026-02-27,Mexico,French,Portuguese|German|Italian,premium,25-34,M,Exam,2026-02
HT_012256,2025-05-23,Canada,Arabic,German|French,free,18-24,M,Exam,2025-05
HT_012257,2026-01-22,Japan,Japanese,German,free,35-44,Other,Business,2026-01
HT_012258,2025-04-26,Brazil,Japanese,Portuguese|Italian|Dutch,premium,18-24,Other,Business,2025-04
HT_012259,2026-04-09,UK,Italian,Korean,free,25-34,Other,Travel,2026-04
HT_012260,2025-12-30,USA,Russian,Dutch|Italian,free,25-34,F,Business,2025-12
HT_012261,2026-01-12,Mexico,Spanish,Arabic|Korean|Portuguese,free,25-34,Other,Travel,2026-01
HT_012262,2026-01-15,Japan,English,French|Chinese|Arabic,free,25-34,F,Immigration,2026-01
HT_012263,2025-10-14,Canada,French,English|Italian|Portuguese,free,45+,M,Immigration,2025-10
HT_012264,2025-06-12,Japan,English,Portuguese|Dutch,free,18-24,F,Immigration,2025-06
HT_012265,2026-03-10,South Korea,Chinese,Dutch,free,35-44,Other,Immigration,2026-03
HT_012266,2025-12-26,Germany,Portuguese,Japanese|German|Arabic,premium,25-34,Other,Travel,2025-12
HT_012267,2025-10-04,Spain,Korean,English|Spanish,free,35-44,M,Immigration,2025-10
HT_012268,2026-01-06,Mexico,English,Spanish|French|Russian,premium,35-44,F,Hobby,2026-01
HT_012269,2025-08-01,USA,French,Chinese|Italian,free,18-24,M,Immigration,2025-08
HT_012270,2025-04-21,Canada,English,Spanish|Dutch,free,35-44,Other,Hobby,2025-04
HT_012271,2025-06-02,Brazil,German,Italian,free,18-24,Other,Business,2025-06
HT_012272,2026-01-21,UK,English,Spanish,free,18-24,F,Travel,2026-01
HT_012273,2026-03-11,China,German,Korean,free,25-34,F,Hobby,2026-03
HT_012274,2025-09-20,Mexico,Arabic,French,free,18-24,F,Immigration,2025-09
HT_012275,2025-09-14,Australia,Spanish,Chinese|Japanese,free,18-24,Other,Business,2025-09
HT_012276,2025-08-09,France,Portuguese,Dutch|English,premium,18-24,F,Exam,2025-08
HT_012277,2026-04-10,South Korea,Korean,Italian|Chinese,free,25-34,Other,Business,2026-04
HT_012278,2025-11-26,Mexico,Japanese,Korean|Dutch|English,free,25-34,Other,Exam,2025-11
HT_012279,2025-11-13,Brazil,French,English|Arabic|Russian,premium,25-34,F,Immigration,2025-11
HT_012280,2026-01-22,Spain,Russian,Dutch|Chinese,free,25-34,Other,Travel,2026-01
HT_012281,2025-05-14,Australia,Korean,French,free,25-34,F,Hobby,2025-05
HT_012282,2026-04-01,Canada,Russian,Korean|Chinese|Japanese,free,25-34,M,Immigration,2026-04
HT_012283,2025-11-09,Mexico,Portuguese,Spanish,free,18-24,Other,Hobby,2025-11
HT_012284,2025-11-01,Spain,Portuguese,Spanish,free,18-24,F,Immigration,2025-11
HT_012285,2025-11-23,Canada,Portuguese,Spanish,free,25-34,M,Business,2025-11
HT_012286,2025-05-05,China,Korean,English,free,25-34,M,Travel,2025-05
HT_012287,2025-05-14,Brazil,German,Arabic|Portuguese,free,35-44,M,Business,2025-05
HT_012288,2025-04-16,Canada,Chinese,Japanese|Arabic|Italian,free,35-44,Other,Business,2025-04
HT_012289,2025-07-07,Japan,Spanish,Russian|French,premium,25-34,F,Hobby,2025-07
HT_012290,2025-06-28,USA,Arabic,French|Italian|Russian,premium,25-34,F,Immigration,2025-06
HT_012291,2025-06-24,Brazil,Italian,English|Spanish|German,free,25-34,F,Travel,2025-06
HT_012292,2026-03-23,UK,Russian,Japanese,free,25-34,F,Hobby,2026-03
HT_012293,2025-08-31,Brazil,Dutch,English|Spanish|Arabic,free,18-24,M,Exam,2025-08
HT_012294,2026-02-02,Mexico,Italian,Spanish|Dutch,free,25-34,M,Travel,2026-02
HT_012295,2025-04-28,Japan,Russian,Arabic|French|Japanese,free,18-24,Other,Immigration,2025-04
HT_012296,2025-12-19,South Korea,Arabic,German,premium,25-34,Other,Exam,2025-12
HT_012297,2025-12-23,Australia,English,French|German,free,25-34,F,Travel,2025-12
HT_012298,2025-09-06,South Korea,Korean,Portuguese,free,25-34,F,Hobby,2025-09
HT_012299,2026-01-20,Spain,Dutch,Chinese|Korean|English,free,25-34,M,Hobby,2026-01
HT_012300,2025-09-08,South Korea,Italian,Korean|Portuguese,free,18-24,M,Hobby,2025-09
HT_012301,2026-02-19,Spain,French,Portuguese|Chinese|Japanese,free,25-34,F,Business,2026-02
HT_012302,2025-12-21,China,Chinese,German,free,25-34,F,Exam,2025-12
HT_012303,2025-07-09,Brazil,Korean,French|Arabic|Portuguese,premium,25-34,M,Travel,2025-07
HT_012304,2025-07-13,UK,German,English,free,18-24,Other,Immigration,2025-07
HT_012305,2026-03-12,Mexico,Chinese,English|French,free,18-24,M,Hobby,2026-03
HT_012306,2025-09-23,Mexico,Russian,German|Japanese,free,18-24,M,Business,2025-09
HT_012307,2026-03-28,Japan,French,English,premium,35-44,F,Business,2026-03
HT_012308,2025-07-29,Spain,French,Italian,free,25-34,F,Immigration,2025-07
HT_012309,2025-08-03,South Korea,French,German|Russian|Arabic,free,45+,Other,Travel,2025-08
HT_012310,2025-05-06,Spain,Russian,Italian|Arabic,free,35-44,F,Business,2025-05
HT_012311,2025-04-27,China,Korean,English|Chinese,free,18-24,Other,Immigration,2025-04
HT_012312,2025-12-15,Germany,Spanish,French|English|Japanese,free,18-24,Other,Travel,2025-12
HT_012313,2025-11-26,Mexico,Japanese,German|Portuguese,free,18-24,M,Travel,2025-11
HT_012314,2026-03-07,Canada,Japanese,Russian|Korean,free,18-24,M,Immigration,2026-03
HT_012315,2025-11-05,Spain,Russian,Italian,free,35-44,F,Business,2025-11
HT_012316,2026-03-22,South Korea,Dutch,Spanish|French|English,free,25-34,M,Business,2026-03
HT_012317,2025-09-21,Japan,Dutch,Korean,free,18-24,M,Travel,2025-09
HT_012318,2025-04-18,Australia,Dutch,English|Spanish,free,25-34,M,Travel,2025-04
HT_012319,2025-08-01,Australia,Italian,Russian|German|Dutch,free,25-34,Other,Business,2025-08
HT_012320,2025-06-26,Japan,Chinese,Russian|French,free,18-24,M,Business,2025-06
HT_012321,2026-03-23,Canada,Dutch,Portuguese|Korean|Italian,free,25-34,M,Business,2026-03
HT_012322,2025-11-05,Australia,English,Dutch,free,25-34,F,Immigration,2025-11
HT_012323,2025-11-14,China,Dutch,French|English,premium,18-24,M,Exam,2025-11
HT_012324,2025-10-10,Mexico,Italian,German,premium,18-24,Other,Business,2025-10
HT_012325,2025-09-10,South Korea,Japanese,Korean|Arabic|Italian,free,35-44,F,Exam,2025-09
HT_012326,2025-12-23,Japan,Japanese,Korean|Spanish,free,25-34,M,Hobby,2025-12
HT_012327,2026-01-25,Canada,Russian,English,free,35-44,F,Exam,2026-01
HT_012328,2025-05-15,Canada,Portuguese,Arabic|Dutch|Japanese,free,35-44,F,Travel,2025-05
HT_012329,2026-02-04,UK,German,Japanese|Spanish|Arabic,free,35-44,F,Exam,2026-02
HT_012330,2026-01-25,France,Arabic,German|Italian|Korean,free,35-44,F,Immigration,2026-01
HT_012331,2025-06-22,UK,Russian,French|Korean,free,25-34,Other,Hobby,2025-06
HT_012332,2025-04-18,France,French,Spanish,free,18-24,M,Business,2025-04
HT_012333,2025-07-16,Mexico,Spanish,Arabic,free,25-34,F,Immigration,2025-07
HT_012334,2025-10-29,China,Japanese,Italian|English,free,35-44,M,Hobby,2025-10
HT_012335,2025-09-30,China,Russian,Arabic|Spanish,free,18-24,Other,Exam,2025-09
HT_012336,2025-06-05,Mexico,French,Portuguese|Korean|German,free,25-34,M,Exam,2025-06
HT_012337,2025-11-02,China,Korean,Portuguese|German|French,free,18-24,M,Exam,2025-11
HT_012338,2025-04-27,Spain,English,Japanese,free,25-34,M,Exam,2025-04
HT_012339,2025-08-16,France,English,Chinese,free,45+,M,Travel,2025-08
HT_012340,2025-10-30,Australia,Japanese,German|Chinese,free,18-24,M,Business,2025-10
HT_012341,2025-06-22,Mexico,English,Japanese|Korean,premium,25-34,F,Exam,2025-06
HT_012342,2026-03-05,USA,English,Spanish,free,18-24,M,Exam,2026-03
HT_012343,2025-09-15,Canada,Japanese,Italian,free,35-44,Other,Exam,2025-09
HT_012344,2025-06-27,South Korea,Portuguese,German|Arabic|Russian,free,25-34,M,Hobby,2025-06
HT_012345,2025-10-09,Spain,Italian,Arabic,free,25-34,Other,Exam,2025-10
HT_012346,2026-03-02,France,French,Korean|Russian,free,25-34,M,Exam,2026-03
HT_012347,2025-07-20,UK,Arabic,Korean|French|Chinese,free,18-24,F,Hobby,2025-07
HT_012348,2025-08-19,Germany,Japanese,Korean,free,25-34,M,Immigration,2025-08
HT_012349,2025-05-10,Germany,Chinese,Spanish|German,free,25-34,Other,Business,2025-05
HT_012350,2025-05-30,Mexico,Spanish,Japanese|Italian|German,free,35-44,M,Travel,2025-05
HT_012351,2025-09-04,France,English,German,premium,35-44,Other,Business,2025-09
HT_012352,2025-06-14,Japan,Italian,English|Chinese,free,18-24,F,Business,2025-06
HT_012353,2026-02-19,South Korea,Dutch,Russian,free,25-34,F,Hobby,2026-02
HT_012354,2026-01-01,Brazil,Portuguese,Russian|German,free,25-34,F,Travel,2026-01
HT_012355,2025-07-29,Spain,English,Russian,free,18-24,F,Exam,2025-07
HT_012356,2026-03-30,USA,Chinese,Italian|German|Arabic,free,25-34,Other,Hobby,2026-03
HT_012357,2025-12-27,Australia,German,Korean|Chinese|Spanish,free,18-24,F,Immigration,2025-12
HT_012358,2026-03-27,USA,Arabic,Chinese|Spanish|Korean,free,25-34,M,Immigration,2026-03
HT_012359,2025-07-29,South Korea,Spanish,Dutch|Chinese|Italian,free,18-24,M,Hobby,2025-07
HT_012360,2026-04-02,Germany,Italian,French|German,free,35-44,Other,Immigration,2026-04
HT_012361,2025-12-07,China,Italian,French|Arabic,premium,45+,M,Exam,2025-12
HT_012362,2025-09-24,USA,Chinese,Italian|Portuguese,free,45+,Other,Immigration,2025-09
HT_012363,2025-10-01,Mexico,Russian,English|Chinese|Italian,free,25-34,F,Travel,2025-10
HT_012364,2026-02-17,USA,Spanish,Chinese|Korean|Arabic,free,18-24,Other,Immigration,2026-02
HT_012365,2025-12-06,Germany,Dutch,Portuguese,free,18-24,M,Travel,2025-12
HT_012366,2025-08-15,China,Japanese,Russian|Arabic|Spanish,free,25-34,Other,Travel,2025-08
HT_012367,2025-05-20,France,Korean,Arabic,free,45+,Other,Exam,2025-05
HT_012368,2026-02-17,Spain,German,Arabic,free,25-34,M,Exam,2026-02
HT_012369,2026-02-15,Brazil,Korean,Russian|English,free,18-24,Other,Travel,2026-02
HT_012370,2025-09-15,UK,English,German|Dutch|Japanese,premium,25-34,Other,Business,2025-09
HT_012371,2026-02-26,Japan,English,Dutch|Spanish|Russian,premium,18-24,Other,Exam,2026-02
HT_012372,2026-01-26,Spain,English,Dutch,premium,35-44,M,Exam,2026-01
HT_012373,2025-11-19,Canada,Korean,Dutch|English|Portuguese,free,18-24,F,Hobby,2025-11
HT_012374,2025-07-12,UK,French,Spanish|Portuguese,premium,45+,Other,Exam,2025-07
HT_012375,2026-01-08,China,Japanese,English,free,18-24,M,Hobby,2026-01
HT_012376,2025-11-19,China,Russian,English,free,25-34,F,Hobby,2025-11
HT_012377,2025-08-06,Japan,Russian,Spanish,free,45+,Other,Business,2025-08
HT_012378,2025-04-13,Spain,Arabic,English|Dutch,free,35-44,F,Exam,2025-04
HT_012379,2025-06-09,USA,Dutch,Korean|French,free,45+,Other,Exam,2025-06
HT_012380,2025-12-14,China,Russian,Spanish|Portuguese|French,free,35-44,Other,Exam,2025-12
HT_012381,2026-03-08,Germany,Russian,Japanese|Korean|Dutch,free,25-34,F,Hobby,2026-03
HT_012382,2026-02-02,USA,English,German,free,18-24,Other,Business,2026-02
HT_012383,2025-07-26,Japan,Portuguese,Arabic|French,free,35-44,Other,Travel,2025-07
HT_012384,2025-10-06,Spain,Dutch,French,premium,18-24,Other,Exam,2025-10
HT_012385,2025-11-15,Germany,Arabic,Italian,free,25-34,Other,Immigration,2025-11
HT_012386,2026-03-30,China,French,Italian|English|Arabic,free,25-34,Other,Immigration,2026-03
HT_012387,2026-03-08,Australia,Dutch,Portuguese|Russian|Italian,free,18-24,Other,Immigration,2026-03
HT_012388,2025-08-11,Australia,Portuguese,Dutch,free,18-24,Other,Immigration,2025-08
HT_012389,2025-08-14,Germany,French,Dutch,premium,18-24,F,Business,2025-08
HT_012390,2026-01-03,Australia,Korean,Italian|Dutch,free,25-34,Other,Travel,2026-01
HT_012391,2025-12-05,USA,Dutch,Russian|Portuguese,free,35-44,M,Hobby,2025-12
HT_012392,2025-08-31,Canada,Portuguese,French|Arabic,free,18-24,M,Travel,2025-08
HT_012393,2026-04-07,Brazil,Arabic,Japanese|Korean|French,free,18-24,M,Business,2026-04
HT_012394,2026-02-13,Canada,English,Spanish|Japanese,free,25-34,F,Travel,2026-02
HT_012395,2025-10-17,China,Arabic,Russian|French,free,35-44,Other,Immigration,2025-10
HT_012396,2026-01-16,Mexico,Russian,Arabic|Spanish,premium,25-34,F,Hobby,2026-01
HT_012397,2026-01-13,Germany,English,Dutch|Russian|Arabic,free,18-24,Other,Hobby,2026-01
HT_012398,2025-11-18,Australia,French,Chinese|Korean|Portuguese,premium,18-24,M,Business,2025-11
HT_012399,2025-07-03,China,English,Portuguese,free,18-24,Other,Travel,2025-07
HT_012400,2025-09-03,France,Arabic,Spanish|English|German,free,25-34,F,Hobby,2025-09
HT_012401,2025-05-22,South Korea,Arabic,Dutch,free,25-34,Other,Travel,2025-05
HT_012402,2026-01-09,Canada,Chinese,French|Japanese,free,18-24,M,Travel,2026-01
HT_012403,2025-11-25,UK,Japanese,Korean,free,18-24,F,Business,2025-11
HT_012404,2026-01-09,Brazil,English,Chinese|Japanese,free,25-34,M,Immigration,2026-01
HT_012405,2025-06-08,Spain,Dutch,Portuguese,free,25-34,M,Travel,2025-06
HT_012406,2026-01-13,Japan,French,Korean,free,25-34,Other,Hobby,2026-01
HT_012407,2026-01-05,France,French,Italian|Chinese|Portuguese,premium,25-34,F,Immigration,2026-01
HT_012408,2026-02-25,USA,French,German|Spanish,free,45+,Other,Hobby,2026-02
HT_012409,2025-09-26,Australia,Arabic,French|Korean,free,35-44,Other,Business,2025-09
HT_012410,2026-03-25,Brazil,Russian,Japanese|Italian,free,18-24,M,Hobby,2026-03
HT_012411,2025-08-26,France,Italian,French|German,premium,25-34,F,Travel,2025-08
HT_012412,2026-01-06,Japan,Dutch,Russian,free,25-34,F,Business,2026-01
HT_012413,2025-07-31,Japan,Dutch,English|Italian|Portuguese,free,25-34,Other,Exam,2025-07
HT_012414,2025-11-18,Japan,Chinese,German|Portuguese,free,18-24,Other,Travel,2025-11
HT_012415,2025-05-19,China,French,English|German|Italian,free,25-34,F,Immigration,2025-05
HT_012416,2025-07-11,Australia,Chinese,Portuguese,free,35-44,Other,Immigration,2025-07
HT_012417,2025-06-14,Germany,Russian,Portuguese,free,25-34,F,Exam,2025-06
HT_012418,2025-08-13,Germany,Korean,Spanish|English,free,25-34,F,Business,2025-08
HT_012419,2026-03-11,France,Russian,Korean,premium,18-24,F,Exam,2026-03
HT_012420,2025-08-08,South Korea,Chinese,Arabic|French,free,18-24,F,Immigration,2025-08
HT_012421,2025-07-01,Australia,Arabic,Italian|French|Dutch,premium,25-34,Other,Exam,2025-07
HT_012422,2025-08-30,Mexico,Russian,French|English,free,45+,M,Business,2025-08
HT_012423,2025-12-11,Germany,Spanish,English|Russian,premium,25-34,M,Exam,2025-12
HT_012424,2025-07-18,Germany,Portuguese,Spanish,premium,18-24,F,Hobby,2025-07
HT_012425,2026-03-12,Spain,Portuguese,Chinese,free,18-24,M,Travel,2026-03
HT_012426,2026-01-30,China,English,French|German,free,25-34,Other,Exam,2026-01
HT_012427,2025-11-21,South Korea,Arabic,English,free,18-24,F,Travel,2025-11
HT_012428,2025-07-12,Brazil,Portuguese,Spanish|English,free,25-34,M,Travel,2025-07
HT_012429,2025-12-04,Brazil,Korean,Chinese|English|Dutch,free,25-34,M,Hobby,2025-12
HT_012430,2025-10-28,Japan,English,Arabic,free,45+,F,Immigration,2025-10
HT_012431,2025-05-16,USA,Russian,Arabic|German|Japanese,free,45+,F,Hobby,2025-05
HT_012432,2025-04-12,UK,Russian,English|Italian|Japanese,free,25-34,F,Immigration,2025-04
HT_012433,2025-09-18,Spain,Japanese,Chinese|English,free,25-34,M,Business,2025-09
HT_012434,2025-07-28,France,Chinese,Japanese,free,18-24,M,Immigration,2025-07
HT_012435,2025-11-20,Germany,Arabic,Chinese,free,18-24,F,Business,2025-11
HT_012436,2025-10-29,UK,Portuguese,Korean|Italian,free,45+,Other,Travel,2025-10
HT_012437,2026-01-24,Canada,Portuguese,French,free,25-34,F,Exam,2026-01
HT_012438,2025-10-25,Spain,Portuguese,Dutch|Korean|Russian,free,18-24,Other,Business,2025-10
HT_012439,2026-03-24,Brazil,Italian,Portuguese|French|Arabic,free,25-34,F,Exam,2026-03
HT_012440,2025-04-20,Germany,Russian,English|Korean,premium,35-44,M,Exam,2025-04
HT_012441,2026-04-07,Mexico,Korean,Japanese,free,35-44,F,Exam,2026-04
HT_012442,2025-04-21,Spain,Korean,Spanish,free,18-24,F,Immigration,2025-04
HT_012443,2026-01-21,Australia,English,Arabic|Dutch,free,25-34,Other,Immigration,2026-01
HT_012444,2025-07-26,China,Korean,Portuguese|Russian|Italian,free,45+,F,Immigration,2025-07
HT_012445,2025-09-27,South Korea,Arabic,English|Russian|French,premium,18-24,F,Hobby,2025-09
HT_012446,2026-01-06,Australia,Spanish,English|German|Russian,free,35-44,F,Business,2026-01
HT_012447,2025-10-09,Germany,Dutch,Italian|Arabic,free,25-34,F,Hobby,2025-10
HT_012448,2026-03-15,France,Russian,Italian,free,25-34,F,Immigration,2026-03
HT_012449,2025-06-18,Mexico,English,Arabic|Dutch,free,18-24,F,Immigration,2025-06
HT_012450,2025-06-05,Canada,English,Arabic|Korean|Japanese,free,25-34,F,Business,2025-06
HT_012451,2025-04-19,Japan,German,Portuguese,free,25-34,F,Travel,2025-04
HT_012452,2025-08-23,Brazil,English,Russian,free,25-34,M,Hobby,2025-08
HT_012453,2025-09-03,UK,Spanish,Portuguese|Russian|Chinese,free,25-34,F,Hobby,2025-09
HT_012454,2025-05-27,South Korea,Portuguese,Russian,free,25-34,Other,Immigration,2025-05
HT_012455,2025-07-04,Brazil,Chinese,Italian|Dutch,free,18-24,F,Business,2025-07
HT_012456,2025-06-03,Japan,Japanese,Italian,premium,45+,M,Immigration,2025-06
HT_012457,2025-07-06,UK,Portuguese,Chinese|French|Russian,free,25-34,M,Business,2025-07
HT_012458,2025-09-24,Mexico,French,Arabic,free,18-24,F,Immigration,2025-09
HT_012459,2025-06-17,Japan,Dutch,English|Portuguese|French,free,35-44,F,Business,2025-06
HT_012460,2025-05-19,USA,Dutch,Italian|French|Portuguese,free,25-34,M,Business,2025-05
HT_012461,2026-02-22,Brazil,Chinese,Spanish|Italian,free,18-24,Other,Hobby,2026-02
HT_012462,2025-08-20,Canada,Italian,Korean|Japanese,premium,25-34,F,Immigration,2025-08
HT_012463,2025-09-07,Japan,Korean,Italian,free,35-44,M,Travel,2025-09
HT_012464,2025-04-14,Australia,Korean,Russian,premium,35-44,M,Business,2025-04
HT_012465,2025-05-11,South Korea,Dutch,Korean|English,free,25-34,F,Hobby,2025-05
HT_012466,2025-11-16,Mexico,Dutch,Spanish,free,25-34,F,Business,2025-11
HT_012467,2025-10-31,France,Russian,Spanish|English,free,35-44,Other,Hobby,2025-10
HT_012468,2026-03-05,South Korea,English,Italian,free,25-34,M,Business,2026-03
HT_012469,2025-10-28,China,German,Chinese|Russian,free,18-24,M,Business,2025-10
HT_012470,2025-10-30,France,Portuguese,Dutch,free,45+,M,Travel,2025-10
HT_012471,2025-11-09,USA,French,German|Dutch|Japanese,free,35-44,F,Hobby,2025-11
HT_012472,2025-07-07,Japan,Italian,Chinese|French|Korean,free,25-34,Other,Business,2025-07
HT_012473,2025-04-24,Mexico,Spanish,Dutch|Japanese|German,free,18-24,M,Travel,2025-04
HT_012474,2025-05-10,Mexico,English,Japanese|Arabic|Korean,free,45+,F,Travel,2025-05
HT_012475,2025-08-09,Canada,English,Russian|Dutch|German,free,25-34,Other,Immigration,2025-08
HT_012476,2025-10-22,Mexico,Arabic,Italian,free,18-24,M,Travel,2025-10
HT_012477,2026-04-10,France,Chinese,Russian,free,18-24,F,Business,2026-04
HT_012478,2026-03-06,UK,Japanese,Korean|German,free,35-44,F,Business,2026-03
HT_012479,2026-01-19,Brazil,Japanese,French,free,45+,Other,Exam,2026-01
HT_012480,2025-07-23,Spain,Russian,Italian|German|French,free,25-34,M,Hobby,2025-07
HT_012481,2025-10-27,Spain,Chinese,French|Italian|Arabic,free,35-44,Other,Hobby,2025-10
HT_012482,2025-09-02,Japan,English,German|Japanese,free,25-34,M,Hobby,2025-09
HT_012483,2025-06-26,Spain,Russian,Korean,premium,18-24,M,Travel,2025-06
HT_012484,2025-08-07,USA,Dutch,Spanish|German|Arabic,free,45+,F,Immigration,2025-08
HT_012485,2025-05-10,Japan,German,Japanese|Arabic,free,18-24,Other,Immigration,2025-05
HT_012486,2025-11-28,South Korea,German,Portuguese,free,18-24,M,Business,2025-11
HT_012487,2026-03-13,Spain,Italian,English|Korean|Dutch,free,25-34,Other,Business,2026-03
HT_012488,2025-11-10,South Korea,Korean,Chinese,premium,18-24,F,Business,2025-11
HT_012489,2025-06-27,China,Japanese,Arabic|Portuguese|Spanish,free,25-34,M,Exam,2025-06
HT_012490,2026-01-16,Australia,Japanese,Russian|Dutch,free,18-24,Other,Travel,2026-01
HT_012491,2025-05-26,Brazil,French,Japanese,free,45+,M,Hobby,2025-05
HT_012492,2025-06-27,Spain,Arabic,Chinese|Russian,free,18-24,F,Travel,2025-06
HT_012493,2025-08-17,Spain,Portuguese,Spanish|Korean,free,25-34,M,Exam,2025-08
HT_012494,2025-11-26,Australia,German,Dutch|Italian|French,free,25-34,Other,Exam,2025-11
HT_012495,2025-11-24,China,French,Portuguese,free,35-44,F,Hobby,2025-11
HT_012496,2026-03-03,France,French,Spanish|Chinese,free,25-34,F,Immigration,2026-03
HT_012497,2025-04-23,UK,Chinese,Korean|Portuguese|Japanese,premium,25-34,Other,Travel,2025-04
HT_012498,2025-05-02,Canada,German,Portuguese|Dutch,free,18-24,M,Business,2025-05
HT_012499,2025-11-22,Spain,Portuguese,Japanese,free,35-44,F,Business,2025-11
HT_012500,2025-12-15,Mexico,English,Korean,free,25-34,Other,Business,2025-12
HT_012501,2025-10-24,China,Spanish,English|French,free,25-34,Other,Hobby,2025-10
HT_012502,2025-04-18,Germany,French,Dutch|Korean|Russian,free,25-34,F,Hobby,2025-04
HT_012503,2025-09-19,Canada,Japanese,German,free,25-34,M,Travel,2025-09
HT_012504,2025-11-03,Brazil,Arabic,Spanish,free,18-24,F,Exam,2025-11
HT_012505,2025-07-07,USA,Arabic,Japanese|Chinese|Russian,premium,35-44,Other,Travel,2025-07
HT_012506,2025-07-03,Germany,Italian,Korean|Spanish|French,free,25-34,M,Business,2025-07
HT_012507,2025-10-31,Germany,Spanish,Chinese|English|Japanese,free,25-34,F,Immigration,2025-10
HT_012508,2025-11-03,Canada,Spanish,English|French,free,25-34,M,Immigration,2025-11
HT_012509,2026-03-13,USA,English,Italian|Korean|Portuguese,free,25-34,Other,Business,2026-03
HT_012510,2026-03-29,USA,Italian,Arabic|German|Korean,free,18-24,F,Travel,2026-03
HT_012511,2025-08-18,Spain,Korean,Portuguese|French,premium,18-24,M,Exam,2025-08
HT_012512,2026-02-06,Canada,Japanese,German|Spanish|Chinese,free,25-34,Other,Travel,2026-02
HT_012513,2025-06-26,Mexico,Korean,Dutch,free,18-24,M,Business,2025-06
HT_012514,2025-07-15,Mexico,French,Japanese|English,free,18-24,Other,Immigration,2025-07
HT_012515,2025-06-05,Japan,Portuguese,Italian|Dutch|Japanese,free,25-34,F,Immigration,2025-06
HT_012516,2025-04-18,China,Chinese,Korean,free,18-24,Other,Travel,2025-04
HT_012517,2025-11-29,Germany,Portuguese,Arabic,free,18-24,F,Exam,2025-11
HT_012518,2025-05-13,Australia,Chinese,Japanese|Arabic,free,25-34,Other,Exam,2025-05
HT_012519,2026-03-26,Brazil,Japanese,English,free,18-24,M,Business,2026-03
HT_012520,2025-08-30,USA,Portuguese,Spanish|Italian|English,free,35-44,F,Exam,2025-08
HT_012521,2026-03-16,Australia,Italian,Chinese,free,45+,M,Hobby,2026-03
HT_012522,2025-06-04,Brazil,Portuguese,Spanish|French,free,25-34,F,Hobby,2025-06
HT_012523,2025-12-08,Australia,Arabic,Korean|Italian|Russian,free,45+,F,Exam,2025-12
HT_012524,2025-04-18,China,French,English|Italian,premium,25-34,M,Travel,2025-04
HT_012525,2026-03-25,Spain,Portuguese,Korean|Arabic|Japanese,premium,25-34,F,Travel,2026-03
HT_012526,2025-10-14,Mexico,Dutch,Russian,free,18-24,Other,Exam,2025-10
HT_012527,2025-06-10,Australia,Spanish,Russian|Italian,free,25-34,F,Hobby,2025-06
HT_012528,2025-07-08,Spain,German,Japanese,free,25-34,F,Business,2025-07
HT_012529,2025-09-27,Japan,Italian,Japanese,free,35-44,Other,Hobby,2025-09
HT_012530,2025-05-19,Brazil,Japanese,English,free,18-24,F,Hobby,2025-05
HT_012531,2025-06-03,Australia,Spanish,Russian|Arabic|French,free,35-44,Other,Hobby,2025-06
HT_012532,2025-12-20,Australia,Arabic,Dutch,free,25-34,F,Business,2025-12
HT_012533,2026-03-04,Brazil,Dutch,Portuguese,free,35-44,Other,Exam,2026-03
HT_012534,2026-03-12,France,German,Spanish,free,25-34,F,Business,2026-03
HT_012535,2026-03-08,France,Chinese,Japanese|German|Portuguese,free,18-24,Other,Business,2026-03
HT_012536,2026-01-18,Germany,Arabic,English|German,free,18-24,F,Business,2026-01
HT_012537,2025-06-09,South Korea,Portuguese,Korean,free,45+,Other,Travel,2025-06
HT_012538,2025-09-06,Canada,Dutch,Korean,free,25-34,Other,Business,2025-09
HT_012539,2026-03-16,Mexico,Dutch,Italian,free,18-24,F,Business,2026-03
HT_012540,2025-12-04,USA,Portuguese,Italian|Korean|French,free,18-24,F,Business,2025-12
HT_012541,2026-01-12,Brazil,Italian,Korean|Russian|French,free,35-44,M,Hobby,2026-01
HT_012542,2026-03-25,Canada,Russian,French,premium,18-24,F,Exam,2026-03
HT_012543,2025-10-16,Australia,Japanese,Portuguese|Spanish|Chinese,free,35-44,Other,Travel,2025-10
HT_012544,2025-07-27,Japan,Dutch,Portuguese,premium,18-24,F,Immigration,2025-07
HT_012545,2025-11-04,Germany,Arabic,Chinese,free,18-24,Other,Business,2025-11
HT_012546,2025-08-28,Japan,Korean,Japanese|Chinese|Spanish,premium,18-24,F,Travel,2025-08
HT_012547,2025-11-15,South Korea,Portuguese,Japanese|Russian,free,18-24,F,Exam,2025-11
HT_012548,2025-05-14,Australia,Spanish,Arabic|English,free,25-34,F,Immigration,2025-05
HT_012549,2025-04-27,South Korea,English,German|Japanese|French,free,18-24,M,Hobby,2025-04
HT_012550,2025-07-28,Mexico,French,Dutch|German,free,18-24,M,Business,2025-07
HT_012551,2025-10-02,China,Spanish,Russian|Chinese|French,free,45+,M,Hobby,2025-10
HT_012552,2025-05-11,Canada,Arabic,German|Italian|Korean,free,25-34,F,Business,2025-05
HT_012553,2026-03-14,Japan,Spanish,Chinese|Portuguese,premium,18-24,Other,Travel,2026-03
HT_012554,2026-03-26,Canada,Russian,Korean|Spanish,free,25-34,M,Exam,2026-03
HT_012555,2026-01-03,Germany,Korean,Italian,premium,45+,Other,Business,2026-01
HT_012556,2025-09-13,France,Chinese,Japanese|French|Russian,free,25-34,F,Exam,2025-09
HT_012557,2025-10-03,Germany,Chinese,English|German|Russian,free,45+,Other,Exam,2025-10
HT_012558,2026-01-06,China,Japanese,Portuguese|Dutch,free,35-44,F,Exam,2026-01
HT_012559,2025-09-13,France,Chinese,Portuguese,free,25-34,M,Travel,2025-09
HT_012560,2026-02-21,Japan,Portuguese,Italian,free,18-24,F,Hobby,2026-02
HT_012561,2025-06-24,UK,Spanish,English|Chinese,free,18-24,M,Business,2025-06
HT_012562,2025-10-27,UK,Korean,French|Japanese,free,35-44,M,Hobby,2025-10
HT_012563,2025-05-13,Canada,Portuguese,Korean|English,free,25-34,M,Hobby,2025-05
HT_012564,2025-11-07,France,Portuguese,Arabic|Japanese,premium,25-34,M,Exam,2025-11
HT_012565,2025-11-20,China,Spanish,Chinese|Dutch|Russian,free,25-34,F,Immigration,2025-11
HT_012566,2025-10-23,Germany,Japanese,English|Russian|Spanish,free,25-34,F,Travel,2025-10
HT_012567,2025-06-18,UK,Spanish,Japanese|French,free,45+,Other,Exam,2025-06
HT_012568,2025-10-01,Canada,Italian,French|German,free,35-44,M,Travel,2025-10
HT_012569,2025-06-13,USA,Russian,French|Arabic|Chinese,free,18-24,Other,Immigration,2025-06
HT_012570,2025-12-01,Spain,English,Portuguese|Italian|Chinese,free,18-24,M,Immigration,2025-12
HT_012571,2026-01-15,Germany,Japanese,French|Italian|Chinese,free,18-24,M,Travel,2026-01
HT_012572,2026-03-07,Canada,Italian,Russian|Dutch|Korean,free,18-24,M,Business,2026-03
HT_012573,2025-12-05,Canada,Dutch,Chinese|Italian,free,18-24,M,Immigration,2025-12
HT_012574,2025-11-28,Germany,German,Portuguese|Korean|Spanish,free,18-24,F,Immigration,2025-11
HT_012575,2025-04-26,Brazil,Russian,Arabic,free,25-34,F,Business,2025-04
HT_012576,2026-03-16,Germany,Dutch,Italian,free,18-24,M,Exam,2026-03
HT_012577,2026-02-18,UK,Dutch,Chinese|Russian,free,25-34,M,Hobby,2026-02
HT_012578,2025-06-19,UK,Italian,Arabic|Spanish|German,free,35-44,F,Exam,2025-06
HT_012579,2025-07-12,Germany,Korean,English|German|Chinese,premium,35-44,Other,Travel,2025-07
HT_012580,2025-07-01,Australia,English,Spanish|Portuguese|French,free,18-24,F,Exam,2025-07
HT_012581,2025-09-06,Mexico,Italian,French,free,45+,Other,Business,2025-09
HT_012582,2025-08-17,Brazil,Dutch,Chinese|Spanish,premium,25-34,F,Exam,2025-08
HT_012583,2025-07-31,UK,Japanese,Spanish|Arabic|Dutch,free,25-34,Other,Business,2025-07
HT_012584,2025-12-08,Canada,French,Japanese|German,free,18-24,Other,Exam,2025-12
HT_012585,2026-02-23,Spain,Japanese,German|English|French,free,25-34,Other,Business,2026-02
HT_012586,2025-06-08,South Korea,Chinese,German|Portuguese,free,18-24,F,Hobby,2025-06
HT_012587,2026-03-03,Canada,Portuguese,French,free,18-24,F,Travel,2026-03
HT_012588,2025-11-09,South Korea,Korean,Spanish|Russian,free,25-34,M,Hobby,2025-11
HT_012589,2025-07-22,USA,French,Russian|Korean|Italian,free,18-24,M,Business,2025-07
HT_012590,2025-12-09,Japan,Chinese,Korean,free,18-24,M,Hobby,2025-12
HT_012591,2025-06-28,Canada,Portuguese,Chinese|Korean,free,45+,F,Business,2025-06
HT_012592,2025-05-07,UK,Dutch,German|Russian|Japanese,premium,35-44,Other,Immigration,2025-05
HT_012593,2026-01-12,China,Chinese,English|Korean|Japanese,free,18-24,Other,Business,2026-01
HT_012594,2026-02-10,Mexico,Chinese,Portuguese,premium,35-44,Other,Exam,2026-02
HT_012595,2025-12-03,Germany,Italian,Dutch,free,18-24,M,Travel,2025-12
HT_012596,2026-03-27,Brazil,Arabic,Dutch|Japanese,premium,35-44,M,Immigration,2026-03
HT_012597,2026-04-01,Germany,Chinese,French,free,25-34,M,Exam,2026-04
HT_012598,2025-10-12,France,Arabic,French|Russian,free,45+,F,Exam,2025-10
HT_012599,2026-03-10,South Korea,German,Korean|French|Dutch,free,18-24,M,Exam,2026-03
HT_012600,2026-01-09,Brazil,Spanish,Arabic|Korean,premium,35-44,M,Hobby,2026-01
HT_012601,2025-12-22,Japan,English,German|Korean,free,18-24,M,Exam,2025-12
HT_012602,2025-10-27,Brazil,French,Chinese,free,25-34,F,Exam,2025-10
HT_012603,2025-05-02,South Korea,Spanish,Chinese,free,25-34,Other,Hobby,2025-05
HT_012604,2026-01-28,Canada,Spanish,Arabic,free,18-24,F,Immigration,2026-01
HT_012605,2025-07-30,USA,Russian,English|Portuguese|French,free,18-24,F,Business,2025-07
HT_012606,2026-04-10,Japan,Russian,Spanish,free,25-34,F,Immigration,2026-04
HT_012607,2026-03-08,Japan,Arabic,Portuguese,free,45+,Other,Hobby,2026-03
HT_012608,2025-11-07,Australia,Korean,Italian|English|Chinese,free,18-24,Other,Hobby,2025-11
HT_012609,2025-06-24,China,Dutch,Korean|French|Arabic,free,25-34,M,Business,2025-06
HT_012610,2025-06-03,Brazil,Spanish,Russian|English|Dutch,free,35-44,M,Business,2025-06
HT_012611,2026-02-12,France,Dutch,German,free,18-24,Other,Hobby,2026-02
HT_012612,2025-12-10,Spain,Arabic,Italian|Dutch|Korean,free,35-44,Other,Business,2025-12
HT_012613,2025-06-03,Mexico,English,French,free,25-34,F,Exam,2025-06
HT_012614,2026-04-02,Japan,Portuguese,Dutch|English|Russian,free,35-44,F,Immigration,2026-04
HT_012615,2026-02-18,UK,French,Korean|Portuguese,premium,25-34,F,Immigration,2026-02
HT_012616,2025-08-07,Brazil,Portuguese,French|Japanese,free,35-44,Other,Hobby,2025-08
HT_012617,2025-04-30,Brazil,Arabic,Japanese|Italian|Spanish,free,25-34,F,Exam,2025-04
HT_012618,2025-08-15,France,French,German|Arabic|Italian,premium,25-34,Other,Hobby,2025-08
HT_012619,2026-03-03,Mexico,Korean,Portuguese|Japanese,free,18-24,F,Business,2026-03
HT_012620,2025-08-27,Spain,Korean,Russian|Japanese,free,25-34,M,Hobby,2025-08
HT_012621,2025-10-17,UK,Russian,German|English,free,25-34,Other,Hobby,2025-10
HT_012622,2025-05-13,Spain,Arabic,Russian|French,free,25-34,Other,Travel,2025-05
HT_012623,2025-05-02,UK,English,Russian|Italian|Arabic,free,25-34,F,Exam,2025-05
HT_012624,2025-07-22,Canada,Chinese,Japanese|Dutch,premium,25-34,F,Hobby,2025-07
HT_012625,2025-06-11,South Korea,French,Russian|Italian|Portuguese,premium,18-24,M,Travel,2025-06
HT_012626,2025-07-10,China,English,Chinese,free,25-34,Other,Business,2025-07
HT_012627,2025-11-11,France,Spanish,Korean,free,25-34,M,Exam,2025-11
HT_012628,2025-06-29,Germany,English,German|Russian|Japanese,free,25-34,M,Hobby,2025-06
HT_012629,2025-12-20,Spain,German,Dutch|Japanese|Italian,free,35-44,Other,Hobby,2025-12
HT_012630,2026-02-21,Brazil,French,Japanese,free,25-34,Other,Travel,2026-02
HT_012631,2025-12-19,France,Russian,Arabic|Spanish|German,free,25-34,F,Hobby,2025-12
HT_012632,2025-10-18,Spain,French,Chinese|German,free,25-34,Other,Immigration,2025-10
HT_012633,2025-09-27,France,English,Chinese,free,25-34,F,Exam,2025-09
HT_012634,2025-09-25,Canada,Portuguese,Arabic|Japanese|Spanish,free,25-34,F,Exam,2025-09
HT_012635,2025-11-27,Spain,Italian,Korean,free,35-44,F,Hobby,2025-11
HT_012636,2026-01-01,Spain,German,English,free,18-24,F,Immigration,2026-01
HT_012637,2025-06-08,South Korea,Spanish,English|Arabic|Italian,free,35-44,Other,Travel,2025-06
HT_012638,2026-03-12,Australia,Dutch,English|Korean,free,35-44,M,Exam,2026-03
HT_012639,2025-10-20,Brazil,German,Korean|Spanish,free,18-24,M,Travel,2025-10
HT_012640,2025-04-15,Canada,Japanese,Portuguese|Arabic|French,free,18-24,Other,Immigration,2025-04
HT_012641,2026-01-03,Brazil,Arabic,English|Russian,free,35-44,M,Travel,2026-01
HT_012642,2025-09-24,Australia,German,Spanish,premium,18-24,M,Exam,2025-09
HT_012643,2026-02-06,Spain,Japanese,Russian,free,35-44,F,Business,2026-02
HT_012644,2025-04-21,Spain,German,French|Portuguese,free,18-24,F,Travel,2025-04
HT_012645,2026-01-07,China,Portuguese,Dutch,free,18-24,M,Exam,2026-01
HT_012646,2026-02-22,Canada,Italian,Russian|Dutch|Spanish,free,18-24,Other,Exam,2026-02
HT_012647,2025-10-12,Mexico,French,Spanish,free,25-34,F,Business,2025-10
HT_012648,2026-02-25,Australia,Dutch,English,free,18-24,F,Hobby,2026-02
HT_012649,2025-07-19,China,Japanese,German,free,18-24,M,Hobby,2025-07
HT_012650,2025-07-09,France,Italian,Portuguese|Arabic|Spanish,free,18-24,F,Hobby,2025-07
HT_012651,2026-02-24,UK,Spanish,English|German|Russian,free,18-24,M,Exam,2026-02
HT_012652,2026-02-13,USA,Spanish,Arabic,free,45+,F,Immigration,2026-02
HT_012653,2025-09-28,Mexico,English,French,free,35-44,Other,Travel,2025-09
HT_012654,2025-06-21,South Korea,Arabic,Dutch|English,free,25-34,M,Hobby,2025-06
HT_012655,2025-05-01,Canada,Dutch,Russian|Arabic,premium,25-34,Other,Immigration,2025-05
HT_012656,2026-03-03,China,Portuguese,Dutch|Italian|Spanish,free,25-34,M,Exam,2026-03
HT_012657,2026-02-24,Mexico,German,Arabic,free,18-24,Other,Business,2026-02
HT_012658,2025-06-19,UK,Portuguese,Spanish|Dutch,free,25-34,M,Travel,2025-06
HT_012659,2025-06-28,Spain,Portuguese,Spanish,free,45+,F,Travel,2025-06
HT_012660,2026-01-29,Mexico,Italian,Dutch|Japanese,free,18-24,M,Travel,2026-01
HT_012661,2025-04-29,Mexico,Italian,Arabic|German,free,25-34,F,Immigration,2025-04
HT_012662,2025-10-14,Mexico,French,Spanish,free,35-44,F,Business,2025-10
HT_012663,2026-03-01,Spain,Russian,English,free,18-24,Other,Travel,2026-03
HT_012664,2025-06-03,China,Dutch,Russian,free,35-44,M,Immigration,2025-06
HT_012665,2026-03-11,Canada,Portuguese,English|Chinese|Japanese,free,25-34,F,Immigration,2026-03
HT_012666,2026-03-05,Germany,Korean,Arabic|Italian|Chinese,premium,35-44,F,Travel,2026-03
HT_012667,2025-04-23,Canada,French,Dutch|Portuguese|German,free,35-44,Other,Business,2025-04
HT_012668,2026-03-12,Japan,Arabic,German,free,18-24,M,Business,2026-03
HT_012669,2025-10-17,USA,Portuguese,Italian|Korean|Japanese,free,18-24,M,Hobby,2025-10
HT_012670,2025-06-22,Canada,Korean,Dutch,free,35-44,M,Exam,2025-06
HT_012671,2025-10-03,China,English,Italian|Korean,free,25-34,F,Business,2025-10
HT_012672,2025-07-01,South Korea,French,Japanese|Portuguese,free,35-44,M,Travel,2025-07
HT_012673,2025-07-29,Germany,Chinese,German|Italian|French,free,25-34,Other,Travel,2025-07
HT_012674,2025-10-20,Mexico,Spanish,Arabic|Chinese|Dutch,free,18-24,F,Exam,2025-10
HT_012675,2025-06-04,UK,Japanese,Italian|English,free,45+,F,Immigration,2025-06
HT_012676,2025-09-03,Germany,German,English|Korean,free,25-34,M,Hobby,2025-09
HT_012677,2025-06-13,France,French,Arabic|Korean,free,18-24,M,Hobby,2025-06
HT_012678,2025-08-30,Canada,Japanese,English,premium,25-34,M,Business,2025-08
HT_012679,2025-11-26,Spain,Korean,Russian|Italian,free,18-24,Other,Hobby,2025-11
HT_012680,2025-04-17,UK,Portuguese,Chinese,free,35-44,M,Business,2025-04
HT_012681,2025-05-13,USA,Korean,Chinese|Spanish|Dutch,free,18-24,M,Travel,2025-05
HT_012682,2026-03-06,China,Italian,Korean,free,25-34,F,Immigration,2026-03
HT_012683,2025-09-28,Brazil,Dutch,Chinese|Portuguese,free,25-34,M,Exam,2025-09
HT_012684,2025-08-27,Germany,Italian,Russian|Spanish|German,premium,25-34,F,Hobby,2025-08
HT_012685,2025-06-09,Canada,Spanish,German,free,18-24,M,Travel,2025-06
HT_012686,2026-02-08,Brazil,Korean,Chinese|English|Japanese,free,25-34,F,Exam,2026-02
HT_012687,2025-10-15,Germany,English,Japanese,free,18-24,Other,Travel,2025-10
HT_012688,2025-05-16,France,Russian,Arabic|Portuguese|Korean,free,18-24,F,Exam,2025-05
HT_012689,2025-06-10,South Korea,Italian,Spanish|Korean,premium,25-34,F,Hobby,2025-06
HT_012690,2025-08-16,Canada,Dutch,Russian,free,35-44,M,Hobby,2025-08
HT_012691,2025-05-09,France,Spanish,Japanese|Italian,free,35-44,Other,Hobby,2025-05
HT_012692,2025-09-11,South Korea,Japanese,Arabic|Chinese|Portuguese,premium,45+,M,Business,2025-09
HT_012693,2026-03-25,Japan,French,Portuguese,free,25-34,M,Immigration,2026-03
HT_012694,2025-11-16,France,Arabic,Dutch|Italian|German,free,25-34,F,Travel,2025-11
HT_012695,2025-10-22,UK,Italian,German,premium,45+,Other,Travel,2025-10
HT_012696,2026-03-28,Canada,Spanish,German|French|English,free,25-34,F,Hobby,2026-03
HT_012697,2026-04-07,Brazil,Portuguese,German|French|Spanish,free,18-24,F,Travel,2026-04
HT_012698,2025-04-30,Germany,Spanish,Japanese,free,18-24,M,Hobby,2025-04
HT_012699,2025-07-20,Spain,Portuguese,Italian|German|Dutch,free,35-44,F,Immigration,2025-07
HT_012700,2025-10-09,Brazil,French,Dutch|Korean,free,18-24,F,Business,2025-10
HT_012701,2026-01-17,Japan,Arabic,Russian,free,25-34,M,Exam,2026-01
HT_012702,2025-08-22,USA,Russian,German|Korean,free,35-44,Other,Immigration,2025-08
HT_012703,2025-09-30,Japan,French,Chinese|Arabic|Korean,free,25-34,Other,Hobby,2025-09
HT_012704,2026-01-20,UK,Korean,Dutch,free,18-24,M,Exam,2026-01
HT_012705,2025-04-18,Japan,Italian,Arabic,free,25-34,Other,Hobby,2025-04
HT_012706,2025-10-19,USA,Japanese,Arabic|Chinese|Russian,free,45+,Other,Travel,2025-10
HT_012707,2025-09-25,UK,Dutch,Italian|Russian,premium,35-44,F,Exam,2025-09
HT_012708,2025-07-25,South Korea,Dutch,Portuguese,free,25-34,Other,Hobby,2025-07
HT_012709,2025-12-25,France,Russian,Chinese|German,free,45+,F,Immigration,2025-12
HT_012710,2025-12-17,USA,Japanese,Arabic,premium,18-24,Other,Business,2025-12
HT_012711,2025-10-19,Brazil,Chinese,Japanese,free,18-24,Other,Hobby,2025-10
HT_012712,2025-04-19,Brazil,Arabic,Dutch|Russian|French,free,18-24,M,Immigration,2025-04
HT_012713,2026-01-07,France,French,Italian|Portuguese|Chinese,free,25-34,M,Business,2026-01
HT_012714,2026-02-16,China,Spanish,Japanese,free,45+,Other,Exam,2026-02
HT_012715,2025-07-17,Japan,Portuguese,Spanish|English,free,35-44,F,Business,2025-07
HT_012716,2026-04-04,Canada,Russian,Chinese,premium,25-34,Other,Exam,2026-04
HT_012717,2025-07-07,Australia,English,Arabic,free,25-34,M,Business,2025-07
HT_012718,2025-08-06,Brazil,English,Russian|Spanish,free,18-24,F,Hobby,2025-08
HT_012719,2025-07-02,Spain,Japanese,Chinese|Spanish,premium,25-34,Other,Travel,2025-07
HT_012720,2025-12-20,Spain,English,Japanese|Spanish|Korean,free,18-24,M,Travel,2025-12
HT_012721,2026-01-03,South Korea,Portuguese,Arabic,free,25-34,F,Business,2026-01
HT_012722,2025-11-11,France,Japanese,Portuguese,free,35-44,Other,Travel,2025-11
HT_012723,2025-07-15,UK,Russian,Korean,premium,25-34,F,Business,2025-07
HT_012724,2025-06-09,Australia,Russian,French|Portuguese,free,18-24,Other,Business,2025-06
HT_012725,2025-12-21,France,Japanese,Italian|German|Arabic,premium,18-24,Other,Travel,2025-12
HT_012726,2025-10-09,South Korea,Italian,Arabic|Dutch|French,free,25-34,Other,Hobby,2025-10
HT_012727,2026-01-21,Canada,Chinese,Portuguese|Spanish|English,premium,45+,M,Travel,2026-01
HT_012728,2025-11-19,Japan,Russian,Portuguese|German|French,free,45+,M,Business,2025-11
HT_012729,2025-06-03,Mexico,Portuguese,Russian,free,25-34,Other,Immigration,2025-06
HT_012730,2025-08-31,Germany,Italian,Portuguese|Japanese|English,premium,18-24,F,Hobby,2025-08
HT_012731,2026-03-18,Spain,Spanish,Russian|Japanese|English,free,45+,M,Exam,2026-03
HT_012732,2025-09-14,UK,Russian,Dutch|Spanish|Italian,free,25-34,M,Hobby,2025-09
HT_012733,2026-02-24,Australia,Russian,Korean|German|Portuguese,free,35-44,M,Exam,2026-02
HT_012734,2025-12-11,Australia,Portuguese,Italian|English|Russian,free,18-24,F,Exam,2025-12
HT_012735,2025-05-15,Mexico,Dutch,French,free,18-24,Other,Hobby,2025-05
HT_012736,2025-04-24,Brazil,English,Italian,free,25-34,Other,Business,2025-04
HT_012737,2026-02-10,USA,Spanish,Russian|Japanese|Korean,free,25-34,M,Immigration,2026-02
HT_012738,2026-04-01,South Korea,Korean,Italian|English|Spanish,free,18-24,F,Hobby,2026-04
HT_012739,2025-12-08,Spain,Italian,French,premium,35-44,Other,Exam,2025-12
HT_012740,2026-01-14,Mexico,Italian,Korean|English,free,45+,F,Business,2026-01
HT_012741,2025-07-14,South Korea,Arabic,English|Chinese,premium,25-34,F,Exam,2025-07
HT_012742,2025-08-02,South Korea,Spanish,French,free,18-24,M,Travel,2025-08
HT_012743,2026-01-21,Canada,French,Dutch,free,25-34,Other,Travel,2026-01
HT_012744,2025-12-23,Australia,Russian,German|Spanish,free,18-24,Other,Immigration,2025-12
HT_012745,2025-05-28,Brazil,French,German,free,25-34,F,Travel,2025-05
HT_012746,2025-06-01,Australia,English,French|Spanish|Arabic,free,18-24,F,Travel,2025-06
HT_012747,2026-04-09,Japan,Arabic,Korean|Spanish,premium,35-44,F,Hobby,2026-04
HT_012748,2025-08-25,South Korea,French,Portuguese|Italian,free,45+,Other,Exam,2025-08
HT_012749,2025-11-09,Canada,French,Spanish,free,18-24,F,Exam,2025-11
HT_012750,2025-11-14,Brazil,Italian,Japanese,free,25-34,F,Hobby,2025-11
HT_012751,2025-08-31,Germany,Chinese,Korean,free,35-44,M,Travel,2025-08
HT_012752,2025-09-29,UK,Russian,Portuguese|Dutch,premium,25-34,Other,Hobby,2025-09
HT_012753,2025-08-20,Australia,Portuguese,Korean|Chinese|French,free,25-34,F,Immigration,2025-08
HT_012754,2025-07-24,Australia,German,Spanish|Portuguese,free,25-34,Other,Hobby,2025-07
HT_012755,2025-11-11,Brazil,English,Korean|French,free,18-24,M,Exam,2025-11
HT_012756,2025-09-26,China,Italian,French|Dutch|Portuguese,free,25-34,M,Business,2025-09
HT_012757,2026-03-09,Australia,Arabic,German,free,25-34,Other,Business,2026-03
HT_012758,2025-11-14,Spain,English,Korean,free,35-44,Other,Exam,2025-11
HT_012759,2025-11-23,Brazil,Korean,Japanese|English,free,25-34,Other,Business,2025-11
HT_012760,2026-03-21,Canada,Portuguese,Italian|Chinese|Japanese,free,18-24,Other,Immigration,2026-03
HT_012761,2025-06-24,Canada,Japanese,Spanish,free,18-24,Other,Hobby,2025-06
HT_012762,2025-05-06,UK,Portuguese,Chinese|French,free,18-24,M,Hobby,2025-05
HT_012763,2025-05-26,UK,French,Spanish|English|Italian,free,25-34,F,Immigration,2025-05
HT_012764,2026-02-12,China,French,Chinese|Italian,free,35-44,M,Business,2026-02
HT_012765,2026-02-10,UK,Arabic,Chinese|German|Russian,free,18-24,M,Travel,2026-02
HT_012766,2026-03-13,Spain,Portuguese,Chinese,free,18-24,F,Exam,2026-03
HT_012767,2025-07-25,Australia,Korean,Italian,free,25-34,Other,Business,2025-07
HT_012768,2025-05-05,Spain,Arabic,Russian,premium,25-34,M,Exam,2025-05
HT_012769,2025-10-16,Spain,German,Japanese|Chinese,free,25-34,M,Travel,2025-10
HT_012770,2026-03-28,Mexico,Arabic,Japanese,free,18-24,Other,Business,2026-03
HT_012771,2025-07-29,Brazil,Japanese,French|Portuguese|Russian,free,35-44,Other,Business,2025-07
HT_012772,2025-09-19,France,Russian,Italian,free,18-24,Other,Exam,2025-09
HT_012773,2025-04-14,Japan,Chinese,Korean|Japanese|Portuguese,free,35-44,Other,Hobby,2025-04
HT_012774,2025-09-15,Germany,Arabic,English|Russian,premium,25-34,F,Travel,2025-09
HT_012775,2025-12-29,Japan,Chinese,Russian|Japanese|French,premium,25-34,Other,Hobby,2025-12
HT_012776,2025-05-10,France,Italian,Spanish|Russian|German,free,25-34,M,Hobby,2025-05
HT_012777,2025-09-03,Japan,Korean,German|Chinese|Japanese,free,35-44,F,Hobby,2025-09
HT_012778,2025-11-15,China,German,Arabic,free,18-24,F,Hobby,2025-11
HT_012779,2026-01-13,Germany,Spanish,Portuguese,free,18-24,Other,Exam,2026-01
HT_012780,2025-09-22,Mexico,Dutch,Chinese|Portuguese|Spanish,free,25-34,Other,Travel,2025-09
HT_012781,2025-05-08,China,Dutch,Chinese,free,18-24,M,Travel,2025-05
HT_012782,2025-11-16,UK,Korean,Dutch,free,35-44,M,Travel,2025-11
HT_012783,2025-08-30,Germany,Russian,Korean,free,35-44,F,Business,2025-08
HT_012784,2025-07-24,Brazil,Spanish,Chinese|Russian,free,18-24,M,Immigration,2025-07
HT_012785,2026-03-22,Canada,French,Portuguese|English|Dutch,free,25-34,Other,Hobby,2026-03
HT_012786,2025-12-10,Australia,Russian,German|Dutch|Chinese,free,25-34,F,Exam,2025-12
HT_012787,2025-11-16,Brazil,Chinese,German,free,18-24,Other,Business,2025-11
HT_012788,2026-02-22,France,Arabic,Dutch,free,35-44,F,Hobby,2026-02
HT_012789,2026-01-31,Mexico,Spanish,Portuguese|Arabic|French,free,45+,M,Hobby,2026-01
HT_012790,2025-06-12,China,Japanese,Dutch|German|Korean,free,18-24,Other,Hobby,2025-06
HT_012791,2025-12-09,Spain,Spanish,Chinese|Dutch|German,free,18-24,F,Travel,2025-12
HT_012792,2025-05-17,Canada,Italian,German|Portuguese|Russian,free,18-24,M,Business,2025-05
HT_012793,2025-10-11,Japan,Italian,English,free,25-34,M,Business,2025-10
HT_012794,2025-10-31,Spain,Arabic,Russian|Korean|Portuguese,free,18-24,F,Travel,2025-10
HT_012795,2026-01-29,UK,Portuguese,Chinese,free,25-34,F,Immigration,2026-01
HT_012796,2025-09-16,South Korea,Korean,English|Arabic|Portuguese,free,18-24,M,Travel,2025-09
HT_012797,2025-06-30,Spain,Korean,Dutch|Italian|French,free,18-24,F,Exam,2025-06
HT_012798,2026-02-24,South Korea,Italian,Spanish|Japanese,free,18-24,M,Business,2026-02
HT_012799,2025-04-12,UK,Italian,Dutch|English,free,25-34,F,Immigration,2025-04
HT_012800,2026-03-26,Japan,French,Russian|Japanese|Spanish,free,18-24,M,Exam,2026-03
HT_012801,2026-02-17,France,Italian,Japanese|Korean|Chinese,premium,18-24,F,Business,2026-02
HT_012802,2025-05-11,Germany,German,Arabic,free,18-24,F,Business,2025-05
HT_012803,2025-05-27,Japan,Italian,Arabic|Chinese,free,25-34,Other,Hobby,2025-05
HT_012804,2025-10-23,Australia,Korean,French|Arabic,free,35-44,M,Exam,2025-10
HT_012805,2026-03-15,Germany,German,Italian,free,18-24,F,Immigration,2026-03
HT_012806,2026-01-20,Brazil,Dutch,Spanish|Chinese|Portuguese,free,35-44,F,Immigration,2026-01
HT_012807,2025-10-13,Brazil,Portuguese,Dutch|Arabic|Spanish,free,18-24,F,Travel,2025-10
HT_012808,2025-05-04,China,Japanese,Chinese|Russian,free,25-34,M,Exam,2025-05
HT_012809,2025-06-12,Germany,Russian,Korean|Dutch|Italian,free,25-34,F,Business,2025-06
HT_012810,2025-08-24,Mexico,Portuguese,German|English,free,18-24,Other,Immigration,2025-08
HT_012811,2026-02-14,China,Chinese,German,free,18-24,F,Hobby,2026-02
HT_012812,2025-04-13,Canada,Japanese,English|Portuguese|Arabic,free,35-44,M,Hobby,2025-04
HT_012813,2025-10-26,Brazil,Chinese,Korean|Spanish|Japanese,premium,35-44,Other,Immigration,2025-10
HT_012814,2026-01-15,Germany,Dutch,German,free,35-44,M,Hobby,2026-01
HT_012815,2025-05-15,China,Russian,English|Italian,free,45+,M,Exam,2025-05
HT_012816,2025-11-19,UK,Dutch,German|Arabic|French,free,25-34,F,Exam,2025-11
HT_012817,2026-01-22,Australia,German,Russian,free,35-44,F,Exam,2026-01
HT_012818,2025-12-15,South Korea,Portuguese,English,free,25-34,Other,Immigration,2025-12
HT_012819,2025-10-02,Brazil,Arabic,Dutch|English,premium,25-34,F,Travel,2025-10
HT_012820,2026-04-10,China,Dutch,Chinese,free,18-24,M,Hobby,2026-04
HT_012821,2025-05-19,UK,English,Japanese|Portuguese,free,18-24,F,Immigration,2025-05
HT_012822,2025-08-15,Australia,Dutch,Portuguese|English|Russian,premium,25-34,M,Immigration,2025-08
HT_012823,2025-06-04,UK,Portuguese,Arabic|Korean|Japanese,free,25-34,Other,Exam,2025-06
HT_012824,2026-01-05,Mexico,English,French|Russian|Italian,free,18-24,M,Hobby,2026-01
HT_012825,2025-08-20,Mexico,Japanese,Arabic|Spanish,free,18-24,F,Immigration,2025-08
HT_012826,2026-02-13,Mexico,Korean,Portuguese|German|Arabic,free,35-44,Other,Exam,2026-02
HT_012827,2026-02-01,China,Japanese,Russian,free,25-34,Other,Immigration,2026-02
HT_012828,2026-02-02,Spain,Japanese,Arabic,free,18-24,M,Hobby,2026-02
HT_012829,2025-07-08,USA,Spanish,Portuguese|Chinese|Korean,free,25-34,M,Travel,2025-07
HT_012830,2026-01-22,France,Portuguese,Italian,free,18-24,Other,Hobby,2026-01
HT_012831,2026-04-10,Germany,French,English|Dutch,free,25-34,M,Hobby,2026-04
HT_012832,2026-02-28,France,German,Italian|English,free,25-34,F,Immigration,2026-02
HT_012833,2025-11-17,USA,Dutch,French|German|Italian,premium,25-34,M,Immigration,2025-11
HT_012834,2025-10-24,Canada,German,Dutch,free,18-24,Other,Immigration,2025-10
HT_012835,2025-09-11,China,Italian,Spanish|Dutch|German,free,35-44,F,Travel,2025-09
HT_012836,2026-01-07,France,Japanese,German|Dutch,free,35-44,F,Travel,2026-01
HT_012837,2025-08-18,France,Dutch,Russian,free,35-44,Other,Hobby,2025-08
HT_012838,2026-04-07,Spain,Arabic,Portuguese|German,free,25-34,Other,Business,2026-04
HT_012839,2025-10-17,Germany,Dutch,Korean|English|Italian,premium,45+,M,Travel,2025-10
HT_012840,2025-06-08,Mexico,French,German,free,18-24,Other,Travel,2025-06
HT_012841,2026-03-28,USA,Dutch,Chinese,free,35-44,Other,Business,2026-03
HT_012842,2026-03-22,Brazil,Spanish,English,free,45+,F,Exam,2026-03
HT_012843,2026-03-31,UK,Chinese,Italian|Portuguese|German,free,18-24,Other,Exam,2026-03
HT_012844,2025-07-16,China,Portuguese,Japanese,free,35-44,M,Exam,2025-07
HT_012845,2025-05-30,Brazil,Spanish,German|Portuguese,free,45+,Other,Exam,2025-05
HT_012846,2025-10-13,France,Chinese,Spanish|Portuguese,free,25-34,F,Travel,2025-10
HT_012847,2026-04-03,Canada,Dutch,Russian|Italian,free,35-44,Other,Immigration,2026-04
HT_012848,2025-05-22,Mexico,Japanese,German|Dutch,free,45+,M,Exam,2025-05
HT_012849,2026-03-17,Mexico,Russian,Arabic|Dutch,free,18-24,M,Exam,2026-03
HT_012850,2025-04-16,South Korea,Japanese,Dutch|Italian|Korean,free,25-34,Other,Business,2025-04
HT_012851,2025-08-16,USA,Japanese,Chinese|Italian,free,25-34,Other,Business,2025-08
HT_012852,2025-07-07,Mexico,French,Dutch|English|German,free,25-34,Other,Immigration,2025-07
HT_012853,2025-06-17,Canada,English,Dutch|French,free,45+,Other,Business,2025-06
HT_012854,2026-03-16,Mexico,Chinese,Japanese,free,25-34,F,Exam,2026-03
HT_012855,2025-06-11,UK,Spanish,French|Italian,free,18-24,Other,Travel,2025-06
HT_012856,2025-11-03,South Korea,Dutch,German,free,18-24,Other,Business,2025-11
HT_012857,2025-12-31,UK,Italian,Russian,premium,25-34,Other,Travel,2025-12
HT_012858,2025-06-29,Germany,Chinese,French,premium,25-34,Other,Exam,2025-06
HT_012859,2025-11-12,South Korea,Dutch,Italian,free,25-34,F,Business,2025-11
HT_012860,2025-10-01,South Korea,English,Dutch|Italian,free,35-44,M,Exam,2025-10
HT_012861,2025-09-28,Australia,Arabic,Russian,free,25-34,Other,Travel,2025-09
HT_012862,2025-05-23,USA,English,Italian,free,45+,Other,Hobby,2025-05
HT_012863,2025-10-12,Canada,Russian,Arabic|Italian,free,25-34,M,Travel,2025-10
HT_012864,2026-01-12,USA,Japanese,Arabic,free,35-44,Other,Hobby,2026-01
HT_012865,2025-07-19,South Korea,Arabic,Italian|Spanish|English,premium,25-34,M,Hobby,2025-07
HT_012866,2025-04-19,Mexico,Japanese,German,free,18-24,Other,Business,2025-04
HT_012867,2026-03-30,USA,Chinese,Arabic|Dutch|Spanish,free,18-24,F,Immigration,2026-03
HT_012868,2026-01-30,USA,French,German|Portuguese|Japanese,free,25-34,M,Business,2026-01
HT_012869,2025-09-21,Spain,English,Spanish|Russian|Chinese,free,18-24,F,Business,2025-09
HT_012870,2025-10-06,Germany,Japanese,Portuguese,free,25-34,F,Immigration,2025-10
HT_012871,2026-03-03,Japan,Dutch,Russian|German,free,25-34,M,Travel,2026-03
HT_012872,2025-04-22,Canada,Japanese,Russian,free,25-34,Other,Business,2025-04
HT_012873,2025-11-16,UK,English,Russian|Korean,free,25-34,M,Exam,2025-11
HT_012874,2025-08-26,UK,Chinese,Russian|French|Italian,free,35-44,F,Exam,2025-08
HT_012875,2026-02-08,South Korea,Portuguese,Chinese,free,35-44,F,Travel,2026-02
HT_012876,2025-07-04,Japan,Dutch,Italian|French|Russian,free,18-24,Other,Hobby,2025-07
HT_012877,2026-02-10,Japan,German,Japanese|Spanish,free,25-34,Other,Exam,2026-02
HT_012878,2025-09-07,France,German,Italian|Korean,free,25-34,F,Travel,2025-09
HT_012879,2026-03-05,Australia,Dutch,English|German|Russian,premium,18-24,F,Business,2026-03
HT_012880,2026-02-28,USA,Spanish,English|Chinese,free,35-44,F,Travel,2026-02
HT_012881,2026-03-20,Germany,Arabic,Chinese|Italian,free,35-44,F,Exam,2026-03
HT_012882,2026-03-09,Brazil,English,German,free,35-44,F,Travel,2026-03
HT_012883,2025-04-18,USA,English,French|Chinese,premium,45+,M,Exam,2025-04
HT_012884,2026-03-13,Canada,Spanish,Italian|Portuguese,free,25-34,F,Immigration,2026-03
HT_012885,2025-08-31,Canada,Spanish,Arabic|Dutch|French,free,35-44,M,Travel,2025-08
HT_012886,2026-03-08,Germany,Chinese,German|French|Russian,free,25-34,F,Immigration,2026-03
HT_012887,2025-12-03,Australia,Dutch,Japanese|Spanish|Italian,free,25-34,M,Immigration,2025-12
HT_012888,2026-01-10,Mexico,German,Arabic|French,free,18-24,F,Immigration,2026-01
HT_012889,2025-10-13,Spain,Japanese,Spanish|Portuguese|German,premium,25-34,F,Immigration,2025-10
HT_012890,2025-10-24,UK,English,Chinese|Japanese|German,free,45+,F,Travel,2025-10
HT_012891,2026-01-21,South Korea,French,German|Portuguese|Spanish,free,25-34,F,Travel,2026-01
HT_012892,2025-06-25,Germany,Dutch,Italian|Portuguese,free,18-24,M,Hobby,2025-06
HT_012893,2025-12-01,South Korea,Russian,Korean,premium,35-44,M,Exam,2025-12
HT_012894,2026-04-06,Germany,Arabic,Dutch|Korean,free,25-34,F,Hobby,2026-04
HT_012895,2025-12-19,USA,Russian,French|Chinese|Italian,free,18-24,Other,Hobby,2025-12
HT_012896,2025-09-06,Mexico,Italian,Japanese|Spanish,free,35-44,F,Hobby,2025-09
HT_012897,2025-10-02,Germany,Arabic,Korean|Dutch,free,25-34,M,Immigration,2025-10
HT_012898,2025-09-14,South Korea,Dutch,French|Spanish,free,18-24,M,Hobby,2025-09
HT_012899,2025-07-08,Canada,Japanese,Italian|Chinese,free,35-44,M,Immigration,2025-07
HT_012900,2025-05-02,China,Italian,Chinese,free,18-24,Other,Immigration,2025-05
HT_012901,2026-02-19,UK,Chinese,Korean|Portuguese|Dutch,free,25-34,F,Business,2026-02
HT_012902,2026-03-27,Canada,Korean,Russian,free,18-24,Other,Travel,2026-03
HT_012903,2026-01-22,China,Spanish,Italian|Chinese|Japanese,free,25-34,M,Immigration,2026-01
HT_012904,2026-03-20,Brazil,German,Spanish|Russian|Japanese,free,25-34,F,Business,2026-03
HT_012905,2025-09-17,Australia,Spanish,Portuguese|Russian,free,18-24,M,Exam,2025-09
HT_012906,2025-11-27,USA,Russian,German,premium,18-24,Other,Hobby,2025-11
HT_012907,2025-07-13,Spain,Spanish,English,free,18-24,Other,Immigration,2025-07
HT_012908,2026-02-01,Mexico,Italian,Spanish|Dutch|English,free,18-24,Other,Travel,2026-02
HT_012909,2026-02-04,China,English,French,free,18-24,M,Immigration,2026-02
HT_012910,2025-07-01,Australia,German,Italian|Arabic|Japanese,free,25-34,Other,Immigration,2025-07
HT_012911,2025-09-26,Japan,German,Arabic|Spanish|Korean,free,25-34,M,Exam,2025-09
HT_012912,2025-10-28,Australia,Chinese,English|Korean,free,18-24,M,Business,2025-10
HT_012913,2025-12-08,UK,Portuguese,Russian|German|Spanish,free,25-34,F,Exam,2025-12
HT_012914,2025-05-25,Australia,French,English|Dutch,free,18-24,F,Travel,2025-05
HT_012915,2025-07-22,Canada,French,German|Korean,free,35-44,F,Travel,2025-07
HT_012916,2026-03-28,Canada,Chinese,Arabic|Portuguese|Russian,free,18-24,F,Business,2026-03
HT_012917,2025-11-02,Brazil,Spanish,Italian,free,18-24,F,Travel,2025-11
HT_012918,2026-04-05,Spain,Italian,Korean|German|Portuguese,premium,25-34,F,Immigration,2026-04
HT_012919,2025-11-18,Australia,Arabic,Chinese|English|Russian,free,35-44,Other,Business,2025-11
HT_012920,2025-12-16,China,German,French|Arabic|English,free,18-24,F,Exam,2025-12
HT_012921,2026-04-09,Spain,English,Russian,free,25-34,F,Exam,2026-04
HT_012922,2026-04-07,Japan,English,Japanese,free,25-34,F,Business,2026-04
HT_012923,2025-09-09,UK,Russian,Dutch,free,35-44,F,Business,2025-09
HT_012924,2025-05-09,France,Arabic,Japanese,free,18-24,Other,Travel,2025-05
HT_012925,2025-05-31,France,Spanish,Italian|French,free,25-34,F,Immigration,2025-05
HT_012926,2025-10-12,Canada,French,Chinese,free,25-34,F,Hobby,2025-10
HT_012927,2025-05-30,Canada,Japanese,Portuguese,premium,25-34,Other,Exam,2025-05
HT_012928,2025-12-03,Japan,French,Italian|Chinese,free,35-44,Other,Exam,2025-12
HT_012929,2025-10-05,Spain,Chinese,Italian,free,25-34,M,Immigration,2025-10
HT_012930,2025-07-07,South Korea,German,French,free,35-44,Other,Hobby,2025-07
HT_012931,2025-07-22,UK,Dutch,Chinese,free,35-44,Other,Immigration,2025-07
HT_012932,2026-02-09,USA,Arabic,German,premium,25-34,F,Immigration,2026-02
HT_012933,2025-05-24,Germany,German,Arabic|English|Dutch,free,18-24,F,Hobby,2025-05
HT_012934,2025-07-28,Japan,Russian,French,free,25-34,M,Travel,2025-07
HT_012935,2025-09-06,USA,English,Japanese|Arabic|Russian,free,35-44,F,Travel,2025-09
HT_012936,2025-05-20,UK,French,German|English,free,25-34,Other,Immigration,2025-05
HT_012937,2025-05-22,Brazil,Portuguese,Russian,premium,35-44,M,Hobby,2025-05
HT_012938,2025-06-20,UK,Chinese,Portuguese|Korean|French,free,25-34,F,Immigration,2025-06
HT_012939,2025-06-17,Australia,Portuguese,Japanese|Russian,free,35-44,Other,Travel,2025-06
HT_012940,2025-11-08,Spain,Arabic,Spanish|Dutch,free,18-24,Other,Business,2025-11
HT_012941,2025-06-02,Australia,Spanish,Chinese,free,25-34,M,Exam,2025-06
HT_012942,2025-11-23,Japan,Italian,Russian|Japanese|Korean,free,25-34,Other,Travel,2025-11
HT_012943,2026-02-13,USA,Japanese,English,free,25-34,M,Travel,2026-02
HT_012944,2025-12-13,Mexico,Russian,English|Korean,free,18-24,Other,Hobby,2025-12
HT_012945,2025-11-11,Australia,Dutch,Japanese|Spanish,free,25-34,M,Exam,2025-11
HT_012946,2025-09-01,USA,Italian,French|Russian|Arabic,free,25-34,F,Business,2025-09
HT_012947,2025-09-28,Germany,Chinese,Arabic|Portuguese,free,25-34,F,Travel,2025-09
HT_012948,2025-10-15,Brazil,Dutch,Spanish|Italian|Japanese,free,35-44,Other,Hobby,2025-10
HT_012949,2025-08-03,China,Korean,Dutch|Portuguese|Arabic,free,35-44,F,Travel,2025-08
HT_012950,2025-09-01,USA,Russian,Korean|French|Spanish,premium,18-24,M,Hobby,2025-09
HT_012951,2026-02-11,USA,Spanish,Chinese|English|Dutch,free,35-44,Other,Travel,2026-02
HT_012952,2025-11-26,South Korea,Portuguese,Korean,free,45+,F,Immigration,2025-11
HT_012953,2025-10-14,USA,Korean,Arabic|English,free,35-44,F,Exam,2025-10
HT_012954,2026-04-04,UK,Chinese,Korean|Italian|Dutch,free,25-34,Other,Travel,2026-04
HT_012955,2026-02-22,Brazil,Arabic,Italian|Korean|Chinese,free,18-24,Other,Exam,2026-02
HT_012956,2026-03-12,China,Russian,Chinese|Arabic,free,18-24,M,Hobby,2026-03
HT_012957,2025-12-18,Japan,Spanish,Portuguese|German,free,18-24,F,Travel,2025-12
HT_012958,2025-08-27,USA,Italian,English|German,free,25-34,M,Immigration,2025-08
HT_012959,2025-09-15,Australia,Japanese,Korean|French,free,25-34,F,Immigration,2025-09
HT_012960,2025-12-09,Spain,German,Spanish|English|Russian,free,35-44,F,Business,2025-12
HT_012961,2025-08-12,South Korea,Arabic,Chinese|English,free,18-24,M,Hobby,2025-08
HT_012962,2026-03-05,Germany,Portuguese,Arabic,free,18-24,M,Exam,2026-03
HT_012963,2025-09-04,Brazil,Russian,Dutch|Chinese|German,free,45+,F,Hobby,2025-09
HT_012964,2025-05-22,UK,Japanese,Arabic|German,free,25-34,F,Hobby,2025-05
HT_012965,2025-09-30,China,Japanese,English|German|Chinese,free,25-34,F,Hobby,2025-09
HT_012966,2025-07-14,USA,Chinese,Japanese|Dutch,free,25-34,M,Exam,2025-07
HT_012967,2025-11-06,USA,German,French,free,35-44,Other,Exam,2025-11
HT_012968,2025-05-01,Mexico,Korean,Chinese|Japanese|Russian,free,25-34,M,Travel,2025-05
HT_012969,2026-03-18,Brazil,Portuguese,Arabic|Russian|French,free,18-24,M,Immigration,2026-03
HT_012970,2025-07-12,China,German,French|Dutch,free,35-44,M,Exam,2025-07
HT_012971,2025-05-21,UK,Spanish,Italian|French,free,18-24,F,Immigration,2025-05
HT_012972,2025-10-02,France,Spanish,German|Chinese|Arabic,free,25-34,M,Business,2025-10
HT_012973,2025-05-24,Brazil,Spanish,Portuguese|Arabic,free,25-34,Other,Travel,2025-05
HT_012974,2025-05-27,China,Portuguese,Korean|German|Spanish,premium,25-34,F,Travel,2025-05
HT_012975,2026-01-23,Japan,Spanish,English,free,18-24,Other,Exam,2026-01
HT_012976,2025-05-26,South Korea,Spanish,Dutch|Portuguese|Arabic,free,35-44,F,Exam,2025-05
HT_012977,2025-10-26,South Korea,English,Arabic|Portuguese,free,25-34,F,Travel,2025-10
HT_012978,2025-10-30,Canada,Spanish,German,free,18-24,F,Immigration,2025-10
HT_012979,2025-12-18,UK,Arabic,German|Spanish,premium,35-44,Other,Immigration,2025-12
HT_012980,2025-05-02,Mexico,English,Korean|Chinese|French,free,25-34,Other,Business,2025-05
HT_012981,2026-03-14,Australia,Arabic,Chinese|Russian|Portuguese,free,35-44,F,Immigration,2026-03
HT_012982,2026-04-02,South Korea,Japanese,English|Arabic|Korean,free,18-24,M,Hobby,2026-04
HT_012983,2025-11-06,Japan,Korean,Spanish|Russian,free,45+,F,Travel,2025-11
HT_012984,2025-06-09,USA,Spanish,Chinese|Italian|Russian,free,35-44,F,Immigration,2025-06
HT_012985,2026-03-13,USA,Japanese,Dutch,free,25-34,F,Exam,2026-03
HT_012986,2025-10-21,Germany,Spanish,Dutch,free,25-34,M,Exam,2025-10
HT_012987,2025-09-05,Japan,Spanish,French|Arabic,premium,35-44,F,Exam,2025-09
HT_012988,2025-08-18,Canada,Italian,French,free,18-24,M,Travel,2025-08
HT_012989,2026-03-08,Japan,Portuguese,French,free,18-24,M,Travel,2026-03
HT_012990,2025-08-27,Germany,Arabic,French,free,18-24,F,Business,2025-08
HT_012991,2026-02-19,UK,German,Japanese|Korean,free,18-24,Other,Hobby,2026-02
HT_012992,2025-12-08,China,English,Arabic,free,25-34,F,Immigration,2025-12
HT_012993,2025-10-08,Mexico,Japanese,Italian|Korean,free,25-34,F,Business,2025-10
HT_012994,2025-08-09,Germany,Dutch,Russian|Portuguese|Italian,free,25-34,Other,Exam,2025-08
HT_012995,2025-04-29,Brazil,Arabic,Dutch|English|Spanish,free,18-24,F,Hobby,2025-04
HT_012996,2025-08-29,Canada,Arabic,English|Russian,free,18-24,Other,Business,2025-08
HT_012997,2025-12-17,Australia,Korean,Dutch,free,25-34,F,Business,2025-12
HT_012998,2025-04-17,Canada,German,English|Italian,free,18-24,F,Exam,2025-04
HT_012999,2025-10-24,Brazil,English,Korean|Russian,free,25-34,Other,Immigration,2025-10
HT_013000,2026-01-27,France,Italian,Arabic|French,free,35-44,Other,Immigration,2026-01
HT_013001,2025-06-27,Mexico,Russian,Spanish,free,25-34,Other,Hobby,2025-06
HT_013002,2025-05-15,Canada,English,Arabic|Dutch|German,free,25-34,M,Business,2025-05
HT_013003,2026-02-03,France,English,Portuguese|Italian,free,18-24,M,Hobby,2026-02
HT_013004,2025-07-17,Australia,Korean,Dutch|English,free,18-24,M,Hobby,2025-07
HT_013005,2025-11-10,Germany,Italian,Korean|French|Dutch,premium,25-34,F,Business,2025-11
HT_013006,2026-01-14,Australia,German,Portuguese|Russian|Chinese,free,18-24,F,Immigration,2026-01
HT_013007,2025-08-12,China,Spanish,Italian,free,18-24,Other,Exam,2025-08
HT_013008,2025-10-13,Spain,Spanish,Arabic|Korean|Portuguese,free,18-24,F,Hobby,2025-10
HT_013009,2025-05-16,Mexico,Japanese,Italian,free,25-34,Other,Exam,2025-05
HT_013010,2025-05-08,France,Japanese,Dutch|Chinese|German,free,35-44,Other,Travel,2025-05
HT_013011,2025-12-09,Spain,Dutch,English,free,18-24,M,Immigration,2025-12
HT_013012,2026-01-06,France,German,Dutch|Italian|Spanish,free,25-34,Other,Travel,2026-01
HT_013013,2026-02-20,Australia,Russian,Chinese|English,free,35-44,Other,Business,2026-02
HT_013014,2025-05-29,Brazil,Italian,English|Dutch,free,35-44,F,Hobby,2025-05
HT_013015,2025-09-04,Spain,German,Arabic|Korean|French,free,25-34,Other,Business,2025-09
HT_013016,2025-10-29,Canada,Chinese,German|Russian|Korean,free,35-44,F,Hobby,2025-10
HT_013017,2026-01-27,Mexico,French,Japanese|Russian,premium,25-34,F,Travel,2026-01
HT_013018,2026-02-06,Australia,Arabic,Italian|Chinese|German,free,25-34,Other,Business,2026-02
HT_013019,2025-07-23,France,English,Chinese|Portuguese,free,35-44,M,Exam,2025-07
HT_013020,2025-05-11,UK,Italian,Chinese,free,25-34,M,Travel,2025-05
HT_013021,2026-04-06,Germany,English,French,free,18-24,M,Immigration,2026-04
HT_013022,2025-08-14,Spain,English,French|Chinese|Dutch,free,35-44,Other,Hobby,2025-08
HT_013023,2026-02-25,South Korea,Korean,English|German|Russian,free,25-34,M,Exam,2026-02
HT_013024,2025-06-15,UK,Japanese,French|English,free,18-24,M,Exam,2025-06
HT_013025,2025-09-28,Australia,Spanish,German|Korean|Chinese,free,45+,Other,Immigration,2025-09
HT_013026,2025-04-19,Germany,Russian,German|Arabic|Dutch,free,25-34,F,Travel,2025-04
HT_013027,2025-05-03,Mexico,Italian,Chinese|English|Dutch,free,18-24,F,Hobby,2025-05
HT_013028,2025-05-08,Japan,Dutch,Russian,premium,18-24,Other,Exam,2025-05
HT_013029,2025-08-26,Japan,Italian,Russian|English,free,45+,M,Business,2025-08
HT_013030,2025-11-17,South Korea,Italian,Russian,free,25-34,Other,Immigration,2025-11
HT_013031,2026-01-16,Australia,German,Italian|Portuguese|French,free,18-24,M,Hobby,2026-01
HT_013032,2026-01-25,Japan,Arabic,Korean|English,premium,25-34,Other,Business,2026-01
HT_013033,2025-07-29,Australia,Portuguese,French|German|Italian,free,18-24,M,Travel,2025-07
HT_013034,2026-02-16,Germany,Dutch,French,free,25-34,Other,Exam,2026-02
HT_013035,2025-07-20,Brazil,Arabic,Korean,free,25-34,Other,Hobby,2025-07
HT_013036,2026-01-09,South Korea,Korean,French|English,free,18-24,F,Travel,2026-01
HT_013037,2025-05-21,South Korea,German,Arabic|Russian,free,18-24,Other,Business,2025-05
HT_013038,2025-09-23,Japan,Spanish,Italian|Arabic|Chinese,free,25-34,Other,Business,2025-09
HT_013039,2025-06-24,China,French,Dutch|Russian,free,35-44,F,Travel,2025-06
HT_013040,2025-07-13,Mexico,Spanish,Portuguese|French,free,25-34,M,Immigration,2025-07
HT_013041,2026-01-07,UK,German,Russian|Spanish|French,free,18-24,M,Business,2026-01
HT_013042,2025-11-24,Australia,Chinese,Japanese,free,25-34,F,Travel,2025-11
HT_013043,2025-10-08,Australia,Spanish,Russian|Korean,free,25-34,F,Travel,2025-10
HT_013044,2026-04-05,Brazil,Spanish,English|Italian,free,18-24,F,Hobby,2026-04
HT_013045,2025-07-04,Australia,Dutch,English|Russian,premium,35-44,Other,Business,2025-07
HT_013046,2025-09-26,China,Korean,Spanish,free,25-34,M,Exam,2025-09
HT_013047,2026-02-26,UK,French,Chinese|Italian|Portuguese,free,25-34,F,Immigration,2026-02
HT_013048,2025-10-06,Mexico,English,Dutch,free,25-34,F,Exam,2025-10
HT_013049,2025-09-26,Brazil,Dutch,Italian,free,35-44,M,Exam,2025-09
HT_013050,2025-11-02,China,Spanish,Korean,free,25-34,Other,Hobby,2025-11
HT_013051,2025-04-20,China,Spanish,Japanese,free,18-24,M,Business,2025-04
HT_013052,2025-09-18,Canada,Korean,Japanese|Chinese|Russian,free,25-34,Other,Travel,2025-09
HT_013053,2025-06-21,South Korea,Russian,Spanish|French,free,25-34,F,Business,2025-06
HT_013054,2025-05-07,Brazil,Dutch,German|Italian,free,18-24,M,Exam,2025-05
HT_013055,2025-05-20,Germany,German,Portuguese|Japanese|Italian,free,25-34,Other,Exam,2025-05
HT_013056,2025-06-07,France,Spanish,English,premium,25-34,Other,Immigration,2025-06
HT_013057,2025-10-25,Brazil,French,Chinese,free,25-34,M,Exam,2025-10
HT_013058,2025-10-14,France,Russian,Portuguese|German,free,25-34,M,Exam,2025-10
HT_013059,2025-06-20,Japan,Dutch,Arabic|Italian,free,25-34,M,Travel,2025-06
HT_013060,2025-11-10,France,German,Japanese|French|English,free,25-34,F,Business,2025-11
HT_013061,2025-06-08,China,Dutch,French,free,18-24,F,Business,2025-06
HT_013062,2025-11-27,USA,Russian,Japanese|French,free,18-24,Other,Exam,2025-11
HT_013063,2026-03-19,Germany,Russian,Arabic,free,25-34,M,Exam,2026-03
HT_013064,2025-07-30,Germany,Spanish,Arabic|Korean,free,18-24,M,Travel,2025-07
HT_013065,2025-04-27,South Korea,Chinese,Arabic,free,18-24,Other,Immigration,2025-04
HT_013066,2025-08-24,Canada,Korean,Chinese,free,45+,F,Hobby,2025-08
HT_013067,2026-04-02,UK,Japanese,French|Arabic,premium,18-24,Other,Exam,2026-04
HT_013068,2026-03-25,Mexico,Italian,Japanese,premium,35-44,Other,Immigration,2026-03
HT_013069,2025-05-08,Canada,German,French|English,free,45+,Other,Exam,2025-05
HT_013070,2025-06-05,USA,French,English|Russian|German,premium,35-44,F,Travel,2025-06
HT_013071,2025-07-19,USA,Dutch,Portuguese,free,35-44,F,Travel,2025-07
HT_013072,2025-07-10,China,German,Chinese,free,18-24,M,Immigration,2025-07
HT_013073,2025-11-23,Canada,Korean,Japanese|Italian,free,25-34,M,Exam,2025-11
HT_013074,2025-10-29,Mexico,Russian,French,premium,18-24,Other,Hobby,2025-10
HT_013075,2026-02-21,USA,Portuguese,Arabic|Japanese|Spanish,free,35-44,M,Business,2026-02
HT_013076,2026-02-04,Brazil,Arabic,French|Italian,free,25-34,Other,Hobby,2026-02
HT_013077,2025-06-06,Mexico,Dutch,Russian|Arabic,free,45+,M,Travel,2025-06
HT_013078,2025-11-12,UK,Korean,French|Italian,free,25-34,F,Immigration,2025-11
HT_013079,2025-10-16,South Korea,Italian,Korean,free,25-34,Other,Exam,2025-10
HT_013080,2026-01-20,France,Chinese,French,premium,45+,Other,Immigration,2026-01
HT_013081,2026-02-18,Germany,German,English,free,18-24,M,Business,2026-02
HT_013082,2025-07-11,Canada,Korean,Italian|English,free,25-34,Other,Exam,2025-07
HT_013083,2025-08-06,Germany,Spanish,Italian|Korean|Dutch,free,25-34,F,Travel,2025-08
HT_013084,2025-08-25,UK,Korean,French,free,45+,M,Hobby,2025-08
HT_013085,2025-10-11,Canada,Portuguese,Russian|Chinese|Dutch,free,45+,Other,Immigration,2025-10
HT_013086,2026-01-16,France,Japanese,Korean|Russian,free,35-44,Other,Immigration,2026-01
HT_013087,2025-09-03,USA,Italian,Spanish|Dutch,free,25-34,Other,Hobby,2025-09
HT_013088,2026-02-22,Germany,Portuguese,Japanese|French,free,25-34,M,Immigration,2026-02
HT_013089,2025-05-23,Mexico,Spanish,Korean|Japanese,premium,25-34,M,Exam,2025-05
HT_013090,2025-12-07,Canada,Italian,German|Arabic,free,35-44,Other,Exam,2025-12
HT_013091,2025-12-09,UK,French,Spanish|German,free,18-24,F,Hobby,2025-12
HT_013092,2025-08-19,Mexico,Arabic,Japanese|French|German,free,35-44,Other,Business,2025-08
HT_013093,2026-03-10,Australia,Dutch,Russian|Chinese,free,45+,Other,Business,2026-03
HT_013094,2025-08-29,Mexico,French,Russian,free,25-34,F,Business,2025-08
HT_013095,2025-10-10,Australia,Japanese,Chinese|Dutch|Korean,free,25-34,M,Business,2025-10
HT_013096,2026-01-15,UK,French,German,free,18-24,M,Hobby,2026-01
HT_013097,2026-02-13,USA,Portuguese,French|Dutch,free,25-34,Other,Business,2026-02
HT_013098,2025-12-02,UK,English,Arabic,free,18-24,M,Exam,2025-12
HT_013099,2025-08-25,South Korea,Korean,Portuguese|English,free,45+,F,Exam,2025-08
HT_013100,2025-08-19,Mexico,French,German|Chinese,free,18-24,F,Hobby,2025-08
HT_013101,2025-10-02,South Korea,Portuguese,Russian,free,18-24,F,Business,2025-10
HT_013102,2025-06-15,Canada,Chinese,Arabic|Italian,free,25-34,F,Travel,2025-06
HT_013103,2025-09-12,Australia,Dutch,English|Portuguese|French,free,25-34,M,Immigration,2025-09
HT_013104,2025-04-14,Mexico,Dutch,Russian|Korean,free,25-34,Other,Travel,2025-04
HT_013105,2025-12-06,Canada,Portuguese,Spanish,free,45+,Other,Exam,2025-12
HT_013106,2025-09-23,USA,Chinese,Arabic,free,25-34,F,Hobby,2025-09
HT_013107,2026-01-12,Spain,French,Japanese|English,free,25-34,F,Business,2026-01
HT_013108,2025-08-30,South Korea,Italian,Chinese,free,25-34,Other,Hobby,2025-08
HT_013109,2025-07-30,Canada,Korean,Chinese,free,25-34,Other,Travel,2025-07
HT_013110,2025-12-22,Japan,Russian,Chinese|Italian|Dutch,free,18-24,Other,Exam,2025-12
HT_013111,2025-08-30,Germany,Russian,Chinese,free,25-34,M,Immigration,2025-08
HT_013112,2026-02-28,Spain,Japanese,Portuguese,premium,25-34,F,Hobby,2026-02
HT_013113,2025-09-22,South Korea,Japanese,Italian,free,25-34,M,Travel,2025-09
HT_013114,2026-04-12,Australia,Chinese,Portuguese|Dutch,free,25-34,Other,Business,2026-04
HT_013115,2025-08-03,Brazil,Arabic,Korean|English,free,35-44,M,Exam,2025-08
HT_013116,2026-01-04,Spain,Dutch,French|Russian|Portuguese,free,45+,M,Immigration,2026-01
HT_013117,2025-10-10,Germany,Spanish,Portuguese,free,25-34,Other,Business,2025-10
HT_013118,2026-02-24,UK,French,Arabic,free,18-24,Other,Business,2026-02
HT_013119,2025-07-20,Spain,Dutch,Italian|French|English,free,35-44,M,Exam,2025-07
HT_013120,2025-12-17,China,Russian,German,free,18-24,F,Exam,2025-12
HT_013121,2025-04-14,USA,Spanish,Russian|English|Italian,free,18-24,F,Hobby,2025-04
HT_013122,2026-04-03,France,Portuguese,French|Spanish|Arabic,free,25-34,Other,Travel,2026-04
HT_013123,2026-03-25,Spain,Chinese,Portuguese|Spanish,free,25-34,F,Exam,2026-03
HT_013124,2025-09-14,Canada,Russian,Arabic,free,18-24,F,Hobby,2025-09
HT_013125,2025-11-30,Japan,Japanese,French|Italian,free,25-34,F,Business,2025-11
HT_013126,2026-04-01,Spain,French,Portuguese,free,18-24,M,Immigration,2026-04
HT_013127,2025-09-22,Germany,Portuguese,German,free,35-44,M,Business,2025-09
HT_013128,2025-08-04,UK,French,English|Arabic|Dutch,free,25-34,F,Business,2025-08
HT_013129,2026-03-28,South Korea,Arabic,German,free,18-24,F,Business,2026-03
HT_013130,2026-02-16,Canada,English,Spanish,premium,25-34,F,Hobby,2026-02
HT_013131,2025-11-01,France,English,Portuguese|Spanish,free,25-34,M,Immigration,2025-11
HT_013132,2025-08-18,South Korea,Arabic,Italian|Korean|Russian,free,18-24,F,Exam,2025-08
HT_013133,2025-09-11,Canada,Russian,Dutch|French,free,25-34,M,Travel,2025-09
HT_013134,2025-05-23,Germany,Chinese,Arabic|English,free,18-24,M,Business,2025-05
HT_013135,2025-11-20,Germany,Dutch,German|English,free,18-24,Other,Exam,2025-11
HT_013136,2025-04-28,South Korea,Russian,Spanish,premium,25-34,M,Business,2025-04
HT_013137,2025-05-14,UK,Chinese,Dutch,free,25-34,F,Hobby,2025-05
HT_013138,2025-11-03,Australia,Dutch,Arabic,free,35-44,F,Exam,2025-11
HT_013139,2025-09-21,USA,English,Arabic|Portuguese,free,35-44,Other,Travel,2025-09
HT_013140,2025-09-05,Australia,Arabic,Portuguese,free,18-24,Other,Travel,2025-09
HT_013141,2025-06-28,UK,Chinese,Dutch|Japanese,free,25-34,Other,Hobby,2025-06
HT_013142,2026-01-29,Germany,Portuguese,Spanish|Dutch|Italian,free,35-44,M,Business,2026-01
HT_013143,2025-10-10,Brazil,Spanish,Dutch|Korean,free,18-24,F,Immigration,2025-10
HT_013144,2025-08-30,UK,French,Spanish|Japanese|Italian,free,25-34,Other,Business,2025-08
HT_013145,2026-02-03,USA,Spanish,French,free,35-44,M,Immigration,2026-02
HT_013146,2025-04-23,China,Portuguese,Arabic|French|Japanese,free,35-44,M,Travel,2025-04
HT_013147,2025-08-31,France,Korean,French|Spanish,free,25-34,Other,Immigration,2025-08
HT_013148,2025-07-06,UK,Dutch,German|Russian|French,free,25-34,M,Exam,2025-07
HT_013149,2026-03-05,Brazil,Arabic,French|Dutch,free,45+,Other,Business,2026-03
HT_013150,2025-11-14,South Korea,Spanish,Arabic|Dutch|Russian,free,25-34,M,Immigration,2025-11
HT_013151,2025-04-21,USA,Portuguese,Korean,free,25-34,M,Business,2025-04
HT_013152,2026-02-21,Mexico,English,Chinese|Arabic,premium,25-34,F,Travel,2026-02
HT_013153,2026-01-19,Spain,Portuguese,Russian,free,25-34,M,Exam,2026-01
HT_013154,2025-08-03,South Korea,English,German,free,35-44,F,Hobby,2025-08
HT_013155,2025-06-29,Mexico,Korean,Spanish|Japanese|Arabic,free,25-34,Other,Immigration,2025-06
HT_013156,2025-05-30,USA,English,Arabic,free,18-24,F,Travel,2025-05
HT_013157,2026-01-21,Germany,Dutch,Spanish,free,25-34,F,Exam,2026-01
HT_013158,2026-02-25,Australia,Japanese,Korean|Italian,free,18-24,M,Immigration,2026-02
HT_013159,2025-09-12,UK,German,Dutch|Korean,free,25-34,Other,Exam,2025-09
HT_013160,2025-09-09,Mexico,Japanese,German|Russian|English,free,18-24,Other,Exam,2025-09
HT_013161,2025-07-05,USA,English,Chinese|French|Arabic,free,18-24,M,Exam,2025-07
HT_013162,2025-07-12,USA,Portuguese,Chinese,free,25-34,F,Immigration,2025-07
HT_013163,2025-05-09,South Korea,French,Dutch,free,18-24,M,Travel,2025-05
HT_013164,2025-10-02,South Korea,Dutch,Portuguese|Chinese|French,premium,25-34,Other,Immigration,2025-10
HT_013165,2026-03-09,Brazil,Spanish,Chinese|Dutch,free,45+,F,Immigration,2026-03
HT_013166,2026-01-30,Canada,Spanish,Korean|French,free,25-34,M,Hobby,2026-01
HT_013167,2025-04-17,France,Arabic,Japanese|Italian|French,free,25-34,M,Hobby,2025-04
HT_013168,2025-08-26,Spain,Italian,Spanish,free,18-24,Other,Exam,2025-08
HT_013169,2025-12-25,Brazil,Arabic,Korean,free,25-34,M,Business,2025-12
HT_013170,2025-11-11,Brazil,Japanese,Russian,free,25-34,F,Hobby,2025-11
HT_013171,2026-03-22,France,Portuguese,Chinese,free,35-44,M,Travel,2026-03
HT_013172,2026-01-18,France,French,Dutch|Russian|Italian,free,18-24,F,Immigration,2026-01
HT_013173,2025-06-27,UK,German,Spanish|French,free,18-24,Other,Exam,2025-06
HT_013174,2025-07-13,Mexico,Portuguese,French|Spanish|Japanese,free,18-24,F,Travel,2025-07
HT_013175,2026-01-12,South Korea,Russian,Portuguese|French,premium,25-34,F,Hobby,2026-01
HT_013176,2025-10-25,France,Portuguese,Russian,free,25-34,Other,Immigration,2025-10
HT_013177,2025-12-19,China,Japanese,Italian,free,35-44,M,Immigration,2025-12
HT_013178,2026-01-25,Australia,Japanese,Russian,free,18-24,F,Hobby,2026-01
HT_013179,2025-08-02,UK,Spanish,Russian|French|Portuguese,free,18-24,M,Business,2025-08
HT_013180,2025-08-13,France,Korean,English|Italian,free,18-24,Other,Hobby,2025-08
HT_013181,2025-10-13,Mexico,Italian,Portuguese|Spanish,premium,18-24,M,Hobby,2025-10
HT_013182,2026-02-16,Germany,Dutch,English|Arabic|Japanese,free,25-34,Other,Travel,2026-02
HT_013183,2025-08-07,Canada,German,Italian|English,free,25-34,Other,Immigration,2025-08
HT_013184,2026-02-23,Brazil,Italian,French|Portuguese,free,35-44,M,Hobby,2026-02
HT_013185,2025-07-21,UK,Dutch,Portuguese|Arabic|Italian,free,35-44,Other,Immigration,2025-07
HT_013186,2025-08-04,Germany,Arabic,Russian|English,free,35-44,M,Travel,2025-08
HT_013187,2026-01-04,South Korea,Chinese,Arabic|Dutch,free,35-44,Other,Travel,2026-01
HT_013188,2026-02-28,Japan,Chinese,Italian,free,18-24,Other,Hobby,2026-02
HT_013189,2026-03-17,France,Portuguese,German|Dutch,free,25-34,Other,Immigration,2026-03
HT_013190,2026-03-29,USA,Korean,Portuguese|German|Chinese,free,25-34,F,Travel,2026-03
HT_013191,2025-09-28,China,Chinese,Korean|Russian|Arabic,premium,25-34,Other,Exam,2025-09
HT_013192,2025-12-12,Canada,Italian,Arabic,free,25-34,Other,Hobby,2025-12
HT_013193,2025-06-10,Germany,Russian,Arabic|Japanese,free,35-44,M,Immigration,2025-06
HT_013194,2025-09-12,UK,Chinese,Spanish,free,45+,M,Business,2025-09
HT_013195,2025-07-24,Canada,Chinese,Japanese,free,18-24,F,Business,2025-07
HT_013196,2025-04-18,France,Spanish,Dutch,free,25-34,F,Exam,2025-04
HT_013197,2026-02-12,Australia,Japanese,Chinese|English,free,45+,F,Travel,2026-02
HT_013198,2026-01-09,South Korea,French,German|Chinese,free,18-24,M,Business,2026-01
HT_013199,2025-11-14,Canada,French,Russian|Chinese|Japanese,free,18-24,F,Hobby,2025-11
HT_013200,2025-08-25,China,Arabic,Japanese,premium,18-24,F,Hobby,2025-08
HT_013201,2026-03-13,Spain,Portuguese,Dutch|Arabic,free,18-24,Other,Immigration,2026-03
HT_013202,2025-11-25,UK,English,Korean|Russian,free,18-24,F,Exam,2025-11
HT_013203,2026-03-11,Germany,English,Russian,free,25-34,M,Business,2026-03
HT_013204,2025-09-01,UK,Spanish,Korean|Italian,free,25-34,Other,Travel,2025-09
HT_013205,2025-12-04,Japan,Japanese,Dutch,free,25-34,M,Business,2025-12
HT_013206,2026-04-07,UK,Italian,Chinese|Spanish|English,free,18-24,Other,Business,2026-04
HT_013207,2025-12-14,Germany,Arabic,Portuguese|Japanese|German,free,18-24,M,Exam,2025-12
HT_013208,2025-05-05,France,Chinese,Spanish|Dutch,premium,45+,F,Immigration,2025-05
HT_013209,2025-07-06,South Korea,Korean,Spanish,free,35-44,F,Exam,2025-07
HT_013210,2025-06-24,Germany,Arabic,Portuguese|Korean|Italian,free,18-24,F,Business,2025-06
HT_013211,2025-07-04,Japan,Spanish,Korean|English,free,35-44,F,Immigration,2025-07
HT_013212,2025-09-01,Brazil,Italian,French|Portuguese|Arabic,free,35-44,Other,Hobby,2025-09
HT_013213,2025-06-17,Germany,Chinese,Russian|Korean,free,18-24,F,Exam,2025-06
HT_013214,2026-01-12,Mexico,Dutch,Korean|Chinese,free,25-34,Other,Hobby,2026-01
HT_013215,2026-01-30,UK,Japanese,Russian|Arabic,free,18-24,F,Business,2026-01
HT_013216,2025-09-11,China,Russian,Arabic|English|German,free,25-34,Other,Travel,2025-09
HT_013217,2026-03-28,Mexico,Russian,German|Spanish|Chinese,free,25-34,M,Hobby,2026-03
HT_013218,2025-10-25,Australia,French,Arabic|Portuguese|German,premium,18-24,F,Travel,2025-10
HT_013219,2026-01-26,Spain,Dutch,Italian|Chinese|Russian,free,25-34,F,Hobby,2026-01
HT_013220,2026-01-07,Canada,Japanese,Chinese|Russian|Korean,premium,25-34,F,Exam,2026-01
HT_013221,2025-09-18,Australia,Korean,German,free,25-34,F,Exam,2025-09
HT_013222,2025-07-24,Spain,French,Russian,free,25-34,Other,Hobby,2025-07
HT_013223,2026-04-09,UK,Italian,Spanish|English|Portuguese,free,45+,Other,Business,2026-04
HT_013224,2025-04-24,Germany,Arabic,Italian,free,25-34,M,Travel,2025-04
HT_013225,2026-01-27,France,Arabic,French,premium,25-34,Other,Immigration,2026-01
HT_013226,2025-10-02,USA,German,Portuguese|Arabic,free,25-34,M,Hobby,2025-10
HT_013227,2025-08-02,Japan,English,Spanish|Dutch|Korean,free,45+,Other,Travel,2025-08
HT_013228,2026-01-02,Japan,Russian,Chinese,free,25-34,F,Travel,2026-01
HT_013229,2025-05-01,Japan,Chinese,Dutch|Korean,premium,25-34,M,Travel,2025-05
HT_013230,2025-12-20,USA,Russian,French|German|Arabic,free,25-34,M,Exam,2025-12
HT_013231,2025-07-06,Germany,Japanese,Italian|Chinese|Russian,free,25-34,M,Immigration,2025-07
HT_013232,2025-08-08,Canada,English,Russian|Japanese,premium,35-44,M,Business,2025-08
HT_013233,2026-03-28,Spain,Chinese,Italian,premium,18-24,F,Hobby,2026-03
HT_013234,2025-06-28,Germany,Korean,Spanish|French|Russian,free,35-44,Other,Hobby,2025-06
HT_013235,2026-03-16,Canada,Japanese,Russian|English|Italian,free,18-24,M,Travel,2026-03
HT_013236,2025-07-30,Canada,Portuguese,Korean|Spanish,free,45+,Other,Exam,2025-07
HT_013237,2025-04-20,Australia,English,Korean,free,25-34,M,Exam,2025-04
HT_013238,2025-07-28,UK,Japanese,German,free,18-24,Other,Immigration,2025-07
HT_013239,2025-08-13,Mexico,Italian,Arabic,free,25-34,F,Hobby,2025-08
HT_013240,2026-03-12,Japan,Russian,Spanish,free,25-34,F,Hobby,2026-03
HT_013241,2026-01-30,Germany,Spanish,French,free,18-24,Other,Exam,2026-01
HT_013242,2025-09-07,Mexico,Korean,Japanese|Dutch,free,25-34,F,Exam,2025-09
HT_013243,2026-01-01,Brazil,German,Portuguese|Chinese|Russian,free,18-24,M,Immigration,2026-01
HT_013244,2026-03-01,Germany,German,Spanish|Italian,free,18-24,F,Immigration,2026-03
HT_013245,2026-01-23,South Korea,Italian,Arabic,free,18-24,M,Business,2026-01
HT_013246,2025-09-02,Australia,German,French|Spanish,free,18-24,F,Business,2025-09
HT_013247,2026-04-11,Australia,Arabic,Dutch|French,free,25-34,M,Immigration,2026-04
HT_013248,2025-09-10,USA,Russian,Chinese|French,free,25-34,Other,Exam,2025-09
HT_013249,2026-03-11,Brazil,Chinese,Spanish|Korean|French,free,18-24,M,Business,2026-03
HT_013250,2025-11-16,Japan,French,Japanese|Chinese,free,25-34,Other,Immigration,2025-11
HT_013251,2026-01-01,Japan,Russian,Italian|French|Japanese,free,25-34,F,Business,2026-01
HT_013252,2026-01-28,Japan,English,Dutch,free,25-34,F,Exam,2026-01
HT_013253,2025-11-30,Brazil,Spanish,Arabic|Korean|English,free,35-44,M,Exam,2025-11
HT_013254,2026-01-18,UK,Korean,English,free,18-24,Other,Immigration,2026-01
HT_013255,2025-07-23,UK,French,Portuguese|Korean|Japanese,free,35-44,Other,Business,2025-07
HT_013256,2025-12-12,USA,Spanish,Arabic|Japanese|French,free,45+,M,Travel,2025-12
HT_013257,2026-02-21,Brazil,Russian,Portuguese|Korean,free,35-44,Other,Hobby,2026-02
HT_013258,2025-08-27,Mexico,Arabic,Spanish|Italian|English,premium,25-34,F,Business,2025-08
HT_013259,2025-09-05,China,Spanish,Italian|Russian,free,18-24,Other,Hobby,2025-09
HT_013260,2026-02-12,Japan,Dutch,Korean,free,25-34,M,Exam,2026-02
HT_013261,2025-12-21,China,Spanish,French,free,25-34,Other,Business,2025-12
HT_013262,2026-02-14,China,Japanese,Chinese,free,35-44,F,Hobby,2026-02
HT_013263,2025-04-17,Germany,Arabic,French,free,25-34,Other,Business,2025-04
HT_013264,2025-05-31,Japan,Arabic,Chinese|Korean|Portuguese,free,45+,Other,Business,2025-05
HT_013265,2025-09-18,Mexico,Spanish,Dutch|Arabic|French,free,35-44,M,Business,2025-09
HT_013266,2025-05-23,Australia,Chinese,Russian,free,25-34,M,Hobby,2025-05
HT_013267,2026-03-05,Germany,Portuguese,French|English|Spanish,free,25-34,F,Business,2026-03
HT_013268,2025-11-09,USA,Dutch,Portuguese|Spanish|Russian,free,18-24,Other,Travel,2025-11
HT_013269,2025-08-17,USA,Italian,Dutch,free,18-24,F,Travel,2025-08
HT_013270,2026-03-11,Mexico,Arabic,Spanish|Chinese,premium,18-24,F,Travel,2026-03
HT_013271,2025-11-26,China,Japanese,French|Spanish,free,35-44,M,Immigration,2025-11
HT_013272,2026-04-09,Brazil,German,Dutch,free,25-34,Other,Travel,2026-04
HT_013273,2026-03-17,Australia,Spanish,Arabic|Japanese,free,25-34,M,Hobby,2026-03
HT_013274,2025-07-19,Japan,German,Korean,free,18-24,Other,Hobby,2025-07
HT_013275,2025-09-27,Spain,German,Portuguese|Italian,free,25-34,F,Immigration,2025-09
HT_013276,2025-04-14,Spain,German,Korean|English|Portuguese,free,35-44,Other,Business,2025-04
HT_013277,2025-06-25,Japan,Dutch,Russian,free,25-34,Other,Business,2025-06
HT_013278,2026-01-17,Australia,Russian,Portuguese|Spanish,free,25-34,Other,Exam,2026-01
HT_013279,2025-11-16,South Korea,English,Portuguese,free,35-44,M,Hobby,2025-11
HT_013280,2025-05-01,UK,Korean,Spanish|French|English,premium,25-34,F,Business,2025-05
HT_013281,2025-08-04,China,Arabic,Russian|French|Dutch,premium,35-44,Other,Exam,2025-08
HT_013282,2025-12-30,Australia,Japanese,German,free,35-44,Other,Exam,2025-12
HT_013283,2025-12-17,France,Dutch,Spanish,premium,35-44,F,Business,2025-12
HT_013284,2025-05-01,Japan,English,Spanish|Japanese|French,free,25-34,M,Travel,2025-05
HT_013285,2025-07-25,UK,Portuguese,French|Korean,free,25-34,M,Hobby,2025-07
HT_013286,2025-06-18,Spain,Portuguese,Korean|Japanese,free,35-44,Other,Hobby,2025-06
HT_013287,2025-12-23,Germany,Italian,French,free,25-34,F,Hobby,2025-12
HT_013288,2025-11-12,Canada,Dutch,Italian|German|Chinese,free,18-24,F,Hobby,2025-11
HT_013289,2026-04-12,Australia,Italian,Korean|Russian,free,45+,Other,Exam,2026-04
HT_013290,2025-06-15,Germany,Japanese,Italian|Russian,free,35-44,F,Hobby,2025-06
HT_013291,2026-03-02,Canada,Chinese,Portuguese|Korean|Dutch,free,18-24,Other,Hobby,2026-03
HT_013292,2026-02-27,Spain,Italian,Chinese,free,25-34,M,Hobby,2026-02
HT_013293,2026-02-01,Canada,Japanese,Russian,free,25-34,F,Hobby,2026-02
HT_013294,2025-05-16,France,Italian,English,free,35-44,Other,Travel,2025-05
HT_013295,2025-12-10,UK,English,French|Portuguese,premium,25-34,Other,Hobby,2025-12
HT_013296,2025-08-19,Spain,Japanese,Dutch|Italian,free,18-24,Other,Immigration,2025-08
HT_013297,2025-07-29,Australia,Dutch,Portuguese|Arabic,free,35-44,M,Travel,2025-07
HT_013298,2025-11-30,USA,German,Portuguese|Spanish,free,18-24,M,Hobby,2025-11
HT_013299,2026-01-22,Brazil,Arabic,German,free,18-24,Other,Immigration,2026-01
HT_013300,2025-12-14,Mexico,English,Italian|Dutch,free,45+,F,Exam,2025-12
HT_013301,2025-08-20,Spain,Korean,Spanish|Portuguese,free,18-24,F,Business,2025-08
HT_013302,2025-04-20,Canada,French,Spanish|Arabic|Korean,free,25-34,M,Travel,2025-04
HT_013303,2025-10-21,Japan,Italian,English|Russian,free,25-34,F,Exam,2025-10
HT_013304,2025-06-19,Australia,French,Spanish|Italian|Japanese,free,18-24,Other,Immigration,2025-06
HT_013305,2025-11-30,Brazil,German,Japanese|Russian|Dutch,free,18-24,Other,Hobby,2025-11
HT_013306,2025-12-11,China,Spanish,Russian|Arabic,free,25-34,Other,Travel,2025-12
HT_013307,2025-09-03,South Korea,Arabic,Dutch|Italian,free,18-24,M,Hobby,2025-09
HT_013308,2026-01-17,Australia,Dutch,Spanish|Italian|French,free,35-44,M,Travel,2026-01
HT_013309,2025-10-16,Spain,Dutch,German,free,18-24,Other,Hobby,2025-10
HT_013310,2025-10-14,USA,German,Arabic|Japanese,free,25-34,Other,Business,2025-10
HT_013311,2025-07-18,Germany,Dutch,Russian,free,35-44,F,Travel,2025-07
HT_013312,2025-07-05,South Korea,English,Korean|Japanese,free,25-34,M,Business,2025-07
HT_013313,2026-02-03,Spain,Russian,Arabic|English,premium,25-34,F,Exam,2026-02
HT_013314,2025-08-24,China,Spanish,English|Chinese|German,free,25-34,F,Hobby,2025-08
HT_013315,2025-12-27,South Korea,Arabic,Spanish|English|German,free,18-24,F,Immigration,2025-12
HT_013316,2026-02-08,Australia,Spanish,Portuguese|English|Japanese,free,18-24,Other,Travel,2026-02
HT_013317,2026-03-20,Australia,Korean,Chinese,free,18-24,M,Travel,2026-03
HT_013318,2025-07-12,Japan,Portuguese,Russian|German,free,18-24,M,Hobby,2025-07
HT_013319,2025-06-05,South Korea,Spanish,Korean,free,35-44,M,Business,2025-06
HT_013320,2025-09-17,Germany,German,French|Italian|Japanese,free,45+,Other,Immigration,2025-09
HT_013321,2025-12-29,Australia,Dutch,Russian|French|Spanish,free,35-44,F,Immigration,2025-12
HT_013322,2026-03-24,Japan,German,Spanish,free,35-44,Other,Hobby,2026-03
HT_013323,2026-02-05,China,German,Korean,free,35-44,Other,Travel,2026-02
HT_013324,2025-12-17,Brazil,English,Chinese,free,18-24,F,Travel,2025-12
HT_013325,2025-10-25,Germany,Russian,Chinese,free,18-24,Other,Immigration,2025-10
HT_013326,2025-09-21,Brazil,Chinese,Spanish|French,free,45+,M,Hobby,2025-09
HT_013327,2025-10-09,Canada,Russian,Spanish|Chinese,free,35-44,Other,Immigration,2025-10
HT_013328,2025-09-15,Mexico,Russian,French,free,18-24,F,Business,2025-09
HT_013329,2026-02-20,China,Chinese,Arabic|Korean|Japanese,free,18-24,F,Exam,2026-02
HT_013330,2025-08-25,China,French,Arabic|Russian,premium,25-34,F,Travel,2025-08
HT_013331,2025-07-19,UK,Dutch,German|Korean|Arabic,free,18-24,F,Business,2025-07
HT_013332,2026-03-21,UK,French,Portuguese|English,free,25-34,F,Business,2026-03
HT_013333,2026-02-06,UK,Japanese,Spanish|Arabic|Chinese,premium,18-24,Other,Immigration,2026-02
HT_013334,2026-03-08,USA,Japanese,English|Dutch|Russian,free,45+,M,Business,2026-03
HT_013335,2026-01-21,Brazil,Dutch,German,free,18-24,F,Exam,2026-01
HT_013336,2025-04-26,Australia,Portuguese,Chinese|Japanese,premium,35-44,F,Business,2025-04
HT_013337,2025-12-08,UK,French,Russian|Arabic,premium,25-34,M,Exam,2025-12
HT_013338,2025-04-14,Germany,Russian,Portuguese,free,25-34,Other,Hobby,2025-04
HT_013339,2025-08-27,USA,Italian,Japanese|Korean|Spanish,premium,25-34,F,Exam,2025-08
HT_013340,2025-11-05,South Korea,Dutch,English|Portuguese,free,25-34,Other,Business,2025-11
HT_013341,2025-12-08,UK,Dutch,Japanese|Spanish,free,35-44,Other,Business,2025-12
HT_013342,2025-08-29,UK,English,Italian|Russian|French,free,35-44,F,Business,2025-08
HT_013343,2025-08-03,Canada,Korean,Russian|Arabic|Chinese,free,45+,Other,Immigration,2025-08
HT_013344,2025-08-21,Canada,Spanish,Arabic,free,35-44,M,Immigration,2025-08
HT_013345,2025-10-14,USA,Portuguese,English,free,18-24,Other,Travel,2025-10
HT_013346,2025-12-11,Germany,French,Spanish|Italian|Japanese,free,25-34,F,Immigration,2025-12
HT_013347,2025-05-06,Japan,Chinese,Korean|Portuguese|English,free,45+,M,Travel,2025-05
HT_013348,2026-01-21,Spain,English,German,free,25-34,Other,Travel,2026-01
HT_013349,2025-10-06,Canada,Italian,Japanese|Korean|English,free,25-34,F,Hobby,2025-10
HT_013350,2026-03-13,France,Japanese,Portuguese|German,free,45+,Other,Immigration,2026-03
HT_013351,2025-10-19,Japan,Russian,Arabic|French,free,18-24,Other,Travel,2025-10
HT_013352,2025-06-12,South Korea,Arabic,French|German|Japanese,free,18-24,F,Travel,2025-06
HT_013353,2025-09-29,Canada,Arabic,Korean,premium,45+,Other,Hobby,2025-09
HT_013354,2025-06-19,Japan,Portuguese,Korean|Chinese|Italian,free,18-24,Other,Exam,2025-06
HT_013355,2025-09-29,China,English,Spanish|Dutch|Arabic,premium,18-24,M,Business,2025-09
HT_013356,2025-09-29,Canada,Dutch,French,free,35-44,Other,Business,2025-09
HT_013357,2025-04-26,Spain,Italian,Portuguese|Dutch|Japanese,free,18-24,Other,Business,2025-04
HT_013358,2025-08-20,South Korea,Arabic,Spanish|English|Korean,free,25-34,M,Hobby,2025-08
HT_013359,2025-12-27,Brazil,Italian,Korean|Dutch|Japanese,free,18-24,M,Hobby,2025-12
HT_013360,2026-03-31,South Korea,German,Dutch,free,25-34,F,Business,2026-03
HT_013361,2026-04-11,Spain,French,Portuguese|Japanese,free,18-24,Other,Exam,2026-04
HT_013362,2025-05-15,Spain,Korean,Arabic|Portuguese|Italian,free,18-24,M,Hobby,2025-05
HT_013363,2025-08-23,UK,Chinese,German,free,18-24,Other,Immigration,2025-08
HT_013364,2025-05-04,Germany,French,Italian|Russian|Chinese,free,25-34,F,Exam,2025-05
HT_013365,2026-03-05,South Korea,English,Spanish|Korean|Russian,free,25-34,F,Exam,2026-03
HT_013366,2025-10-02,Canada,Spanish,Arabic,free,25-34,Other,Immigration,2025-10
HT_013367,2026-02-21,Japan,Dutch,French|Chinese,premium,18-24,Other,Exam,2026-02
HT_013368,2025-04-20,USA,Italian,Chinese,free,25-34,Other,Business,2025-04
HT_013369,2026-02-22,Japan,German,French,free,25-34,F,Hobby,2026-02
HT_013370,2025-11-02,Japan,French,Dutch,free,18-24,M,Exam,2025-11
HT_013371,2025-05-29,Japan,Arabic,German|Korean|Japanese,free,25-34,Other,Business,2025-05
HT_013372,2025-11-06,Australia,Chinese,Dutch|Russian|Italian,free,25-34,Other,Immigration,2025-11
HT_013373,2025-12-10,UK,Russian,Spanish,free,25-34,F,Immigration,2025-12
HT_013374,2025-08-22,UK,English,Korean|Spanish|Japanese,free,18-24,Other,Immigration,2025-08
HT_013375,2025-06-13,China,Korean,Italian,free,18-24,Other,Hobby,2025-06
HT_013376,2026-03-18,UK,Chinese,Japanese|Dutch,premium,35-44,F,Immigration,2026-03
HT_013377,2026-01-11,France,Chinese,Russian,free,25-34,Other,Exam,2026-01
HT_013378,2025-11-02,China,Italian,Arabic|Russian|Dutch,free,25-34,F,Travel,2025-11
HT_013379,2026-02-10,Australia,Korean,Chinese|Italian|English,free,25-34,F,Immigration,2026-02
HT_013380,2026-01-25,Germany,Japanese,Italian|Spanish|Korean,free,25-34,F,Travel,2026-01
HT_013381,2025-04-16,USA,English,Portuguese,free,18-24,Other,Travel,2025-04
HT_013382,2025-07-12,Brazil,Italian,Dutch|English,free,25-34,M,Travel,2025-07
HT_013383,2025-07-18,Brazil,Arabic,Russian|Chinese,free,25-34,Other,Business,2025-07
HT_013384,2025-07-26,Mexico,English,Japanese|Portuguese,free,25-34,M,Exam,2025-07
HT_013385,2025-05-26,Mexico,German,Arabic|Italian|English,free,35-44,M,Business,2025-05
HT_013386,2026-02-17,UK,Italian,Dutch|Chinese|English,free,35-44,Other,Travel,2026-02
HT_013387,2025-07-26,USA,Portuguese,Korean,free,25-34,F,Hobby,2025-07
HT_013388,2026-02-09,UK,Italian,German|French,free,25-34,Other,Hobby,2026-02
HT_013389,2026-03-17,France,Russian,Dutch,free,25-34,M,Travel,2026-03
HT_013390,2025-12-12,Japan,Arabic,Korean|French|Russian,free,25-34,M,Hobby,2025-12
HT_013391,2026-02-09,UK,Chinese,Arabic,free,18-24,Other,Business,2026-02
HT_013392,2025-07-01,France,French,English|Chinese,free,25-34,M,Business,2025-07
HT_013393,2025-06-17,Canada,English,Korean|Dutch|Japanese,free,25-34,M,Exam,2025-06
HT_013394,2026-01-29,China,Spanish,Chinese|English|Japanese,free,25-34,F,Travel,2026-01
HT_013395,2025-10-23,UK,Spanish,Chinese|Russian|English,free,25-34,F,Business,2025-10
HT_013396,2025-06-04,Germany,English,Chinese|Korean,premium,35-44,F,Travel,2025-06
HT_013397,2025-09-10,Spain,Italian,Japanese|French|Dutch,free,35-44,M,Exam,2025-09
HT_013398,2025-06-04,Mexico,Portuguese,French|Italian,free,18-24,M,Immigration,2025-06
HT_013399,2025-08-20,Japan,English,Russian|Portuguese,premium,35-44,Other,Hobby,2025-08
HT_013400,2025-11-13,UK,German,Japanese|French,free,35-44,M,Business,2025-11
HT_013401,2025-09-29,Japan,French,Dutch,free,18-24,M,Immigration,2025-09
HT_013402,2025-04-29,South Korea,Spanish,Portuguese|Arabic,free,35-44,M,Immigration,2025-04
HT_013403,2025-08-10,USA,English,Arabic|Spanish,free,35-44,Other,Immigration,2025-08
HT_013404,2026-03-05,Mexico,Arabic,French|German|Japanese,free,18-24,Other,Exam,2026-03
HT_013405,2025-12-09,UK,French,Japanese,free,18-24,Other,Hobby,2025-12
HT_013406,2026-02-19,Spain,Korean,Japanese|Portuguese|German,free,25-34,M,Hobby,2026-02
HT_013407,2025-10-01,France,Italian,Chinese|Korean,free,25-34,M,Immigration,2025-10
HT_013408,2025-09-20,Australia,Spanish,Dutch|Chinese,free,25-34,M,Business,2025-09
HT_013409,2025-09-30,China,English,Chinese,free,18-24,M,Immigration,2025-09
HT_013410,2025-06-10,Germany,Dutch,English|Korean|Portuguese,free,45+,F,Immigration,2025-06
HT_013411,2025-07-18,China,Portuguese,Korean,free,18-24,M,Travel,2025-07
HT_013412,2025-07-27,Brazil,Arabic,French,premium,25-34,M,Hobby,2025-07
HT_013413,2025-09-19,USA,Japanese,Korean,free,25-34,M,Business,2025-09
HT_013414,2025-07-21,Mexico,Portuguese,Chinese,free,25-34,F,Business,2025-07
HT_013415,2025-09-27,Germany,Russian,English|French|German,free,45+,M,Exam,2025-09
HT_013416,2025-11-27,Germany,Chinese,English|Korean|Russian,free,18-24,M,Hobby,2025-11
HT_013417,2026-01-09,France,Italian,German|Arabic,free,18-24,Other,Business,2026-01
HT_013418,2025-04-25,UK,Dutch,Italian|Spanish,free,18-24,M,Immigration,2025-04
HT_013419,2025-11-14,Spain,Chinese,Italian|Japanese,free,18-24,Other,Business,2025-11
HT_013420,2026-02-13,USA,Dutch,Arabic,free,35-44,Other,Exam,2026-02
HT_013421,2025-09-05,Spain,English,Korean,free,25-34,Other,Hobby,2025-09
HT_013422,2026-03-20,UK,Spanish,Chinese|French,free,18-24,F,Exam,2026-03
HT_013423,2025-08-18,Brazil,Portuguese,Russian|Spanish|Chinese,free,35-44,F,Hobby,2025-08
HT_013424,2025-11-06,Spain,French,Russian|Italian|Portuguese,premium,25-34,Other,Business,2025-11
HT_013425,2025-04-15,France,Italian,German|Korean,free,35-44,F,Travel,2025-04
HT_013426,2025-07-04,Germany,Chinese,Italian|French|Korean,free,18-24,F,Immigration,2025-07
HT_013427,2025-09-16,Brazil,Arabic,Portuguese|English|Spanish,free,18-24,Other,Business,2025-09
HT_013428,2026-03-26,Brazil,French,Korean,free,18-24,F,Travel,2026-03
HT_013429,2025-08-03,Australia,Portuguese,Japanese|Spanish|French,free,25-34,Other,Immigration,2025-08
HT_013430,2025-07-29,Mexico,Dutch,English|French,free,18-24,F,Travel,2025-07
HT_013431,2025-07-25,Brazil,Korean,Dutch|Chinese,free,18-24,Other,Immigration,2025-07
HT_013432,2026-04-03,Australia,Chinese,Portuguese|Russian,free,18-24,F,Hobby,2026-04
HT_013433,2025-07-19,China,English,Spanish|Korean|Russian,premium,18-24,Other,Immigration,2025-07
HT_013434,2026-02-15,Brazil,Arabic,English|Chinese|Portuguese,free,25-34,F,Exam,2026-02
HT_013435,2025-12-17,Brazil,French,Korean,free,18-24,M,Hobby,2025-12
HT_013436,2025-04-20,Canada,French,Spanish|Russian,free,25-34,Other,Exam,2025-04
HT_013437,2025-05-23,South Korea,English,Dutch|Chinese,free,25-34,Other,Immigration,2025-05
HT_013438,2025-07-30,Canada,German,English|Arabic,free,35-44,M,Business,2025-07
HT_013439,2025-04-20,Mexico,Italian,Chinese|Spanish,premium,35-44,Other,Travel,2025-04
HT_013440,2025-12-22,China,German,Spanish,free,25-34,F,Immigration,2025-12
HT_013441,2025-06-08,Mexico,Italian,Russian,free,25-34,F,Business,2025-06
HT_013442,2025-04-26,Australia,Italian,Japanese|Arabic|Spanish,premium,18-24,Other,Hobby,2025-04
HT_013443,2025-06-08,Spain,Korean,Chinese,free,18-24,M,Business,2025-06
HT_013444,2026-02-04,Mexico,German,Russian|Portuguese,premium,35-44,Other,Business,2026-02
HT_013445,2025-08-26,UK,Portuguese,Chinese|Korean|Russian,free,25-34,F,Immigration,2025-08
HT_013446,2025-07-23,Germany,Italian,Chinese|Japanese,free,18-24,Other,Immigration,2025-07
HT_013447,2026-03-24,Australia,Japanese,Spanish,free,25-34,M,Immigration,2026-03
HT_013448,2026-04-04,Germany,Portuguese,Russian,free,25-34,M,Hobby,2026-04
HT_013449,2025-08-06,USA,German,Russian,free,25-34,M,Exam,2025-08
HT_013450,2026-04-07,USA,Dutch,German,free,18-24,F,Exam,2026-04
HT_013451,2025-12-02,China,Portuguese,Russian|Arabic|French,free,25-34,F,Business,2025-12
HT_013452,2025-09-14,Mexico,Chinese,Arabic|Russian,free,18-24,F,Immigration,2025-09
HT_013453,2025-09-09,France,Chinese,German|French|Korean,premium,25-34,Other,Exam,2025-09
HT_013454,2025-11-02,Germany,Portuguese,Arabic|German|Japanese,free,18-24,F,Immigration,2025-11
HT_013455,2026-03-13,Japan,French,German|Korean,free,35-44,M,Exam,2026-03
HT_013456,2025-12-20,China,Italian,Dutch|English|Portuguese,free,25-34,Other,Hobby,2025-12
HT_013457,2026-02-26,Germany,Arabic,Russian|Korean,free,25-34,Other,Business,2026-02
HT_013458,2025-12-23,Mexico,Korean,German|Dutch|Japanese,free,18-24,M,Immigration,2025-12
HT_013459,2025-06-21,Japan,German,Italian|English,free,18-24,Other,Travel,2025-06
HT_013460,2026-01-03,UK,Russian,Chinese|Spanish|Korean,free,35-44,M,Travel,2026-01
HT_013461,2026-01-21,Australia,German,Russian|Japanese,free,25-34,M,Exam,2026-01
HT_013462,2025-08-11,Australia,German,Portuguese,free,18-24,M,Immigration,2025-08
HT_013463,2025-05-06,Australia,Dutch,German|Chinese|Spanish,premium,35-44,M,Immigration,2025-05
HT_013464,2025-10-14,Japan,French,German,premium,25-34,Other,Travel,2025-10
HT_013465,2026-01-07,France,Arabic,Italian|French,free,25-34,Other,Exam,2026-01
HT_013466,2025-10-15,South Korea,French,Dutch|Arabic|Japanese,free,25-34,F,Business,2025-10
HT_013467,2025-09-16,Spain,Italian,Chinese|Korean,free,35-44,Other,Immigration,2025-09
HT_013468,2025-10-14,China,Korean,French,free,25-34,Other,Immigration,2025-10
HT_013469,2025-09-15,Japan,Dutch,Arabic|Korean,free,25-34,M,Immigration,2025-09
HT_013470,2026-02-17,China,Japanese,Spanish,free,18-24,M,Immigration,2026-02
HT_013471,2025-12-03,France,French,Korean,free,45+,Other,Immigration,2025-12
HT_013472,2025-08-01,France,Korean,Dutch|Arabic|French,free,45+,M,Travel,2025-08
HT_013473,2026-02-15,Spain,Portuguese,Korean|French,free,18-24,M,Exam,2026-02
HT_013474,2026-01-30,Spain,Russian,Portuguese,free,18-24,Other,Hobby,2026-01
HT_013475,2025-10-04,Canada,Korean,French|Chinese,free,25-34,Other,Travel,2025-10
HT_013476,2025-07-26,China,Italian,Russian,free,18-24,Other,Hobby,2025-07
HT_013477,2026-01-17,Brazil,Italian,Russian,free,35-44,Other,Travel,2026-01
HT_013478,2025-08-12,France,Portuguese,Dutch|Japanese|French,free,25-34,F,Business,2025-08
HT_013479,2026-02-01,Spain,Japanese,Portuguese|Arabic,free,25-34,F,Business,2026-02
HT_013480,2026-03-28,UK,Chinese,French|Russian,free,18-24,F,Travel,2026-03
HT_013481,2025-12-08,Germany,Chinese,Spanish|Japanese|Italian,free,45+,M,Business,2025-12
HT_013482,2025-09-26,South Korea,Arabic,Dutch|Spanish|Chinese,free,18-24,M,Travel,2025-09
HT_013483,2025-08-15,Australia,French,Korean|Japanese,free,25-34,M,Hobby,2025-08
HT_013484,2025-07-17,France,Portuguese,English|Dutch|Italian,free,25-34,M,Travel,2025-07
HT_013485,2025-12-27,Australia,Dutch,Chinese|Italian|Russian,free,35-44,Other,Exam,2025-12
HT_013486,2025-05-29,UK,Chinese,Italian,free,25-34,F,Travel,2025-05
HT_013487,2025-04-19,UK,Spanish,French|Korean,premium,25-34,Other,Hobby,2025-04
HT_013488,2025-09-14,South Korea,French,Spanish|Arabic,free,25-34,F,Travel,2025-09
HT_013489,2025-06-17,Australia,Russian,Arabic|Chinese|Korean,free,25-34,M,Business,2025-06
HT_013490,2025-07-01,USA,Arabic,Portuguese|Dutch,free,25-34,Other,Exam,2025-07
HT_013491,2025-05-05,USA,Portuguese,Arabic,premium,35-44,F,Travel,2025-05
HT_013492,2025-08-11,Mexico,French,Spanish|Portuguese,free,25-34,M,Immigration,2025-08
HT_013493,2026-04-08,Brazil,Arabic,Chinese|Spanish,free,35-44,Other,Business,2026-04
HT_013494,2026-03-20,Brazil,Italian,German|French,free,25-34,F,Exam,2026-03
HT_013495,2025-10-18,France,German,Portuguese|Arabic|Italian,free,25-34,M,Exam,2025-10
HT_013496,2025-06-02,China,Dutch,Japanese,free,25-34,M,Immigration,2025-06
HT_013497,2025-12-24,China,Italian,Chinese,free,35-44,F,Business,2025-12
HT_013498,2025-07-18,Australia,German,English|Russian,free,25-34,M,Immigration,2025-07
HT_013499,2026-03-15,USA,Chinese,French|German,free,45+,Other,Business,2026-03
HT_013500,2026-02-01,France,Russian,Portuguese|Japanese|French,free,25-34,F,Exam,2026-02
HT_013501,2025-08-05,Japan,Russian,Portuguese|French|German,free,35-44,Other,Business,2025-08
HT_013502,2026-02-20,Germany,Dutch,Portuguese|Russian,free,18-24,M,Immigration,2026-02
HT_013503,2025-12-02,UK,Russian,Chinese|Korean,free,35-44,M,Immigration,2025-12
HT_013504,2026-04-11,South Korea,Italian,English|Arabic|Portuguese,free,35-44,Other,Business,2026-04
HT_013505,2025-12-14,Australia,Chinese,Portuguese|Italian,free,35-44,M,Exam,2025-12
HT_013506,2025-12-02,China,Dutch,Japanese,free,25-34,Other,Exam,2025-12
HT_013507,2025-09-19,South Korea,Portuguese,English|Korean|Chinese,free,25-34,M,Exam,2025-09
HT_013508,2025-12-21,South Korea,Chinese,German|French|Japanese,free,25-34,M,Hobby,2025-12
HT_013509,2026-02-01,China,Spanish,Russian|French|German,premium,25-34,F,Exam,2026-02
HT_013510,2025-06-12,Spain,Arabic,Russian,free,18-24,M,Immigration,2025-06
HT_013511,2025-04-14,Brazil,Arabic,Portuguese|Japanese,free,25-34,F,Hobby,2025-04
HT_013512,2025-06-20,Germany,English,Italian|Dutch|Russian,free,35-44,M,Exam,2025-06
HT_013513,2026-04-07,Mexico,Dutch,French,free,18-24,F,Exam,2026-04
HT_013514,2025-12-17,Australia,Dutch,English|Portuguese|Korean,free,18-24,M,Travel,2025-12
HT_013515,2025-11-20,UK,Dutch,Korean|Russian|English,free,35-44,F,Exam,2025-11
HT_013516,2025-10-13,Germany,Korean,Portuguese,free,25-34,F,Exam,2025-10
HT_013517,2025-06-27,Germany,Arabic,Chinese|German,free,35-44,F,Exam,2025-06
HT_013518,2025-05-27,Spain,English,Portuguese|Italian|Arabic,free,18-24,F,Travel,2025-05
HT_013519,2025-11-16,South Korea,Arabic,Spanish|Dutch|French,free,18-24,M,Hobby,2025-11
HT_013520,2026-03-19,UK,Portuguese,Spanish,premium,35-44,F,Immigration,2026-03
HT_013521,2025-07-04,Brazil,Arabic,Italian,free,35-44,F,Exam,2025-07
HT_013522,2025-08-08,Brazil,English,Spanish|Korean,free,18-24,F,Travel,2025-08
HT_013523,2026-03-14,South Korea,French,Italian|Japanese,free,25-34,F,Hobby,2026-03
HT_013524,2025-05-19,Canada,English,French|German,free,35-44,M,Immigration,2025-05
HT_013525,2025-04-15,Germany,Russian,Italian|Dutch|French,free,18-24,Other,Immigration,2025-04
HT_013526,2025-11-03,Brazil,Italian,Spanish|Korean|Japanese,free,45+,Other,Hobby,2025-11
HT_013527,2025-05-19,Japan,Italian,Spanish|Korean,free,18-24,F,Hobby,2025-05
HT_013528,2025-08-02,Brazil,Dutch,English,free,18-24,Other,Exam,2025-08
HT_013529,2026-03-12,Brazil,Arabic,Korean,free,25-34,Other,Business,2026-03
HT_013530,2025-11-23,South Korea,French,Chinese,premium,35-44,F,Immigration,2025-11
HT_013531,2025-07-26,France,English,Chinese|Portuguese,premium,18-24,F,Immigration,2025-07
HT_013532,2026-01-06,UK,Italian,English|Korean,free,18-24,Other,Travel,2026-01
HT_013533,2025-07-10,Brazil,Arabic,Dutch,free,35-44,Other,Travel,2025-07
HT_013534,2026-03-06,Australia,Dutch,Arabic,premium,25-34,M,Immigration,2026-03
HT_013535,2025-04-25,Japan,Japanese,French,free,25-34,M,Immigration,2025-04
HT_013536,2025-08-15,UK,Russian,Spanish|Korean,premium,25-34,M,Travel,2025-08
HT_013537,2025-07-11,USA,Japanese,Spanish|Arabic|Korean,free,18-24,F,Exam,2025-07
HT_013538,2025-07-20,UK,English,Italian|Spanish,free,25-34,F,Hobby,2025-07
HT_013539,2025-06-07,South Korea,Korean,Portuguese,free,35-44,F,Immigration,2025-06
HT_013540,2025-06-06,South Korea,German,Spanish|Dutch,free,18-24,Other,Travel,2025-06
HT_013541,2025-08-09,Germany,French,Korean|Italian,free,35-44,Other,Hobby,2025-08
HT_013542,2025-11-02,France,English,French,free,45+,F,Immigration,2025-11
HT_013543,2025-11-29,Brazil,Chinese,German|English,free,25-34,F,Exam,2025-11
HT_013544,2025-05-20,Germany,Korean,Chinese|French|Dutch,free,18-24,F,Exam,2025-05
HT_013545,2026-01-04,Canada,Korean,Japanese|French,premium,18-24,F,Immigration,2026-01
HT_013546,2025-09-27,South Korea,Japanese,Portuguese|English|Korean,free,18-24,Other,Travel,2025-09
HT_013547,2025-08-17,Spain,Russian,Portuguese|Dutch,premium,18-24,M,Hobby,2025-08
HT_013548,2025-08-08,Mexico,German,Italian,free,18-24,Other,Business,2025-08
HT_013549,2025-04-24,USA,Spanish,German,free,25-34,M,Travel,2025-04
HT_013550,2025-11-20,Germany,Portuguese,German|French,premium,25-34,M,Travel,2025-11
HT_013551,2025-11-19,Canada,English,Japanese|Dutch|Korean,free,25-34,F,Immigration,2025-11
HT_013552,2025-10-10,UK,Korean,Portuguese,free,18-24,M,Immigration,2025-10
HT_013553,2025-04-21,China,Portuguese,Arabic|Italian,free,25-34,Other,Travel,2025-04
HT_013554,2025-06-05,USA,Spanish,Portuguese|German|Chinese,free,35-44,F,Travel,2025-06
HT_013555,2025-10-03,Japan,German,Dutch,free,25-34,Other,Hobby,2025-10
HT_013556,2026-02-14,Mexico,Korean,English|Dutch|Italian,free,18-24,F,Business,2026-02
HT_013557,2025-05-01,China,Japanese,Italian,premium,25-34,Other,Travel,2025-05
HT_013558,2025-09-11,South Korea,English,Italian|Japanese,free,18-24,M,Immigration,2025-09
HT_013559,2025-10-06,Germany,German,Arabic|Korean,free,25-34,Other,Immigration,2025-10
HT_013560,2025-10-14,Canada,Russian,English|Chinese,free,18-24,M,Hobby,2025-10
HT_013561,2025-10-25,Spain,Chinese,French|Spanish,premium,18-24,F,Immigration,2025-10
HT_013562,2026-03-25,Germany,Korean,Spanish|English,free,25-34,M,Exam,2026-03
HT_013563,2026-02-01,Germany,Korean,Italian|English,free,35-44,Other,Immigration,2026-02
HT_013564,2025-10-16,France,Dutch,Japanese|Spanish,premium,25-34,M,Exam,2025-10
HT_013565,2025-09-02,South Korea,French,Russian,free,18-24,F,Hobby,2025-09
HT_013566,2025-11-14,Japan,French,German,free,45+,F,Hobby,2025-11
HT_013567,2025-07-26,USA,Italian,Spanish|German|Russian,premium,25-34,M,Hobby,2025-07
HT_013568,2025-10-17,Japan,Portuguese,German,free,18-24,F,Travel,2025-10
HT_013569,2025-09-18,South Korea,Dutch,Korean|Japanese,free,25-34,M,Hobby,2025-09
HT_013570,2026-03-21,South Korea,Arabic,Dutch,free,35-44,M,Exam,2026-03
HT_013571,2025-10-17,Spain,German,Portuguese|English|Japanese,free,25-34,Other,Immigration,2025-10
HT_013572,2025-07-06,Australia,Arabic,Japanese|German,free,25-34,F,Immigration,2025-07
HT_013573,2025-06-09,Brazil,Italian,Dutch|Japanese|English,free,35-44,M,Exam,2025-06
HT_013574,2025-04-21,Canada,Arabic,English,free,25-34,M,Immigration,2025-04
HT_013575,2025-09-07,South Korea,Arabic,Spanish|Chinese|Portuguese,free,35-44,Other,Immigration,2025-09
HT_013576,2025-06-28,Japan,Italian,Russian,free,18-24,M,Business,2025-06
HT_013577,2025-07-27,USA,Italian,Portuguese|Spanish,free,35-44,M,Travel,2025-07
HT_013578,2025-11-05,Mexico,Korean,Chinese|Japanese|Dutch,free,25-34,Other,Business,2025-11
HT_013579,2025-12-29,UK,English,Korean|German,free,25-34,M,Hobby,2025-12
HT_013580,2026-03-09,Brazil,English,French,free,25-34,M,Hobby,2026-03
HT_013581,2026-03-28,Japan,Arabic,English,free,45+,M,Travel,2026-03
HT_013582,2025-04-20,USA,Japanese,Korean,free,35-44,Other,Exam,2025-04
HT_013583,2025-06-27,Australia,Portuguese,Russian|Korean,free,18-24,F,Business,2025-06
HT_013584,2025-07-02,UK,German,French|Korean|Arabic,free,18-24,F,Business,2025-07
HT_013585,2026-03-31,Canada,Italian,French,free,18-24,M,Business,2026-03
HT_013586,2026-03-17,South Korea,Portuguese,English|Arabic,premium,35-44,M,Hobby,2026-03
HT_013587,2025-08-03,Australia,Chinese,French|Dutch|Korean,free,25-34,M,Travel,2025-08
HT_013588,2025-07-06,Germany,Russian,English,free,35-44,Other,Travel,2025-07
HT_013589,2025-08-17,USA,Spanish,Korean,free,45+,M,Hobby,2025-08
HT_013590,2025-08-06,China,German,Chinese|Dutch,premium,25-34,M,Exam,2025-08
HT_013591,2026-03-01,Spain,Korean,Italian,premium,25-34,M,Exam,2026-03
HT_013592,2026-02-02,Spain,Russian,Chinese,free,35-44,M,Travel,2026-02
HT_013593,2026-01-07,France,Russian,German,free,35-44,M,Exam,2026-01
HT_013594,2025-05-25,UK,French,Spanish|Italian,free,25-34,M,Immigration,2025-05
HT_013595,2026-04-11,Brazil,Russian,Dutch|Chinese|Korean,free,45+,Other,Exam,2026-04
HT_013596,2025-09-20,Spain,Chinese,Russian,free,35-44,M,Immigration,2025-09
HT_013597,2025-07-20,Canada,Arabic,French|Japanese|Spanish,premium,18-24,Other,Immigration,2025-07
HT_013598,2025-07-12,Australia,Spanish,Japanese,premium,25-34,F,Business,2025-07
HT_013599,2025-06-05,Germany,Russian,Spanish|French,free,35-44,F,Business,2025-06
HT_013600,2025-12-19,Brazil,German,Japanese,free,45+,M,Exam,2025-12
HT_013601,2025-11-17,UK,German,Portuguese|Italian|Dutch,free,18-24,M,Business,2025-11
HT_013602,2025-06-14,Australia,Portuguese,Chinese|German|Korean,premium,18-24,M,Immigration,2025-06
HT_013603,2026-01-14,Canada,Arabic,Italian,free,18-24,F,Immigration,2026-01
HT_013604,2026-03-08,Japan,Spanish,Russian,free,18-24,F,Exam,2026-03
HT_013605,2025-06-18,Spain,Russian,German|Dutch|English,free,25-34,F,Hobby,2025-06
HT_013606,2025-11-24,USA,Dutch,Spanish,premium,18-24,Other,Travel,2025-11
HT_013607,2025-07-21,USA,French,German|Russian,free,25-34,F,Travel,2025-07
HT_013608,2025-12-29,Japan,Dutch,French|Japanese|Portuguese,premium,25-34,Other,Travel,2025-12
HT_013609,2026-01-06,Australia,Korean,Chinese|French,free,35-44,M,Immigration,2026-01
HT_013610,2025-12-16,Spain,Korean,Spanish|Portuguese|Japanese,free,25-34,F,Hobby,2025-12
HT_013611,2025-07-21,Japan,Japanese,French|Spanish|Portuguese,free,25-34,F,Exam,2025-07
HT_013612,2025-08-15,France,Spanish,Italian|Portuguese|Korean,free,18-24,F,Immigration,2025-08
HT_013613,2026-02-28,Brazil,Chinese,Dutch|Arabic,free,18-24,M,Hobby,2026-02
HT_013614,2025-07-07,South Korea,Korean,Arabic|Italian,free,25-34,F,Travel,2025-07
HT_013615,2025-11-22,UK,Spanish,Italian,free,35-44,M,Travel,2025-11
HT_013616,2025-11-02,Australia,English,Spanish|German,free,18-24,Other,Immigration,2025-11
HT_013617,2026-04-07,Brazil,German,Italian,premium,25-34,Other,Business,2026-04
HT_013618,2025-09-20,Mexico,Portuguese,German,free,18-24,Other,Business,2025-09
HT_013619,2025-12-26,Spain,Japanese,Russian|Italian|Korean,premium,35-44,F,Hobby,2025-12
HT_013620,2025-04-12,South Korea,Chinese,French,free,25-34,Other,Hobby,2025-04
HT_013621,2026-02-24,UK,Dutch,Chinese,free,25-34,Other,Hobby,2026-02
HT_013622,2025-06-18,France,German,Dutch|Korean,free,35-44,F,Hobby,2025-06
HT_013623,2025-08-04,Spain,Chinese,French|Korean|Dutch,free,25-34,F,Immigration,2025-08
HT_013624,2025-08-23,UK,German,Arabic,premium,25-34,M,Immigration,2025-08
HT_013625,2025-08-21,USA,English,Japanese,premium,18-24,F,Immigration,2025-08
HT_013626,2025-11-13,South Korea,Japanese,Korean|Italian|German,premium,25-34,Other,Exam,2025-11
HT_013627,2025-09-24,Australia,Japanese,Spanish|English|Italian,free,18-24,M,Travel,2025-09
HT_013628,2025-08-30,Canada,English,German|Portuguese,free,35-44,F,Exam,2025-08
HT_013629,2025-12-08,Spain,French,Korean|Spanish|Russian,free,18-24,M,Business,2025-12
HT_013630,2025-12-05,South Korea,German,Italian,free,35-44,M,Hobby,2025-12
HT_013631,2025-12-27,Mexico,Dutch,English|Russian|Japanese,free,35-44,F,Business,2025-12
HT_013632,2025-09-27,Spain,Russian,Japanese|German,free,25-34,Other,Business,2025-09
HT_013633,2025-06-01,Mexico,Chinese,Italian,free,18-24,M,Hobby,2025-06
HT_013634,2025-09-17,Mexico,Dutch,Japanese,free,25-34,F,Business,2025-09
HT_013635,2025-09-25,Germany,Chinese,Russian|Arabic,premium,25-34,M,Hobby,2025-09
HT_013636,2025-05-01,Japan,Russian,Korean|Dutch,free,25-34,Other,Immigration,2025-05
HT_013637,2025-07-26,USA,Chinese,Russian|French|Korean,free,25-34,M,Exam,2025-07
HT_013638,2025-06-04,Brazil,Chinese,Dutch|Russian,free,25-34,Other,Exam,2025-06
HT_013639,2025-06-24,France,Dutch,Italian,free,18-24,F,Travel,2025-06
HT_013640,2026-01-29,Australia,Russian,French,free,35-44,M,Exam,2026-01
HT_013641,2025-07-12,South Korea,Russian,German|Korean|Chinese,free,18-24,F,Travel,2025-07
HT_013642,2025-08-31,Spain,English,Chinese|Italian,free,25-34,F,Hobby,2025-08
HT_013643,2026-02-18,USA,Russian,Arabic|German|Korean,premium,18-24,F,Immigration,2026-02
HT_013644,2025-10-30,USA,Spanish,English,free,25-34,Other,Immigration,2025-10
HT_013645,2025-09-16,Brazil,Japanese,Russian|Spanish|Korean,free,25-34,F,Exam,2025-09
HT_013646,2025-07-02,Mexico,Italian,German,free,18-24,Other,Exam,2025-07
HT_013647,2025-12-08,Brazil,French,German|Italian,free,25-34,F,Hobby,2025-12
HT_013648,2025-09-15,China,Arabic,Chinese,free,18-24,M,Exam,2025-09
HT_013649,2025-05-16,Canada,Chinese,Italian,free,25-34,M,Exam,2025-05
HT_013650,2026-04-10,USA,Chinese,Spanish|English|Japanese,free,35-44,F,Exam,2026-04
HT_013651,2025-12-17,China,Chinese,English,premium,18-24,Other,Travel,2025-12
HT_013652,2025-10-11,France,French,Spanish,premium,45+,M,Hobby,2025-10
HT_013653,2025-06-11,Germany,Portuguese,Russian,free,35-44,M,Business,2025-06
HT_013654,2026-02-08,Australia,Arabic,Japanese|Korean,free,25-34,Other,Immigration,2026-02
HT_013655,2026-02-05,Japan,Chinese,French|Arabic|Italian,free,25-34,M,Hobby,2026-02
HT_013656,2026-01-05,UK,Russian,Italian|Dutch,premium,25-34,M,Travel,2026-01
HT_013657,2025-05-18,Australia,Arabic,Italian|Portuguese,free,25-34,M,Travel,2025-05
HT_013658,2025-11-07,Brazil,Japanese,English|Arabic|Portuguese,premium,35-44,M,Exam,2025-11
HT_013659,2025-05-01,Brazil,Arabic,Chinese|Japanese,free,35-44,F,Business,2025-05
HT_013660,2026-03-30,Australia,Japanese,Chinese,free,18-24,Other,Immigration,2026-03
HT_013661,2026-03-26,Mexico,Arabic,Dutch|French|Korean,free,25-34,F,Travel,2026-03
HT_013662,2025-07-07,USA,Chinese,Dutch|Russian,free,18-24,F,Immigration,2025-07
HT_013663,2025-07-07,USA,German,Spanish|Chinese|Dutch,free,18-24,F,Exam,2025-07
HT_013664,2026-03-12,Germany,Dutch,Japanese|German|Italian,free,25-34,F,Immigration,2026-03
HT_013665,2025-05-21,Japan,French,Italian|English,free,45+,M,Immigration,2025-05
HT_013666,2025-04-22,USA,Japanese,German,free,35-44,Other,Travel,2025-04
HT_013667,2025-07-22,Mexico,German,Portuguese,free,25-34,F,Travel,2025-07
HT_013668,2025-09-22,Australia,Arabic,German|Spanish,free,35-44,M,Exam,2025-09
HT_013669,2025-05-07,UK,Japanese,Chinese,free,25-34,M,Travel,2025-05
HT_013670,2025-05-28,Spain,French,Portuguese|Japanese|German,free,45+,Other,Business,2025-05
HT_013671,2025-06-29,Japan,Korean,German|Russian|Portuguese,free,18-24,F,Immigration,2025-06
HT_013672,2025-12-19,Spain,Chinese,Dutch|Korean,premium,25-34,Other,Exam,2025-12
HT_013673,2025-12-13,Australia,Spanish,Chinese,free,25-34,M,Exam,2025-12
HT_013674,2025-09-22,USA,Japanese,Chinese|Portuguese|German,free,25-34,F,Hobby,2025-09
HT_013675,2025-06-22,Germany,French,Japanese|Dutch,free,18-24,M,Immigration,2025-06
HT_013676,2025-05-15,China,Italian,French|Spanish|Chinese,free,35-44,F,Exam,2025-05
HT_013677,2025-06-10,USA,Dutch,Russian|English,free,25-34,F,Business,2025-06
HT_013678,2025-06-05,Mexico,Italian,Russian,free,25-34,F,Immigration,2025-06
HT_013679,2025-07-21,Canada,Russian,Korean,free,25-34,Other,Immigration,2025-07
HT_013680,2026-02-17,Japan,German,Chinese|Spanish,free,25-34,F,Travel,2026-02
HT_013681,2025-06-11,Germany,Arabic,Russian|Portuguese,free,45+,Other,Hobby,2025-06
HT_013682,2026-04-12,UK,Portuguese,Italian,free,35-44,M,Travel,2026-04
HT_013683,2026-04-03,Mexico,Russian,French|German|Italian,free,18-24,M,Immigration,2026-04
HT_013684,2026-03-20,Australia,Portuguese,Chinese|Arabic|English,free,25-34,M,Hobby,2026-03
HT_013685,2025-09-13,Mexico,Russian,Spanish,free,35-44,Other,Business,2025-09
HT_013686,2025-08-05,Germany,German,Spanish,free,25-34,F,Immigration,2025-08
HT_013687,2025-06-05,Brazil,Russian,German,free,18-24,M,Exam,2025-06
HT_013688,2025-08-30,China,Japanese,Arabic|Portuguese|Russian,free,18-24,M,Travel,2025-08
HT_013689,2025-10-30,USA,English,Arabic|Chinese|Italian,free,25-34,M,Hobby,2025-10
HT_013690,2025-08-14,France,Russian,Spanish|Japanese|Dutch,free,25-34,F,Immigration,2025-08
HT_013691,2025-10-13,South Korea,Italian,Spanish|Russian|Dutch,premium,25-34,M,Business,2025-10
HT_013692,2025-07-22,France,Portuguese,Arabic|French|Italian,premium,25-34,Other,Exam,2025-07
HT_013693,2026-03-07,Germany,Dutch,Russian|French|Japanese,free,18-24,M,Immigration,2026-03
HT_013694,2025-12-01,Canada,Chinese,Russian|German,free,25-34,M,Immigration,2025-12
HT_013695,2025-08-18,Canada,English,Dutch|Korean|Italian,free,18-24,M,Hobby,2025-08
HT_013696,2025-04-24,Brazil,Arabic,French|Dutch,free,45+,Other,Exam,2025-04
HT_013697,2025-06-14,Spain,Spanish,English,free,35-44,Other,Business,2025-06
HT_013698,2025-05-02,France,Dutch,Korean,free,25-34,F,Exam,2025-05
HT_013699,2025-04-30,China,Italian,English,free,25-34,Other,Hobby,2025-04
HT_013700,2026-02-15,China,Spanish,Italian|Arabic|French,free,18-24,Other,Exam,2026-02
HT_013701,2026-03-30,China,English,Portuguese,free,35-44,Other,Business,2026-03
HT_013702,2025-11-13,Japan,Portuguese,French|Japanese|Korean,free,25-34,Other,Travel,2025-11
HT_013703,2026-03-02,Brazil,Arabic,Japanese|Chinese|Russian,free,25-34,Other,Immigration,2026-03
HT_013704,2025-05-05,Canada,Japanese,Spanish|German|French,free,25-34,Other,Hobby,2025-05
HT_013705,2025-12-12,USA,Italian,Russian,free,18-24,Other,Travel,2025-12
HT_013706,2025-05-10,Brazil,Portuguese,German|Italian,free,18-24,Other,Travel,2025-05
HT_013707,2026-03-10,Canada,Portuguese,Dutch|Korean|Spanish,free,35-44,F,Business,2026-03
HT_013708,2025-06-22,Brazil,Russian,Chinese,free,18-24,M,Exam,2025-06
HT_013709,2026-01-12,Spain,English,Dutch|Arabic,free,18-24,Other,Hobby,2026-01
HT_013710,2025-04-15,China,English,German,free,25-34,Other,Exam,2025-04
HT_013711,2025-06-22,China,Dutch,English|Portuguese,free,25-34,F,Hobby,2025-06
HT_013712,2025-09-06,South Korea,German,English,free,18-24,Other,Exam,2025-09
HT_013713,2025-05-02,USA,English,Arabic|Russian|Spanish,free,25-34,M,Travel,2025-05
HT_013714,2025-05-02,Brazil,German,Arabic,free,25-34,M,Hobby,2025-05
HT_013715,2025-11-15,UK,Japanese,Dutch|Chinese|Italian,free,35-44,Other,Business,2025-11
HT_013716,2025-07-26,China,Dutch,German|Spanish,free,18-24,M,Hobby,2025-07
HT_013717,2025-09-14,Japan,Spanish,English,free,18-24,M,Business,2025-09
HT_013718,2025-11-29,Australia,Chinese,German|Japanese,free,18-24,F,Business,2025-11
HT_013719,2026-03-08,Japan,Italian,Dutch|German|Spanish,free,35-44,M,Travel,2026-03
HT_013720,2025-09-17,Germany,English,Italian,free,45+,M,Travel,2025-09
HT_013721,2026-04-01,China,Chinese,Portuguese,free,25-34,M,Hobby,2026-04
HT_013722,2025-11-11,China,Korean,German|Japanese,free,35-44,F,Hobby,2025-11
HT_013723,2025-09-07,South Korea,Portuguese,Italian|French|Korean,free,25-34,F,Business,2025-09
HT_013724,2025-04-30,Australia,Chinese,German|English,premium,35-44,M,Immigration,2025-04
HT_013725,2025-05-03,China,Chinese,Russian|Portuguese,free,18-24,Other,Business,2025-05
HT_013726,2025-06-02,Brazil,French,Dutch|Korean|Italian,free,18-24,M,Exam,2025-06
HT_013727,2025-09-24,Mexico,Portuguese,Spanish|French|Chinese,free,18-24,F,Travel,2025-09
HT_013728,2026-03-07,Japan,Italian,Chinese|English|Russian,free,18-24,Other,Travel,2026-03
HT_013729,2025-06-06,Canada,Spanish,Dutch|English|German,premium,18-24,Other,Travel,2025-06
HT_013730,2026-02-19,Brazil,Dutch,Portuguese|French,free,25-34,M,Travel,2026-02
HT_013731,2026-02-26,UK,Arabic,Russian|Japanese,premium,45+,Other,Hobby,2026-02
HT_013732,2025-10-04,Australia,Japanese,Portuguese|English,free,25-34,Other,Travel,2025-10
HT_013733,2025-09-11,South Korea,Spanish,French|Korean,free,25-34,F,Hobby,2025-09
HT_013734,2026-01-07,Japan,Italian,Spanish,free,25-34,M,Business,2026-01
HT_013735,2025-08-01,France,Japanese,English,premium,35-44,Other,Travel,2025-08
HT_013736,2026-02-16,Australia,Spanish,German,free,35-44,F,Hobby,2026-02
HT_013737,2025-09-07,Canada,Chinese,French,free,25-34,Other,Exam,2025-09
HT_013738,2026-01-31,UK,Spanish,French|Dutch|Portuguese,free,18-24,F,Hobby,2026-01
HT_013739,2025-06-15,Germany,Portuguese,Japanese|Korean|Italian,free,25-34,F,Immigration,2025-06
HT_013740,2025-04-30,UK,Chinese,Russian|Japanese|Portuguese,free,18-24,F,Exam,2025-04
HT_013741,2025-08-01,Germany,German,Arabic,free,35-44,M,Business,2025-08
HT_013742,2026-01-17,Australia,English,Japanese|French,free,25-34,M,Business,2026-01
HT_013743,2025-09-20,Japan,Russian,Korean|French|Arabic,free,18-24,Other,Hobby,2025-09
HT_013744,2025-09-07,Japan,Spanish,Italian,free,45+,M,Travel,2025-09
HT_013745,2025-08-14,Australia,English,French|Dutch,premium,35-44,F,Exam,2025-08
HT_013746,2025-06-03,Japan,Dutch,Spanish|Japanese,free,35-44,Other,Travel,2025-06
HT_013747,2026-02-04,France,Korean,Japanese|German,free,25-34,Other,Business,2026-02
HT_013748,2025-05-02,Japan,Japanese,English|French,free,25-34,Other,Exam,2025-05
HT_013749,2025-04-13,Spain,Arabic,Dutch|Portuguese|Italian,premium,18-24,Other,Business,2025-04
HT_013750,2025-08-23,Australia,Japanese,Russian|Dutch|Spanish,free,25-34,F,Exam,2025-08
HT_013751,2025-11-16,UK,Spanish,Portuguese|Italian,premium,25-34,F,Travel,2025-11
HT_013752,2026-02-07,China,Japanese,Russian,free,18-24,F,Travel,2026-02
HT_013753,2026-04-08,USA,Dutch,Russian,free,45+,Other,Immigration,2026-04
HT_013754,2026-01-10,South Korea,Portuguese,Dutch|English,free,25-34,Other,Immigration,2026-01
HT_013755,2025-12-12,Canada,Chinese,Russian,premium,18-24,F,Immigration,2025-12
HT_013756,2025-06-06,France,Russian,Korean,premium,25-34,M,Exam,2025-06
HT_013757,2025-08-29,Canada,Japanese,Italian|English|Spanish,premium,25-34,M,Travel,2025-08
HT_013758,2025-07-08,Spain,Portuguese,Arabic|German|Dutch,free,18-24,Other,Travel,2025-07
HT_013759,2026-03-19,Australia,Chinese,French,free,25-34,F,Immigration,2026-03
HT_013760,2026-02-13,UK,Italian,Japanese,free,25-34,Other,Exam,2026-02
HT_013761,2026-04-08,Spain,French,Dutch|Arabic,free,25-34,M,Hobby,2026-04
HT_013762,2025-10-28,France,Chinese,Dutch|Italian,free,18-24,F,Exam,2025-10
HT_013763,2025-10-08,Mexico,Chinese,Japanese|English|Korean,premium,25-34,F,Exam,2025-10
HT_013764,2026-02-19,Mexico,French,Italian,free,18-24,F,Business,2026-02
HT_013765,2025-08-18,South Korea,German,Arabic|Chinese|Dutch,free,18-24,Other,Exam,2025-08
HT_013766,2025-06-12,Australia,German,Chinese|Italian|Spanish,free,45+,F,Business,2025-06
HT_013767,2025-08-17,Brazil,French,Italian|German|Spanish,free,35-44,F,Business,2025-08
HT_013768,2026-04-09,South Korea,Russian,Chinese|Japanese,free,18-24,F,Hobby,2026-04
HT_013769,2025-05-03,Brazil,Arabic,Korean|Russian|French,free,25-34,M,Business,2025-05
HT_013770,2026-03-21,Mexico,Portuguese,Korean|Spanish|Russian,premium,25-34,Other,Business,2026-03
HT_013771,2026-01-14,UK,English,German|Portuguese|Spanish,free,18-24,M,Immigration,2026-01
HT_013772,2025-12-28,UK,German,Japanese|Dutch|Chinese,free,25-34,F,Hobby,2025-12
HT_013773,2025-12-08,Canada,Dutch,Russian|Italian,free,45+,F,Hobby,2025-12
HT_013774,2026-03-03,Brazil,Spanish,Portuguese|Italian,free,18-24,F,Exam,2026-03
HT_013775,2025-08-15,Mexico,Arabic,French|Chinese|Dutch,free,25-34,Other,Travel,2025-08
HT_013776,2025-11-17,UK,German,Russian|English,free,25-34,F,Travel,2025-11
HT_013777,2025-12-17,Australia,Arabic,Portuguese|French,free,18-24,M,Hobby,2025-12
HT_013778,2025-09-28,France,Chinese,French,free,35-44,F,Hobby,2025-09
HT_013779,2025-09-22,USA,German,Korean|Japanese|French,premium,25-34,F,Exam,2025-09
HT_013780,2025-09-01,UK,Arabic,Chinese|Spanish,free,25-34,M,Travel,2025-09
HT_013781,2025-07-05,France,Portuguese,Spanish|Russian,free,18-24,M,Business,2025-07
HT_013782,2025-10-02,Japan,Japanese,Portuguese|Russian,free,25-34,Other,Exam,2025-10
HT_013783,2025-05-19,Mexico,Chinese,Portuguese|French,free,25-34,Other,Travel,2025-05
HT_013784,2026-02-23,Brazil,Dutch,Chinese,free,35-44,Other,Hobby,2026-02
HT_013785,2026-01-22,Germany,Spanish,French|Arabic,free,35-44,Other,Travel,2026-01
HT_013786,2025-04-26,Mexico,Chinese,German|French,free,18-24,F,Business,2025-04
HT_013787,2025-10-13,France,Korean,Japanese|Arabic,free,35-44,Other,Immigration,2025-10
HT_013788,2025-10-16,Brazil,Dutch,Chinese|German|Spanish,free,35-44,F,Exam,2025-10
HT_013789,2025-04-24,UK,Portuguese,English|German,free,25-34,M,Hobby,2025-04
HT_013790,2025-12-23,Germany,Chinese,Spanish|French,free,35-44,Other,Business,2025-12
HT_013791,2025-11-26,South Korea,Spanish,Arabic|Portuguese|Chinese,free,18-24,M,Business,2025-11
HT_013792,2026-01-17,Mexico,Italian,Arabic,free,18-24,M,Immigration,2026-01
HT_013793,2025-09-12,UK,Spanish,Portuguese,free,18-24,Other,Business,2025-09
HT_013794,2025-12-25,South Korea,Italian,Arabic,premium,25-34,M,Hobby,2025-12
HT_013795,2026-03-06,Australia,English,Arabic|Japanese,free,25-34,M,Business,2026-03
HT_013796,2025-06-06,Spain,Chinese,Dutch|Portuguese,free,18-24,Other,Business,2025-06
HT_013797,2025-12-31,South Korea,Chinese,Spanish|Japanese,free,18-24,M,Exam,2025-12
HT_013798,2025-12-10,Mexico,Russian,Chinese|Spanish,free,45+,F,Business,2025-12
HT_013799,2026-02-14,Japan,Korean,Spanish|Arabic,premium,25-34,F,Travel,2026-02
HT_013800,2026-02-04,Mexico,English,Russian,free,18-24,F,Exam,2026-02
HT_013801,2025-05-02,Mexico,Spanish,Italian|Korean,free,18-24,M,Travel,2025-05
HT_013802,2025-05-07,China,Dutch,Chinese,free,25-34,M,Hobby,2025-05
HT_013803,2025-05-05,Germany,Arabic,Italian|Korean,free,18-24,F,Hobby,2025-05
HT_013804,2026-01-18,Spain,Korean,Arabic|Japanese,free,45+,F,Travel,2026-01
HT_013805,2025-04-18,China,German,Russian,free,25-34,F,Travel,2025-04
HT_013806,2025-11-08,USA,Chinese,Russian|Arabic|Dutch,free,25-34,Other,Exam,2025-11
HT_013807,2026-02-22,Australia,Russian,German,premium,18-24,Other,Hobby,2026-02
HT_013808,2025-05-09,UK,Spanish,Portuguese,free,18-24,F,Business,2025-05
HT_013809,2026-03-23,France,Russian,English|German|Spanish,free,35-44,Other,Business,2026-03
HT_013810,2025-07-17,Brazil,English,Arabic|Spanish|French,free,45+,M,Business,2025-07
HT_013811,2025-12-12,South Korea,Japanese,English|Korean,free,35-44,Other,Immigration,2025-12
HT_013812,2025-07-29,UK,Portuguese,Russian,premium,35-44,Other,Immigration,2025-07
HT_013813,2026-04-09,UK,Spanish,Dutch|Arabic,free,25-34,F,Business,2026-04
HT_013814,2026-01-20,Australia,Chinese,French|English|Russian,free,18-24,F,Immigration,2026-01
HT_013815,2025-10-03,Australia,Portuguese,Chinese|Italian|Dutch,free,18-24,F,Travel,2025-10
HT_013816,2025-08-04,Brazil,Chinese,German|Japanese|French,free,25-34,Other,Travel,2025-08
HT_013817,2025-05-16,South Korea,Arabic,Russian|Portuguese,premium,18-24,M,Immigration,2025-05
HT_013818,2025-08-10,Spain,Arabic,Russian|Chinese,premium,25-34,Other,Exam,2025-08
HT_013819,2026-01-23,Germany,French,Arabic|Japanese|German,premium,45+,M,Travel,2026-01
HT_013820,2026-04-11,Japan,Spanish,Portuguese|Arabic,free,25-34,F,Travel,2026-04
HT_013821,2026-01-08,Australia,Arabic,Russian,free,25-34,Other,Immigration,2026-01
HT_013822,2025-08-17,France,Chinese,French|Spanish|Korean,premium,18-24,Other,Immigration,2025-08
HT_013823,2026-01-04,UK,German,Spanish|Arabic|French,free,18-24,F,Immigration,2026-01
HT_013824,2025-07-19,Mexico,Arabic,Russian|Korean|Chinese,premium,18-24,Other,Business,2025-07
HT_013825,2025-06-19,South Korea,Japanese,Dutch|Chinese,free,25-34,M,Immigration,2025-06
HT_013826,2026-02-24,USA,Chinese,Arabic,premium,18-24,Other,Travel,2026-02
HT_013827,2025-11-11,Brazil,French,Dutch,free,25-34,F,Travel,2025-11
HT_013828,2025-05-30,Canada,Chinese,Italian|Portuguese,free,25-34,M,Travel,2025-05
HT_013829,2025-10-28,Germany,French,Spanish,free,18-24,M,Business,2025-10
HT_013830,2025-04-24,Spain,Korean,Arabic|Russian|Chinese,free,35-44,M,Travel,2025-04
HT_013831,2025-08-29,France,Japanese,English|Italian,free,25-34,Other,Immigration,2025-08
HT_013832,2026-04-06,Germany,German,Italian,free,35-44,Other,Business,2026-04
HT_013833,2025-04-15,USA,German,Italian,free,35-44,M,Business,2025-04
HT_013834,2025-04-25,China,Portuguese,Italian,free,25-34,F,Business,2025-04
HT_013835,2025-08-12,USA,English,Italian|Arabic|German,free,35-44,Other,Travel,2025-08
HT_013836,2026-02-08,Germany,German,Korean,free,18-24,M,Travel,2026-02
HT_013837,2025-12-14,France,Chinese,Spanish|Dutch,premium,25-34,F,Immigration,2025-12
HT_013838,2025-06-08,South Korea,Spanish,Arabic|Korean,free,25-34,F,Exam,2025-06
HT_013839,2026-04-01,South Korea,Arabic,Portuguese|German|Russian,free,45+,F,Hobby,2026-04
HT_013840,2025-09-24,USA,French,Portuguese|Russian|English,free,25-34,Other,Exam,2025-09
HT_013841,2025-10-04,South Korea,German,Chinese,free,25-34,Other,Hobby,2025-10
HT_013842,2025-06-18,Canada,Italian,Japanese|Chinese|English,free,35-44,M,Travel,2025-06
HT_013843,2025-05-24,Mexico,Japanese,German|Italian|Dutch,free,18-24,M,Travel,2025-05
HT_013844,2025-06-13,Canada,French,Portuguese|Russian,free,18-24,F,Exam,2025-06
HT_013845,2025-04-30,Brazil,Spanish,German|Dutch|French,free,18-24,M,Travel,2025-04
HT_013846,2025-06-12,USA,Russian,Japanese|Dutch,free,35-44,M,Exam,2025-06
HT_013847,2025-12-26,Germany,Russian,French,free,18-24,F,Travel,2025-12
HT_013848,2025-11-17,Germany,Portuguese,Chinese|German,free,18-24,F,Travel,2025-11
HT_013849,2025-10-16,USA,Chinese,Dutch|Portuguese|Spanish,free,18-24,M,Travel,2025-10
HT_013850,2026-03-17,Brazil,Spanish,German,free,18-24,M,Immigration,2026-03
HT_013851,2025-12-06,Germany,Arabic,Portuguese,free,25-34,Other,Travel,2025-12
HT_013852,2025-12-01,South Korea,Spanish,Arabic|Dutch,free,25-34,M,Immigration,2025-12
HT_013853,2025-09-23,Brazil,Spanish,Japanese|Chinese|Arabic,free,35-44,F,Business,2025-09
HT_013854,2025-11-01,France,Spanish,English|Portuguese|Italian,free,18-24,F,Travel,2025-11
HT_013855,2026-01-23,Japan,Portuguese,German|French,free,25-34,M,Business,2026-01
HT_013856,2025-05-31,UK,Portuguese,Dutch,free,18-24,F,Business,2025-05
HT_013857,2026-01-23,Japan,Portuguese,Korean|German,premium,25-34,Other,Business,2026-01
HT_013858,2025-11-11,Australia,Korean,Italian,free,25-34,M,Exam,2025-11
HT_013859,2025-11-09,Australia,Spanish,Japanese|Portuguese,free,18-24,Other,Business,2025-11
HT_013860,2025-11-24,Mexico,Arabic,Dutch|German|Chinese,free,35-44,Other,Immigration,2025-11
HT_013861,2025-11-04,Germany,Portuguese,Chinese|Japanese|Dutch,free,18-24,F,Travel,2025-11
HT_013862,2026-01-03,Japan,Chinese,English|Dutch,free,25-34,M,Exam,2026-01
HT_013863,2025-06-04,France,Italian,Russian|Chinese|Spanish,free,25-34,Other,Exam,2025-06
HT_013864,2025-07-31,UK,Korean,French|English|Italian,free,25-34,M,Exam,2025-07
HT_013865,2025-12-22,USA,Dutch,Russian|French,free,18-24,M,Exam,2025-12
HT_013866,2025-07-23,China,Japanese,Russian,free,18-24,Other,Immigration,2025-07
HT_013867,2025-04-27,South Korea,Russian,Spanish|Chinese,free,18-24,Other,Business,2025-04
HT_013868,2025-10-22,Japan,English,Dutch|Spanish,free,18-24,F,Hobby,2025-10
HT_013869,2025-08-05,China,English,French|Dutch|Arabic,free,25-34,Other,Business,2025-08
HT_013870,2025-08-03,France,English,Portuguese,free,25-34,M,Immigration,2025-08
HT_013871,2025-06-07,Canada,Dutch,English|Portuguese|Italian,free,45+,M,Business,2025-06
HT_013872,2026-01-15,Japan,English,Chinese|French|Korean,premium,18-24,Other,Travel,2026-01
HT_013873,2026-02-13,UK,Dutch,Italian|French,free,18-24,Other,Exam,2026-02
HT_013874,2025-11-29,Japan,Spanish,Portuguese|English|Arabic,free,18-24,M,Travel,2025-11
HT_013875,2025-08-06,South Korea,Italian,French|Korean,free,18-24,M,Immigration,2025-08
HT_013876,2026-02-06,France,Spanish,Italian,free,25-34,Other,Exam,2026-02
HT_013877,2026-02-16,Canada,English,Portuguese|French,free,25-34,M,Immigration,2026-02
HT_013878,2025-06-15,USA,Portuguese,Korean|Italian|Russian,free,18-24,F,Exam,2025-06
HT_013879,2025-11-29,Canada,Chinese,Japanese|German,free,25-34,F,Exam,2025-11
HT_013880,2025-08-14,Brazil,Portuguese,Korean,free,25-34,F,Exam,2025-08
HT_013881,2026-01-07,China,English,Portuguese|Korean,free,25-34,Other,Exam,2026-01
HT_013882,2025-06-25,Spain,Italian,Japanese,free,35-44,F,Immigration,2025-06
HT_013883,2025-07-12,Australia,Italian,Arabic|Spanish,free,35-44,Other,Immigration,2025-07
HT_013884,2025-04-24,Mexico,Dutch,Portuguese|Arabic,free,25-34,Other,Hobby,2025-04
HT_013885,2025-10-19,France,German,Spanish,free,18-24,Other,Business,2025-10
HT_013886,2025-10-02,Mexico,Korean,French|Portuguese,free,18-24,F,Exam,2025-10
HT_013887,2026-02-07,Australia,German,Japanese|Chinese|Dutch,premium,25-34,F,Business,2026-02
HT_013888,2025-05-07,Brazil,Russian,Dutch,free,25-34,M,Hobby,2025-05
HT_013889,2026-04-03,Japan,English,French|German,premium,18-24,Other,Business,2026-04
HT_013890,2026-02-16,Germany,Dutch,French|Arabic|German,free,25-34,F,Travel,2026-02
HT_013891,2025-08-17,Germany,German,English,free,35-44,M,Hobby,2025-08
HT_013892,2026-02-19,USA,Japanese,Spanish|Korean,free,35-44,F,Immigration,2026-02
HT_013893,2025-05-11,UK,Russian,Arabic|French,free,35-44,F,Immigration,2025-05
HT_013894,2025-10-06,Brazil,Chinese,Italian,free,18-24,F,Hobby,2025-10
HT_013895,2026-01-26,France,Portuguese,Spanish|Japanese,free,35-44,F,Business,2026-01
HT_013896,2026-03-20,France,Dutch,Spanish|Italian,premium,35-44,Other,Exam,2026-03
HT_013897,2025-06-20,Mexico,Dutch,Spanish|French,premium,25-34,Other,Business,2025-06
HT_013898,2025-12-29,China,English,Arabic|French,premium,25-34,M,Immigration,2025-12
HT_013899,2026-04-06,Germany,Russian,English,free,45+,M,Business,2026-04
HT_013900,2025-06-04,Mexico,Korean,Russian,free,25-34,M,Travel,2025-06
HT_013901,2025-04-14,Australia,French,Japanese|Spanish|Portuguese,free,25-34,M,Immigration,2025-04
HT_013902,2025-10-18,France,German,Arabic|Japanese,free,25-34,M,Travel,2025-10
HT_013903,2025-07-15,South Korea,French,Arabic|Spanish|Dutch,premium,25-34,M,Business,2025-07
HT_013904,2025-08-18,UK,English,Japanese|Korean,free,25-34,F,Exam,2025-08
HT_013905,2026-03-04,South Korea,Arabic,French|Dutch,free,25-34,Other,Travel,2026-03
HT_013906,2025-10-17,Japan,Portuguese,Korean|English,free,35-44,M,Travel,2025-10
HT_013907,2025-11-23,Australia,Italian,Dutch|French,premium,25-34,M,Travel,2025-11
HT_013908,2025-06-30,UK,Portuguese,Korean|French,free,18-24,M,Immigration,2025-06
HT_013909,2025-04-18,Australia,Dutch,English|Spanish|Arabic,free,25-34,Other,Exam,2025-04
HT_013910,2026-01-12,USA,Chinese,French|Korean,free,25-34,F,Travel,2026-01
HT_013911,2026-01-12,South Korea,Dutch,Russian|Portuguese,premium,18-24,Other,Immigration,2026-01
HT_013912,2025-08-30,Spain,Dutch,Spanish|Italian,free,18-24,M,Travel,2025-08
HT_013913,2025-12-14,Australia,Korean,Portuguese|English|Chinese,free,18-24,Other,Immigration,2025-12
HT_013914,2025-10-20,China,Korean,Arabic,free,18-24,M,Exam,2025-10
HT_013915,2025-04-27,Australia,French,English,free,45+,F,Hobby,2025-04
HT_013916,2025-09-23,Spain,Japanese,English|Dutch,free,35-44,F,Hobby,2025-09
HT_013917,2025-10-30,Canada,Portuguese,Russian|Italian|Arabic,free,25-34,F,Business,2025-10
HT_013918,2026-01-05,South Korea,Spanish,Korean|Dutch,free,25-34,F,Exam,2026-01
HT_013919,2025-09-06,Japan,German,English,free,35-44,F,Immigration,2025-09
HT_013920,2025-11-05,Brazil,Japanese,English,free,35-44,F,Exam,2025-11
HT_013921,2026-01-19,UK,Italian,Portuguese|English|Arabic,free,18-24,F,Business,2026-01
HT_013922,2025-05-10,Germany,German,Italian|Portuguese|Korean,free,25-34,Other,Exam,2025-05
HT_013923,2025-12-07,Brazil,Korean,Japanese|English,free,18-24,Other,Immigration,2025-12
HT_013924,2025-08-05,Canada,Arabic,Italian|Russian,free,25-34,Other,Immigration,2025-08
HT_013925,2025-12-28,South Korea,Korean,Japanese|Portuguese|Chinese,free,25-34,Other,Exam,2025-12
HT_013926,2025-12-12,Mexico,Portuguese,Dutch|Korean|Russian,free,18-24,F,Business,2025-12
HT_013927,2025-10-17,Spain,Chinese,French|Japanese,free,18-24,M,Hobby,2025-10
HT_013928,2025-10-10,USA,English,German|Arabic|Portuguese,free,25-34,F,Immigration,2025-10
HT_013929,2025-11-13,Germany,Russian,Dutch|Chinese|English,free,25-34,M,Immigration,2025-11
HT_013930,2026-04-12,China,Spanish,Portuguese|Dutch,free,45+,Other,Immigration,2026-04
HT_013931,2025-09-05,Japan,Italian,German|Portuguese,free,25-34,M,Business,2025-09
HT_013932,2025-09-21,Brazil,Spanish,Portuguese,free,25-34,Other,Travel,2025-09
HT_013933,2025-12-30,Spain,English,Dutch,free,25-34,F,Travel,2025-12
HT_013934,2025-04-15,Spain,Russian,Italian,premium,18-24,F,Business,2025-04
HT_013935,2025-11-24,Germany,Russian,Portuguese|Dutch|French,free,18-24,M,Travel,2025-11
HT_013936,2025-05-28,Australia,Dutch,Arabic|German,free,35-44,F,Exam,2025-05
HT_013937,2025-10-07,Germany,Arabic,English|Japanese,free,35-44,M,Business,2025-10
HT_013938,2025-08-31,UK,Arabic,French|Dutch|German,free,45+,Other,Exam,2025-08
HT_013939,2025-09-24,Spain,Portuguese,Japanese,free,18-24,F,Travel,2025-09
HT_013940,2025-07-09,China,Italian,English|German|Arabic,free,25-34,F,Hobby,2025-07
HT_013941,2025-05-04,Mexico,Dutch,Chinese|English|Korean,free,18-24,Other,Travel,2025-05
HT_013942,2026-03-17,Mexico,English,Portuguese,free,25-34,F,Exam,2026-03
HT_013943,2026-02-24,Spain,Chinese,German,free,45+,M,Business,2026-02
HT_013944,2025-07-01,Canada,Russian,Chinese,free,45+,Other,Business,2025-07
HT_013945,2025-05-11,France,Russian,Dutch,free,18-24,M,Travel,2025-05
HT_013946,2026-01-10,Spain,Spanish,German|Portuguese,free,18-24,M,Travel,2026-01
HT_013947,2025-07-30,Germany,Chinese,Korean,free,18-24,F,Business,2025-07
HT_013948,2025-10-07,China,Chinese,Korean,free,25-34,F,Travel,2025-10
HT_013949,2026-02-05,France,Dutch,Chinese,free,18-24,Other,Exam,2026-02
HT_013950,2025-06-21,Brazil,German,Arabic|Italian,free,25-34,M,Hobby,2025-06
HT_013951,2026-01-10,Mexico,French,German|Russian|English,free,25-34,F,Travel,2026-01
HT_013952,2026-04-09,Germany,Italian,German,free,25-34,F,Travel,2026-04
HT_013953,2025-10-16,Brazil,French,English,free,18-24,M,Travel,2025-10
HT_013954,2025-12-16,Brazil,English,Russian|Italian|German,free,18-24,F,Immigration,2025-12
HT_013955,2026-01-01,South Korea,Korean,Japanese|Chinese|Russian,premium,18-24,M,Hobby,2026-01
HT_013956,2025-04-18,Japan,German,Dutch,free,18-24,Other,Hobby,2025-04
HT_013957,2025-04-26,UK,Chinese,Dutch|Spanish,free,25-34,F,Hobby,2025-04
HT_013958,2025-08-22,USA,English,Arabic,free,35-44,F,Business,2025-08
HT_013959,2025-06-29,UK,German,Dutch,free,25-34,M,Immigration,2025-06
HT_013960,2025-10-29,Spain,Arabic,French|Korean|Italian,free,18-24,F,Immigration,2025-10
HT_013961,2025-05-29,USA,Portuguese,Spanish|Italian,premium,25-34,M,Immigration,2025-05
HT_013962,2025-06-02,Canada,English,Japanese|Arabic|Portuguese,free,25-34,M,Immigration,2025-06
HT_013963,2025-06-24,USA,Italian,Arabic,free,25-34,M,Travel,2025-06
HT_013964,2025-07-19,China,German,Russian|English,premium,45+,Other,Travel,2025-07
HT_013965,2025-05-03,UK,Korean,Chinese|Arabic,free,18-24,F,Immigration,2025-05
HT_013966,2026-02-02,Brazil,German,Chinese|Italian|French,premium,25-34,F,Travel,2026-02
HT_013967,2025-06-09,China,Spanish,French,free,25-34,F,Travel,2025-06
HT_013968,2025-07-05,Canada,French,Russian,free,25-34,F,Hobby,2025-07
HT_013969,2025-12-30,France,Dutch,Chinese,free,25-34,F,Travel,2025-12
HT_013970,2026-01-07,Germany,Korean,Spanish,free,18-24,F,Exam,2026-01
HT_013971,2025-12-28,China,Portuguese,Arabic|French|Spanish,premium,35-44,F,Exam,2025-12
HT_013972,2025-12-26,Australia,English,Chinese|Japanese|Italian,free,45+,F,Exam,2025-12
HT_013973,2026-04-05,South Korea,Korean,Portuguese,free,18-24,Other,Exam,2026-04
HT_013974,2025-12-19,China,Arabic,Japanese|Korean|English,free,18-24,M,Business,2025-12
HT_013975,2025-06-05,UK,German,Russian,premium,25-34,Other,Hobby,2025-06
HT_013976,2025-09-21,Germany,Portuguese,Arabic,premium,35-44,F,Travel,2025-09
HT_013977,2025-09-03,South Korea,Portuguese,French,free,35-44,Other,Business,2025-09
HT_013978,2026-04-09,France,Chinese,French|Arabic|Korean,free,25-34,M,Travel,2026-04
HT_013979,2026-02-22,France,Italian,German|Dutch,free,45+,M,Business,2026-02
HT_013980,2025-05-08,Spain,Chinese,English|Arabic,premium,25-34,M,Exam,2025-05
HT_013981,2025-11-26,Spain,German,Arabic,free,25-34,F,Business,2025-11
HT_013982,2026-03-25,Mexico,English,Italian|Arabic|Spanish,free,35-44,F,Immigration,2026-03
HT_013983,2025-09-07,China,German,Portuguese|French|Russian,premium,35-44,F,Immigration,2025-09
HT_013984,2025-10-10,Canada,English,Portuguese|Italian|Russian,free,18-24,M,Exam,2025-10
HT_013985,2025-08-06,Japan,Italian,Portuguese,free,25-34,Other,Hobby,2025-08
HT_013986,2025-07-06,France,Chinese,Arabic,free,18-24,M,Hobby,2025-07
HT_013987,2026-01-25,Brazil,Japanese,Dutch,premium,18-24,M,Travel,2026-01
HT_013988,2026-02-08,USA,Dutch,Italian|German|English,free,25-34,F,Exam,2026-02
HT_013989,2025-07-21,Mexico,English,Chinese,free,18-24,F,Business,2025-07
HT_013990,2025-09-04,China,Japanese,Chinese|Spanish,free,18-24,Other,Immigration,2025-09
HT_013991,2025-12-04,Australia,Korean,Portuguese,free,25-34,M,Business,2025-12
HT_013992,2025-10-09,France,Russian,Chinese|Portuguese|French,free,25-34,M,Travel,2025-10
HT_013993,2025-10-04,Mexico,Italian,English|Russian|Dutch,free,18-24,M,Travel,2025-10
HT_013994,2025-09-01,Brazil,English,Spanish,free,25-34,M,Exam,2025-09
HT_013995,2025-07-30,Canada,German,Korean|Arabic|Spanish,free,18-24,F,Hobby,2025-07
HT_013996,2025-11-30,USA,Italian,Korean|English,premium,25-34,M,Business,2025-11
HT_013997,2026-03-24,China,Russian,Spanish|Dutch|English,free,18-24,M,Business,2026-03
HT_013998,2025-11-04,Germany,Chinese,Russian|Japanese,free,25-34,Other,Business,2025-11
HT_013999,2026-01-09,Canada,Dutch,Russian|Portuguese,free,25-34,M,Business,2026-01
HT_014000,2025-08-08,Mexico,Portuguese,Japanese|French,free,18-24,F,Travel,2025-08
HT_014001,2025-12-28,Mexico,German,Arabic|Spanish|Portuguese,free,25-34,Other,Hobby,2025-12
HT_014002,2025-09-03,Spain,Italian,German|Arabic,free,25-34,F,Travel,2025-09
HT_014003,2025-05-19,South Korea,French,Chinese|Portuguese|Spanish,free,18-24,M,Hobby,2025-05
HT_014004,2025-09-22,Spain,Korean,French,free,35-44,Other,Exam,2025-09
HT_014005,2025-04-27,South Korea,Chinese,Korean|French|German,free,25-34,M,Business,2025-04
HT_014006,2025-10-17,France,Russian,English,free,45+,M,Business,2025-10
HT_014007,2025-10-29,UK,English,Arabic|Korean|Japanese,free,25-34,Other,Travel,2025-10
HT_014008,2025-06-04,Canada,Portuguese,Japanese|Chinese|Korean,free,18-24,Other,Hobby,2025-06
HT_014009,2025-12-21,USA,French,Dutch|Spanish|Arabic,free,18-24,F,Travel,2025-12
HT_014010,2025-05-21,USA,Portuguese,Italian,free,35-44,Other,Travel,2025-05
HT_014011,2025-10-28,France,Korean,English|Spanish,free,18-24,Other,Immigration,2025-10
HT_014012,2025-07-18,China,Russian,French,free,25-34,M,Travel,2025-07
HT_014013,2025-06-09,Canada,Portuguese,English,free,35-44,F,Travel,2025-06
HT_014014,2025-08-15,Spain,Chinese,Korean|English,premium,25-34,Other,Travel,2025-08
HT_014015,2025-07-10,Canada,German,French|Russian|Italian,free,18-24,M,Exam,2025-07
HT_014016,2026-01-10,France,Spanish,Dutch,free,25-34,Other,Hobby,2026-01
HT_014017,2025-11-27,Brazil,Dutch,Russian|Chinese|Portuguese,free,18-24,F,Exam,2025-11
HT_014018,2026-03-06,Brazil,Dutch,English|Korean|Arabic,free,18-24,Other,Travel,2026-03
HT_014019,2025-09-12,Japan,Korean,Japanese|Dutch,free,25-34,Other,Immigration,2025-09
HT_014020,2026-02-23,Canada,Portuguese,Chinese|Italian|English,free,25-34,Other,Travel,2026-02
HT_014021,2026-04-06,Germany,Chinese,Russian|Italian|Portuguese,free,25-34,Other,Immigration,2026-04
HT_014022,2025-04-28,Japan,Portuguese,Spanish|Japanese|Chinese,free,25-34,M,Travel,2025-04
HT_014023,2025-05-24,Germany,Korean,Russian,free,18-24,M,Business,2025-05
HT_014024,2025-06-28,UK,Russian,Chinese,free,18-24,Other,Travel,2025-06
HT_014025,2025-04-22,Australia,French,German,free,18-24,M,Hobby,2025-04
HT_014026,2025-10-05,Japan,Dutch,Korean|Spanish|German,free,18-24,F,Immigration,2025-10
HT_014027,2026-01-18,USA,Russian,French,free,35-44,F,Hobby,2026-01
HT_014028,2026-02-09,Spain,German,Arabic,free,25-34,Other,Immigration,2026-02
HT_014029,2025-11-01,Mexico,German,Arabic|Portuguese,free,45+,M,Business,2025-11
HT_014030,2025-07-05,USA,Italian,Russian|German,free,25-34,Other,Immigration,2025-07
HT_014031,2025-07-02,France,English,Japanese|Chinese,free,25-34,Other,Travel,2025-07
HT_014032,2025-06-01,France,French,Japanese|Portuguese|Italian,free,25-34,Other,Business,2025-06
HT_014033,2026-03-22,UK,Chinese,English,premium,18-24,Other,Business,2026-03
HT_014034,2026-01-01,France,Italian,Arabic,free,25-34,M,Exam,2026-01
HT_014035,2025-11-01,Canada,Portuguese,Italian|French|German,free,25-34,Other,Hobby,2025-11
HT_014036,2026-03-27,Germany,Dutch,Arabic|Chinese,premium,18-24,Other,Business,2026-03
HT_014037,2025-05-27,Germany,French,Russian|Dutch|Japanese,free,18-24,F,Travel,2025-05
HT_014038,2025-09-30,Japan,French,German|Chinese|Spanish,premium,25-34,Other,Exam,2025-09
HT_014039,2025-06-24,USA,Korean,Japanese,free,18-24,F,Travel,2025-06
HT_014040,2025-12-03,Canada,French,Italian|Chinese|Japanese,free,18-24,F,Hobby,2025-12
HT_014041,2026-01-06,France,German,Japanese|Spanish|French,premium,35-44,F,Business,2026-01
HT_014042,2025-09-18,South Korea,Dutch,English,free,35-44,M,Travel,2025-09
HT_014043,2025-06-29,USA,Russian,Arabic|Italian|Dutch,free,18-24,M,Exam,2025-06
HT_014044,2025-10-08,UK,Spanish,Dutch|Russian|Japanese,free,45+,Other,Exam,2025-10
HT_014045,2025-10-24,Canada,Portuguese,Chinese|Spanish|German,premium,35-44,M,Immigration,2025-10
HT_014046,2026-04-04,Canada,French,Russian|Italian|Arabic,free,18-24,M,Immigration,2026-04
HT_014047,2025-12-03,UK,Arabic,Dutch|German|English,free,35-44,F,Hobby,2025-12
HT_014048,2025-11-18,Germany,Chinese,Dutch|French,free,18-24,Other,Travel,2025-11
HT_014049,2026-01-07,Germany,Dutch,Chinese|English,free,45+,Other,Business,2026-01
HT_014050,2025-11-12,China,Russian,English|Dutch,free,18-24,Other,Exam,2025-11
HT_014051,2026-01-12,China,German,Portuguese|Russian,free,35-44,M,Business,2026-01
HT_014052,2026-01-10,UK,Korean,Dutch|Chinese,free,25-34,M,Business,2026-01
HT_014053,2025-09-07,Mexico,French,Korean,free,25-34,Other,Business,2025-09
HT_014054,2025-08-21,Mexico,German,Russian|Korean|French,free,25-34,M,Hobby,2025-08
HT_014055,2025-06-07,Brazil,Spanish,Korean|Arabic,free,35-44,Other,Exam,2025-06
HT_014056,2025-09-01,Japan,Spanish,Russian,free,25-34,Other,Exam,2025-09
HT_014057,2025-11-13,USA,Italian,Chinese|Korean,free,18-24,M,Hobby,2025-11
HT_014058,2025-08-19,Canada,French,Portuguese|German|Dutch,free,18-24,F,Exam,2025-08
HT_014059,2026-02-22,Canada,Spanish,French,free,18-24,F,Immigration,2026-02
HT_014060,2025-07-20,Mexico,Dutch,Chinese|Arabic|Portuguese,free,25-34,M,Business,2025-07
HT_014061,2025-12-05,Mexico,Korean,English,free,18-24,Other,Travel,2025-12
HT_014062,2025-06-18,Australia,German,Japanese|Arabic|Chinese,free,25-34,F,Business,2025-06
HT_014063,2026-01-06,France,Portuguese,Russian,free,25-34,F,Travel,2026-01
HT_014064,2025-04-26,Brazil,Portuguese,English|Korean,free,25-34,F,Travel,2025-04
HT_014065,2025-12-09,Germany,Korean,Spanish|English|Italian,free,25-34,Other,Exam,2025-12
HT_014066,2025-06-06,Spain,Arabic,Korean|German,free,18-24,F,Hobby,2025-06
HT_014067,2025-06-13,Brazil,Chinese,Portuguese,free,25-34,M,Travel,2025-06
HT_014068,2026-01-19,France,Spanish,German|French,free,18-24,F,Business,2026-01
HT_014069,2026-03-24,Japan,Dutch,Russian|Spanish|Portuguese,free,25-34,Other,Exam,2026-03
HT_014070,2026-03-19,Spain,English,Japanese|Russian|Chinese,free,25-34,M,Hobby,2026-03
HT_014071,2026-02-15,Mexico,Japanese,German,free,18-24,F,Business,2026-02
HT_014072,2026-02-05,Spain,Spanish,Korean,free,35-44,F,Business,2026-02
HT_014073,2025-10-18,Japan,French,German|Arabic|Portuguese,free,35-44,M,Business,2025-10
HT_014074,2025-11-21,China,Japanese,Korean|Dutch,premium,25-34,Other,Hobby,2025-11
HT_014075,2025-04-18,USA,Arabic,Japanese|Italian,free,18-24,F,Exam,2025-04
HT_014076,2025-05-15,Canada,Spanish,Italian,free,25-34,Other,Immigration,2025-05
HT_014077,2026-02-10,Brazil,English,Korean|Russian,free,18-24,F,Exam,2026-02
HT_014078,2025-10-15,China,German,French|Korean,premium,25-34,F,Hobby,2025-10
HT_014079,2026-03-28,Mexico,English,Russian,free,45+,M,Business,2026-03
HT_014080,2025-08-17,Japan,Dutch,Chinese,free,25-34,Other,Immigration,2025-08
HT_014081,2026-02-15,Canada,Portuguese,Arabic|Chinese,free,25-34,F,Travel,2026-02
HT_014082,2025-10-29,South Korea,German,Japanese|Russian|Chinese,free,18-24,M,Exam,2025-10
HT_014083,2025-09-21,Brazil,Korean,Italian|Spanish|German,free,18-24,F,Exam,2025-09
HT_014084,2025-06-19,UK,Chinese,Russian|English|Spanish,free,25-34,M,Hobby,2025-06
HT_014085,2025-08-03,Spain,Chinese,Russian|Italian|English,free,25-34,F,Immigration,2025-08
HT_014086,2025-10-20,Spain,Italian,German|Korean|Japanese,free,18-24,M,Travel,2025-10
HT_014087,2025-08-13,Spain,Dutch,Italian|German|French,free,25-34,Other,Immigration,2025-08
HT_014088,2026-01-20,Canada,German,Arabic|Japanese,free,18-24,M,Business,2026-01
HT_014089,2026-02-25,Spain,Arabic,Portuguese,free,18-24,Other,Immigration,2026-02
HT_014090,2025-05-16,Brazil,Chinese,Arabic,free,35-44,Other,Business,2025-05
HT_014091,2025-11-18,South Korea,French,Spanish|English,free,25-34,Other,Hobby,2025-11
HT_014092,2026-01-11,Spain,Portuguese,Chinese,free,25-34,M,Exam,2026-01
HT_014093,2025-06-13,Spain,French,Arabic|Chinese|Italian,free,25-34,Other,Exam,2025-06
HT_014094,2025-08-14,Japan,English,Italian|Russian|German,free,25-34,M,Travel,2025-08
HT_014095,2025-08-28,UK,Dutch,Japanese|French,premium,18-24,M,Exam,2025-08
HT_014096,2025-08-20,Mexico,Russian,Italian,free,35-44,M,Exam,2025-08
HT_014097,2026-02-13,Japan,Chinese,Portuguese|French,free,35-44,Other,Immigration,2026-02
HT_014098,2025-07-08,UK,Portuguese,French|Italian|Korean,free,25-34,Other,Exam,2025-07
HT_014099,2025-12-19,South Korea,Spanish,Arabic|Italian|Dutch,free,18-24,F,Business,2025-12
HT_014100,2025-04-12,France,Arabic,English|Dutch|Spanish,free,35-44,Other,Business,2025-04
HT_014101,2025-11-12,USA,Arabic,Italian,free,18-24,Other,Exam,2025-11
HT_014102,2025-10-11,USA,German,Arabic,free,35-44,M,Immigration,2025-10
HT_014103,2025-05-30,Australia,Russian,Korean|French,free,18-24,M,Exam,2025-05
HT_014104,2026-03-01,Canada,German,Russian|Korean,free,35-44,F,Business,2026-03
HT_014105,2025-08-13,USA,Portuguese,German|Italian|Chinese,free,18-24,M,Immigration,2025-08
HT_014106,2025-05-23,Brazil,Japanese,Spanish|English|German,free,25-34,Other,Exam,2025-05
HT_014107,2025-05-11,China,Arabic,Korean|Italian|English,free,25-34,F,Immigration,2025-05
HT_014108,2026-03-30,Germany,English,Portuguese|Dutch,premium,45+,F,Immigration,2026-03
HT_014109,2025-09-11,China,Korean,Portuguese|Spanish|Japanese,free,25-34,Other,Exam,2025-09
HT_014110,2025-06-05,Japan,Spanish,Korean|German|Japanese,free,18-24,M,Exam,2025-06
HT_014111,2025-11-12,Mexico,Japanese,Dutch,free,18-24,M,Hobby,2025-11
HT_014112,2025-05-23,Spain,Italian,French,free,25-34,Other,Exam,2025-05
HT_014113,2025-06-05,Brazil,Italian,Portuguese,free,25-34,M,Business,2025-06
HT_014114,2026-02-14,Brazil,English,Korean|Japanese,free,25-34,Other,Immigration,2026-02
HT_014115,2026-04-04,Japan,Italian,Russian|Arabic|Portuguese,free,45+,Other,Travel,2026-04
HT_014116,2025-06-19,South Korea,French,Dutch,free,25-34,Other,Exam,2025-06
HT_014117,2026-01-09,Mexico,Chinese,Korean|Portuguese,free,45+,Other,Exam,2026-01
HT_014118,2025-08-30,Canada,French,Portuguese,free,45+,M,Exam,2025-08
HT_014119,2025-08-10,Canada,Russian,Portuguese,free,18-24,Other,Hobby,2025-08
HT_014120,2026-03-17,Japan,Portuguese,Arabic|Korean|Spanish,free,35-44,Other,Exam,2026-03
HT_014121,2025-10-14,Canada,Spanish,Dutch|Russian,free,18-24,Other,Hobby,2025-10
HT_014122,2025-12-11,UK,Dutch,Chinese|Japanese,free,25-34,F,Hobby,2025-12
HT_014123,2025-12-21,France,Dutch,French,free,18-24,F,Travel,2025-12
HT_014124,2025-09-30,UK,Russian,Italian,free,25-34,M,Immigration,2025-09
HT_014125,2025-12-03,France,Chinese,Russian|Italian|French,free,35-44,M,Hobby,2025-12
HT_014126,2025-07-28,Brazil,Italian,Korean|Dutch|German,free,25-34,Other,Exam,2025-07
HT_014127,2025-12-22,USA,Spanish,Dutch|French,free,25-34,Other,Immigration,2025-12
HT_014128,2026-02-10,Spain,German,Arabic,free,25-34,Other,Exam,2026-02
HT_014129,2025-09-26,Brazil,Korean,Portuguese|Dutch,free,18-24,Other,Hobby,2025-09
HT_014130,2025-04-14,Brazil,French,German,free,45+,F,Travel,2025-04
HT_014131,2025-11-20,Brazil,Japanese,Spanish|Arabic,free,25-34,F,Immigration,2025-11
HT_014132,2025-11-01,Spain,Spanish,English|French|Portuguese,free,18-24,Other,Hobby,2025-11
HT_014133,2025-11-07,Germany,Russian,Arabic,free,25-34,Other,Exam,2025-11
HT_014134,2025-04-19,Australia,English,Dutch,free,25-34,Other,Immigration,2025-04
HT_014135,2025-06-26,USA,Arabic,English|French|Russian,free,25-34,F,Hobby,2025-06
HT_014136,2025-08-19,China,Russian,Italian|Spanish,free,18-24,M,Business,2025-08
HT_014137,2025-08-26,China,Italian,Chinese|Spanish|Portuguese,free,25-34,M,Travel,2025-08
HT_014138,2026-02-02,Germany,Dutch,Korean,free,25-34,Other,Business,2026-02
HT_014139,2026-02-20,USA,Chinese,Arabic|Portuguese,free,25-34,F,Immigration,2026-02
HT_014140,2025-08-18,Germany,English,Italian|Spanish,free,18-24,F,Travel,2025-08
HT_014141,2026-02-05,Japan,Arabic,Dutch|Portuguese|German,premium,18-24,Other,Exam,2026-02
HT_014142,2025-09-14,Australia,Chinese,Korean,premium,18-24,M,Exam,2025-09
HT_014143,2025-05-17,France,French,Italian|German|Portuguese,free,25-34,F,Hobby,2025-05
HT_014144,2026-03-08,South Korea,Dutch,English|Korean|Italian,free,25-34,Other,Hobby,2026-03
HT_014145,2025-07-07,Spain,Russian,German|Spanish|English,free,18-24,M,Business,2025-07
HT_014146,2025-10-27,Spain,Italian,Chinese|French|Russian,premium,25-34,Other,Immigration,2025-10
HT_014147,2025-11-09,Brazil,Japanese,Chinese,free,45+,F,Exam,2025-11
HT_014148,2025-12-01,USA,French,Russian,free,25-34,M,Hobby,2025-12
HT_014149,2026-04-02,South Korea,Arabic,Japanese|German|French,free,25-34,M,Immigration,2026-04
HT_014150,2025-05-16,France,Italian,French|Japanese,free,18-24,Other,Travel,2025-05
HT_014151,2025-06-25,Germany,Arabic,German|Japanese,premium,18-24,Other,Hobby,2025-06
HT_014152,2026-01-05,Japan,Korean,Chinese|Italian|German,free,18-24,F,Immigration,2026-01
HT_014153,2026-02-22,UK,German,English|Arabic|Portuguese,premium,25-34,F,Travel,2026-02
HT_014154,2025-10-12,Mexico,Italian,Korean,free,35-44,Other,Travel,2025-10
HT_014155,2025-11-23,Brazil,French,Portuguese,free,25-34,M,Exam,2025-11
HT_014156,2025-06-12,Canada,Chinese,German|French|Portuguese,free,18-24,M,Travel,2025-06
HT_014157,2025-07-06,Canada,Spanish,Russian|Italian,free,25-34,F,Travel,2025-07
HT_014158,2025-11-30,UK,Arabic,German,free,18-24,Other,Travel,2025-11
HT_014159,2025-06-05,Canada,Korean,Arabic|German,free,25-34,F,Business,2025-06
HT_014160,2025-09-06,Spain,English,Chinese|German,free,18-24,Other,Business,2025-09
HT_014161,2026-02-22,Germany,Chinese,English|Russian,premium,25-34,M,Travel,2026-02
HT_014162,2025-05-19,South Korea,German,French,free,25-34,F,Travel,2025-05
HT_014163,2025-12-16,France,Russian,Chinese|Japanese,free,18-24,F,Business,2025-12
HT_014164,2025-10-21,Canada,English,German|Korean|Spanish,free,25-34,M,Business,2025-10
HT_014165,2026-01-22,Canada,Chinese,Arabic|Korean,free,18-24,Other,Hobby,2026-01
HT_014166,2025-07-23,Spain,English,Italian,free,18-24,Other,Exam,2025-07
HT_014167,2025-12-18,USA,Korean,Portuguese|Arabic|English,premium,45+,Other,Immigration,2025-12
HT_014168,2025-12-09,Canada,Russian,German,free,25-34,M,Travel,2025-12
HT_014169,2025-05-12,Australia,French,Russian|English|Dutch,free,18-24,Other,Exam,2025-05
HT_014170,2025-09-29,Brazil,Portuguese,French|Japanese,free,35-44,F,Exam,2025-09
HT_014171,2025-10-26,UK,Italian,French|Korean|Japanese,free,25-34,Other,Exam,2025-10
HT_014172,2026-01-12,USA,Chinese,Italian|Dutch|English,free,25-34,F,Business,2026-01
HT_014173,2026-02-02,UK,French,Dutch|Russian,free,18-24,F,Hobby,2026-02
HT_014174,2025-11-20,USA,Korean,Portuguese|Japanese|Spanish,free,25-34,F,Exam,2025-11
HT_014175,2025-06-17,Spain,Japanese,Russian|English|Italian,free,18-24,F,Immigration,2025-06
HT_014176,2025-11-09,South Korea,German,Arabic,premium,35-44,Other,Travel,2025-11
HT_014177,2026-03-30,USA,French,Dutch|Japanese|Arabic,premium,35-44,Other,Hobby,2026-03
HT_014178,2025-08-14,Canada,English,Italian|Chinese|French,premium,18-24,M,Travel,2025-08
HT_014179,2025-08-08,Canada,English,Chinese|Portuguese,premium,25-34,Other,Hobby,2025-08
HT_014180,2025-10-10,South Korea,Russian,Dutch,free,18-24,M,Hobby,2025-10
HT_014181,2025-08-24,Canada,Portuguese,French|Korean|Spanish,free,25-34,Other,Immigration,2025-08
HT_014182,2026-03-27,China,German,Korean|French|Russian,free,35-44,Other,Immigration,2026-03
HT_014183,2026-01-20,Spain,Dutch,Italian|Japanese,free,25-34,F,Travel,2026-01
HT_014184,2026-02-08,USA,Portuguese,Arabic,free,18-24,Other,Travel,2026-02
HT_014185,2025-07-29,China,Japanese,Italian|Arabic,free,25-34,F,Exam,2025-07
HT_014186,2025-07-15,France,French,Russian|Chinese|Portuguese,free,18-24,Other,Hobby,2025-07
HT_014187,2025-06-29,France,Portuguese,Dutch,free,25-34,F,Hobby,2025-06
HT_014188,2025-08-04,Canada,Chinese,Russian|German|Korean,free,25-34,F,Exam,2025-08
HT_014189,2025-04-16,UK,Japanese,Chinese|Russian|Spanish,free,18-24,Other,Exam,2025-04
HT_014190,2026-03-04,USA,Spanish,Japanese,free,18-24,F,Business,2026-03
HT_014191,2025-11-08,Brazil,Spanish,Portuguese|Dutch|Chinese,free,18-24,M,Hobby,2025-11
HT_014192,2025-12-13,South Korea,Arabic,Italian|Portuguese,free,18-24,Other,Immigration,2025-12
HT_014193,2025-10-04,Australia,Portuguese,Russian,free,25-34,M,Travel,2025-10
HT_014194,2026-01-07,USA,Spanish,English,premium,18-24,F,Travel,2026-01
HT_014195,2025-10-27,China,English,Korean|Portuguese|Italian,free,35-44,M,Hobby,2025-10
HT_014196,2026-03-20,Japan,Spanish,Korean,free,18-24,Other,Immigration,2026-03
HT_014197,2025-08-01,Mexico,Korean,Arabic|Russian|Portuguese,free,25-34,M,Immigration,2025-08
HT_014198,2025-07-17,USA,English,French,free,45+,F,Hobby,2025-07
HT_014199,2026-02-08,USA,Portuguese,Dutch|French,free,25-34,Other,Hobby,2026-02
HT_014200,2025-08-25,China,Arabic,Japanese|Korean|Portuguese,free,25-34,M,Business,2025-08
HT_014201,2026-02-17,Germany,French,Korean|Spanish,free,45+,Other,Immigration,2026-02
HT_014202,2025-06-12,Canada,Korean,English|Japanese|Spanish,free,25-34,Other,Travel,2025-06
HT_014203,2026-03-30,Spain,English,Arabic|Italian|Japanese,free,25-34,M,Hobby,2026-03
HT_014204,2025-09-12,Spain,Arabic,Portuguese,free,18-24,M,Hobby,2025-09
HT_014205,2026-03-09,Australia,French,Russian|Arabic|Korean,premium,45+,F,Immigration,2026-03
HT_014206,2025-08-21,Germany,Italian,French|Russian|Chinese,premium,35-44,M,Business,2025-08
HT_014207,2025-12-04,Mexico,English,Arabic|Korean,free,18-24,F,Exam,2025-12
HT_014208,2025-10-07,Canada,Korean,Spanish|French|Japanese,free,45+,M,Hobby,2025-10
HT_014209,2026-03-14,USA,Portuguese,French|English,free,25-34,F,Exam,2026-03
HT_014210,2026-03-10,Japan,Japanese,German,free,18-24,F,Travel,2026-03
HT_014211,2025-05-09,Brazil,Russian,Spanish,free,18-24,M,Travel,2025-05
HT_014212,2025-12-03,Japan,Portuguese,Italian|Russian|Arabic,premium,35-44,F,Hobby,2025-12
HT_014213,2025-09-25,France,Portuguese,English|Chinese|Spanish,free,18-24,F,Hobby,2025-09
HT_014214,2026-01-29,Canada,English,Arabic,free,25-34,Other,Exam,2026-01
HT_014215,2026-04-04,Spain,German,Korean,free,25-34,F,Hobby,2026-04
HT_014216,2025-10-15,Mexico,French,Korean|German,free,35-44,Other,Travel,2025-10
HT_014217,2025-07-28,Spain,Dutch,Japanese,free,18-24,M,Immigration,2025-07
HT_014218,2026-03-12,Spain,Chinese,Russian|Portuguese,free,25-34,Other,Immigration,2026-03
HT_014219,2025-05-18,Germany,French,Italian,free,18-24,F,Hobby,2025-05
HT_014220,2025-09-09,China,Dutch,Italian|German|Japanese,free,35-44,Other,Hobby,2025-09
HT_014221,2025-09-29,South Korea,Portuguese,Italian|Dutch,free,35-44,Other,Travel,2025-09
HT_014222,2025-11-05,Canada,Dutch,Russian,free,18-24,Other,Immigration,2025-11
HT_014223,2025-11-21,Japan,Korean,Italian,free,25-34,Other,Hobby,2025-11
HT_014224,2025-12-18,China,Russian,French|Japanese,free,18-24,Other,Business,2025-12
HT_014225,2025-05-20,Japan,Portuguese,Japanese,free,45+,F,Travel,2025-05
HT_014226,2026-01-02,Germany,Chinese,Spanish|Russian|Dutch,premium,35-44,F,Business,2026-01
HT_014227,2025-07-13,Germany,Chinese,Italian|Dutch,free,25-34,F,Immigration,2025-07
HT_014228,2026-03-18,USA,Chinese,German|Russian,free,18-24,Other,Immigration,2026-03
HT_014229,2025-07-28,Australia,Korean,Italian|Spanish,free,25-34,F,Business,2025-07
HT_014230,2025-10-11,France,Chinese,German|Portuguese,free,18-24,M,Immigration,2025-10
HT_014231,2025-04-17,Mexico,English,Japanese,free,45+,F,Business,2025-04
HT_014232,2025-06-29,France,German,Portuguese|Dutch,free,25-34,Other,Travel,2025-06
HT_014233,2025-05-09,Germany,German,Japanese|Dutch|Korean,free,45+,Other,Immigration,2025-05
HT_014234,2025-10-15,UK,English,Korean|Japanese,free,25-34,F,Travel,2025-10
HT_014235,2026-03-24,Canada,Dutch,English|Korean,free,35-44,F,Hobby,2026-03
HT_014236,2025-06-17,Australia,Dutch,Portuguese|Chinese,free,35-44,Other,Business,2025-06
HT_014237,2025-05-21,Australia,Dutch,French,premium,18-24,F,Business,2025-05
HT_014238,2025-06-24,Australia,Chinese,French,free,25-34,F,Travel,2025-06
HT_014239,2026-03-19,Brazil,Portuguese,English|French,free,18-24,M,Travel,2026-03
HT_014240,2025-04-18,Brazil,Dutch,Chinese,free,25-34,M,Exam,2025-04
HT_014241,2025-12-15,Spain,Japanese,Chinese|Portuguese,free,45+,F,Business,2025-12
HT_014242,2026-02-21,Australia,Japanese,English|Arabic,free,18-24,M,Travel,2026-02
HT_014243,2025-11-27,Mexico,English,Korean,free,25-34,M,Travel,2025-11
HT_014244,2026-03-09,Brazil,French,Korean|Italian,free,35-44,M,Travel,2026-03
HT_014245,2025-04-20,Australia,Spanish,Chinese|Portuguese|German,premium,25-34,F,Hobby,2025-04
HT_014246,2025-05-22,Brazil,Italian,English|Japanese|Chinese,premium,45+,Other,Business,2025-05
HT_014247,2026-01-15,France,Japanese,Italian|French|Dutch,free,45+,M,Business,2026-01
HT_014248,2026-03-20,South Korea,Dutch,French,free,25-34,Other,Hobby,2026-03
HT_014249,2025-10-24,Mexico,Arabic,Russian,free,25-34,M,Hobby,2025-10
HT_014250,2026-02-07,Mexico,Korean,Portuguese,free,25-34,M,Immigration,2026-02
HT_014251,2025-08-10,France,Dutch,Japanese|French|English,premium,25-34,M,Travel,2025-08
HT_014252,2025-12-19,Australia,Italian,Chinese,free,18-24,F,Business,2025-12
HT_014253,2025-07-28,China,Arabic,German|Korean,free,18-24,M,Business,2025-07
HT_014254,2026-02-28,Brazil,German,Italian|Portuguese|Chinese,free,18-24,Other,Immigration,2026-02
HT_014255,2025-12-17,Canada,Arabic,French,free,25-34,F,Exam,2025-12
HT_014256,2025-05-28,Australia,French,Chinese,free,35-44,Other,Hobby,2025-05
HT_014257,2025-06-10,Canada,Russian,Chinese|Spanish|Korean,free,25-34,Other,Business,2025-06
HT_014258,2026-01-15,Spain,Spanish,Portuguese|German,premium,25-34,M,Exam,2026-01
HT_014259,2025-10-01,Canada,Korean,Portuguese|Japanese,free,25-34,F,Business,2025-10
HT_014260,2025-08-29,Spain,Chinese,Japanese|Dutch|English,free,18-24,M,Exam,2025-08
HT_014261,2025-09-26,UK,Japanese,Korean|Spanish|French,free,18-24,M,Business,2025-09
HT_014262,2025-11-06,France,Japanese,Portuguese|Italian,free,18-24,Other,Hobby,2025-11
HT_014263,2025-12-29,Australia,Portuguese,English,free,35-44,F,Immigration,2025-12
HT_014264,2025-09-28,Germany,Italian,Arabic|Russian,free,25-34,F,Business,2025-09
HT_014265,2025-09-06,USA,Russian,Japanese|Italian|French,premium,25-34,F,Exam,2025-09
HT_014266,2025-06-08,South Korea,Japanese,French|Korean,free,35-44,M,Business,2025-06
HT_014267,2025-10-06,Japan,Arabic,Korean,premium,25-34,F,Immigration,2025-10
HT_014268,2025-09-18,France,Arabic,Russian|English|Spanish,premium,25-34,Other,Exam,2025-09
HT_014269,2025-10-14,Canada,Korean,English|Italian|Russian,free,25-34,Other,Business,2025-10
HT_014270,2025-05-11,China,Spanish,Chinese|Portuguese,free,25-34,Other,Hobby,2025-05
HT_014271,2026-03-02,South Korea,Russian,German|Japanese|Chinese,free,18-24,M,Exam,2026-03
HT_014272,2025-04-23,Spain,Portuguese,English|Dutch,free,35-44,F,Travel,2025-04
HT_014273,2026-03-12,Spain,French,Korean|Dutch|English,free,25-34,F,Hobby,2026-03
HT_014274,2025-06-01,France,Chinese,Dutch,free,25-34,M,Travel,2025-06
HT_014275,2025-05-07,China,Korean,English|Japanese,free,25-34,F,Travel,2025-05
HT_014276,2025-06-10,Japan,Portuguese,Dutch,free,35-44,Other,Immigration,2025-06
HT_014277,2025-07-02,USA,Korean,Russian|Arabic|Italian,free,45+,Other,Travel,2025-07
HT_014278,2025-07-12,Canada,Chinese,Russian|Portuguese,free,18-24,F,Travel,2025-07
HT_014279,2026-03-17,Canada,Portuguese,Chinese,free,25-34,Other,Travel,2026-03
HT_014280,2025-10-09,France,Chinese,Arabic|French,free,18-24,M,Travel,2025-10
HT_014281,2026-02-27,South Korea,Japanese,Italian|Spanish|Russian,premium,35-44,F,Travel,2026-02
HT_014282,2026-01-09,Canada,Italian,Chinese|English,free,35-44,Other,Business,2026-01
HT_014283,2025-12-15,Australia,Russian,Italian|Spanish|German,premium,18-24,Other,Business,2025-12
HT_014284,2025-12-10,Canada,Russian,Japanese|Portuguese,free,18-24,F,Travel,2025-12
HT_014285,2025-06-04,China,Chinese,Arabic|English|Japanese,free,35-44,F,Travel,2025-06
HT_014286,2025-10-21,Australia,Portuguese,French|Japanese|Spanish,free,25-34,F,Travel,2025-10
HT_014287,2026-04-11,China,Portuguese,Japanese,free,25-34,F,Hobby,2026-04
HT_014288,2025-12-11,UK,Dutch,Korean|French|Japanese,free,25-34,F,Exam,2025-12
HT_014289,2025-08-04,South Korea,German,English|Chinese|Spanish,free,25-34,M,Exam,2025-08
HT_014290,2025-06-08,Canada,Portuguese,Chinese|Dutch|Japanese,free,25-34,M,Exam,2025-06
HT_014291,2025-09-09,UK,Italian,Russian|English,free,35-44,M,Business,2025-09
HT_014292,2025-12-22,Mexico,Arabic,Dutch|Portuguese,premium,45+,M,Travel,2025-12
HT_014293,2025-09-10,Mexico,Chinese,Arabic|English,free,25-34,Other,Hobby,2025-09
HT_014294,2025-09-01,France,Dutch,Portuguese,free,25-34,M,Business,2025-09
HT_014295,2026-02-07,Japan,Japanese,Arabic|Dutch|Korean,free,18-24,Other,Business,2026-02
HT_014296,2026-03-10,Germany,Arabic,French,free,45+,M,Hobby,2026-03
HT_014297,2025-06-25,Mexico,Italian,Dutch|French,free,25-34,F,Immigration,2025-06
HT_014298,2025-04-24,Spain,Japanese,Portuguese,free,25-34,Other,Business,2025-04
HT_014299,2025-05-02,UK,Dutch,Arabic|French,free,18-24,M,Business,2025-05
HT_014300,2025-04-26,Canada,Spanish,English|Korean,free,18-24,M,Business,2025-04
HT_014301,2025-11-16,UK,Japanese,Korean|German|French,free,25-34,M,Business,2025-11
HT_014302,2025-12-14,Spain,Italian,Korean|Arabic|Portuguese,free,25-34,F,Business,2025-12
HT_014303,2025-06-11,Canada,Arabic,Russian|Chinese|Dutch,free,35-44,M,Hobby,2025-06
HT_014304,2025-07-30,USA,Russian,French,free,18-24,Other,Travel,2025-07
HT_014305,2025-09-13,UK,Japanese,Spanish|French,premium,25-34,F,Immigration,2025-09
HT_014306,2025-06-20,Spain,Japanese,Dutch|English,free,35-44,F,Immigration,2025-06
HT_014307,2025-10-17,France,German,Arabic,premium,18-24,M,Immigration,2025-10
HT_014308,2025-08-21,Spain,French,Dutch,free,25-34,Other,Immigration,2025-08
HT_014309,2026-01-31,Japan,Japanese,English|Portuguese|Italian,premium,18-24,M,Business,2026-01
HT_014310,2025-05-09,Australia,English,Spanish,free,18-24,Other,Immigration,2025-05
HT_014311,2025-11-01,Mexico,Italian,Japanese|German|French,free,25-34,F,Hobby,2025-11
HT_014312,2025-11-19,Japan,Chinese,Russian|Spanish,free,18-24,F,Hobby,2025-11
HT_014313,2025-08-09,USA,Russian,Portuguese|English|Arabic,free,18-24,M,Exam,2025-08
HT_014314,2025-12-05,Mexico,Dutch,Chinese|Japanese,premium,35-44,Other,Business,2025-12
HT_014315,2025-07-18,Spain,Korean,English|Spanish,premium,18-24,Other,Travel,2025-07
HT_014316,2026-01-04,Australia,Portuguese,Spanish,free,25-34,Other,Immigration,2026-01
HT_014317,2025-09-28,Australia,Russian,Spanish,premium,35-44,M,Travel,2025-09
HT_014318,2025-04-14,Germany,Portuguese,English,free,18-24,M,Business,2025-04
HT_014319,2025-11-08,South Korea,Portuguese,Korean|Dutch|French,free,35-44,M,Business,2025-11
HT_014320,2025-12-13,Germany,Chinese,Portuguese|Italian,free,18-24,M,Travel,2025-12
HT_014321,2026-03-05,China,Arabic,Dutch|Chinese,free,25-34,F,Travel,2026-03
HT_014322,2025-05-01,Spain,German,Dutch|Arabic|Chinese,free,25-34,F,Exam,2025-05
HT_014323,2025-09-30,South Korea,Arabic,French|Spanish,premium,25-34,Other,Hobby,2025-09
HT_014324,2025-12-14,Brazil,Korean,French|Italian|Dutch,free,25-34,Other,Hobby,2025-12
HT_014325,2025-04-21,Canada,Dutch,Chinese|Italian|English,free,35-44,F,Travel,2025-04
HT_014326,2025-11-04,Canada,Dutch,Japanese|Arabic|French,free,25-34,Other,Exam,2025-11
HT_014327,2025-06-28,Japan,Japanese,Spanish|Russian,free,45+,Other,Travel,2025-06
HT_014328,2025-09-25,Australia,Italian,Portuguese|Dutch|Spanish,free,25-34,M,Business,2025-09
HT_014329,2026-04-11,South Korea,Korean,French,free,25-34,M,Travel,2026-04
HT_014330,2025-10-03,Brazil,Dutch,Chinese|Korean,free,25-34,Other,Travel,2025-10
HT_014331,2025-09-23,Germany,Dutch,Chinese|German|Portuguese,free,35-44,M,Business,2025-09
HT_014332,2025-08-01,Australia,Dutch,German|Chinese|Korean,premium,18-24,M,Immigration,2025-08
HT_014333,2025-09-29,France,Dutch,Spanish,free,18-24,F,Exam,2025-09
HT_014334,2025-11-26,Brazil,English,German,free,25-34,Other,Hobby,2025-11
HT_014335,2025-05-28,USA,English,French|Portuguese|Spanish,free,25-34,F,Hobby,2025-05
HT_014336,2025-09-24,UK,Arabic,German,free,45+,M,Exam,2025-09
HT_014337,2025-05-07,Mexico,Japanese,Portuguese|Spanish,free,25-34,Other,Exam,2025-05
HT_014338,2025-10-18,Australia,Spanish,Korean,free,25-34,F,Travel,2025-10
HT_014339,2025-10-03,France,French,English|Russian,premium,25-34,F,Hobby,2025-10
HT_014340,2025-07-21,Japan,French,Korean|Italian|Chinese,free,35-44,F,Exam,2025-07
HT_014341,2026-02-14,Spain,Japanese,Portuguese,premium,25-34,F,Business,2026-02
HT_014342,2025-07-20,China,Italian,Russian,free,25-34,M,Business,2025-07
HT_014343,2025-07-27,South Korea,Dutch,French|Chinese,free,35-44,Other,Hobby,2025-07
HT_014344,2025-11-17,Brazil,Japanese,French|German,free,18-24,F,Travel,2025-11
HT_014345,2025-06-17,France,Chinese,Arabic,free,45+,F,Exam,2025-06
HT_014346,2025-04-30,China,French,Spanish,free,35-44,F,Exam,2025-04
HT_014347,2025-05-05,France,Chinese,Spanish,free,25-34,M,Exam,2025-05
HT_014348,2026-03-30,France,German,Korean,free,25-34,M,Exam,2026-03
HT_014349,2025-11-06,UK,Dutch,German,free,25-34,Other,Immigration,2025-11
HT_014350,2025-09-16,South Korea,Dutch,French|Korean,free,35-44,Other,Exam,2025-09
HT_014351,2025-08-27,USA,English,Dutch|Arabic|Chinese,free,18-24,Other,Immigration,2025-08
HT_014352,2025-09-14,France,Dutch,Italian,premium,25-34,Other,Hobby,2025-09
HT_014353,2025-04-26,Japan,Japanese,Arabic|Portuguese|English,free,25-34,Other,Business,2025-04
HT_014354,2025-09-13,France,Japanese,Dutch|Arabic|Italian,free,25-34,F,Hobby,2025-09
HT_014355,2026-01-17,UK,Korean,Dutch|Portuguese,premium,25-34,Other,Immigration,2026-01
HT_014356,2026-01-29,South Korea,Dutch,French|Chinese,free,25-34,Other,Exam,2026-01
HT_014357,2026-01-04,China,French,German,free,25-34,Other,Travel,2026-01
HT_014358,2025-06-21,Germany,Chinese,French|German|English,free,25-34,Other,Business,2025-06
HT_014359,2025-04-26,Australia,Korean,Dutch|Italian|Arabic,premium,35-44,Other,Immigration,2025-04
HT_014360,2025-09-23,Australia,Dutch,Japanese,free,18-24,Other,Business,2025-09
HT_014361,2025-10-05,Canada,French,Italian,free,18-24,F,Hobby,2025-10
HT_014362,2025-08-22,USA,Japanese,German|Italian,free,35-44,F,Immigration,2025-08
HT_014363,2026-03-30,Australia,English,Dutch,free,25-34,F,Hobby,2026-03
HT_014364,2025-09-19,Germany,Spanish,German|Korean,free,18-24,F,Travel,2025-09
HT_014365,2025-09-09,Canada,Korean,German|Italian,free,18-24,Other,Immigration,2025-09
HT_014366,2025-09-29,USA,French,Korean|Dutch,free,18-24,Other,Travel,2025-09
HT_014367,2025-08-10,Mexico,Japanese,Dutch|German,free,18-24,Other,Business,2025-08
HT_014368,2026-03-06,Spain,Korean,French,free,18-24,F,Travel,2026-03
HT_014369,2025-12-15,Australia,Italian,Dutch|Spanish,free,18-24,F,Immigration,2025-12
HT_014370,2025-09-18,USA,Chinese,Arabic,free,25-34,Other,Hobby,2025-09
HT_014371,2025-10-08,Australia,Russian,Korean|Dutch,free,18-24,Other,Hobby,2025-10
HT_014372,2026-01-27,Spain,Spanish,Japanese|Arabic,free,18-24,M,Travel,2026-01
HT_014373,2025-06-14,France,German,Spanish|Portuguese,premium,25-34,Other,Hobby,2025-06
HT_014374,2025-10-25,France,Japanese,Russian|Portuguese,free,25-34,Other,Immigration,2025-10
HT_014375,2025-05-30,Brazil,Spanish,French|Italian|Russian,free,18-24,F,Business,2025-05
HT_014376,2025-05-23,Spain,Spanish,English|Italian|Chinese,free,45+,Other,Travel,2025-05
HT_014377,2025-07-09,Mexico,Arabic,German|French,free,25-34,M,Immigration,2025-07
HT_014378,2026-02-04,Germany,Spanish,English|Russian|Chinese,free,18-24,F,Exam,2026-02
HT_014379,2026-02-09,Germany,German,Korean,free,18-24,F,Exam,2026-02
HT_014380,2025-06-10,Mexico,Arabic,Spanish|Japanese|Portuguese,free,35-44,Other,Travel,2025-06
HT_014381,2025-10-06,UK,Korean,Italian|Portuguese,premium,18-24,M,Business,2025-10
HT_014382,2025-04-25,Brazil,Spanish,Italian,free,25-34,M,Travel,2025-04
HT_014383,2025-04-29,Australia,Russian,Portuguese|English,free,18-24,F,Travel,2025-04
HT_014384,2026-03-03,Germany,Arabic,German|English|Russian,free,35-44,M,Hobby,2026-03
HT_014385,2025-05-02,Canada,Portuguese,Chinese|Russian|English,premium,25-34,F,Business,2025-05
HT_014386,2025-10-07,Spain,Portuguese,Chinese|Russian,premium,18-24,Other,Hobby,2025-10
HT_014387,2025-09-28,France,English,Chinese|Dutch|Portuguese,free,25-34,F,Exam,2025-09
HT_014388,2025-07-29,South Korea,Portuguese,Japanese,free,18-24,Other,Hobby,2025-07
HT_014389,2025-05-22,Canada,English,Dutch|Chinese,free,18-24,M,Business,2025-05
HT_014390,2025-07-08,Brazil,Chinese,Portuguese,free,35-44,M,Business,2025-07
HT_014391,2026-04-04,UK,French,Arabic|Spanish,free,18-24,M,Business,2026-04
HT_014392,2026-01-21,South Korea,Italian,English|Spanish|Russian,premium,45+,F,Hobby,2026-01
HT_014393,2025-08-27,Mexico,Arabic,Japanese,free,25-34,F,Exam,2025-08
HT_014394,2025-09-04,USA,Chinese,Korean|French,free,25-34,F,Immigration,2025-09
HT_014395,2025-06-22,USA,Japanese,Russian|Portuguese,free,18-24,Other,Immigration,2025-06
HT_014396,2025-11-22,Brazil,French,Korean,free,18-24,Other,Business,2025-11
HT_014397,2025-06-11,Germany,French,Chinese,free,35-44,M,Business,2025-06
HT_014398,2025-09-09,USA,Russian,German|Japanese|French,premium,35-44,F,Business,2025-09
HT_014399,2025-08-15,China,German,Chinese,free,25-34,F,Immigration,2025-08
HT_014400,2025-09-24,South Korea,Italian,German|Dutch,free,25-34,Other,Business,2025-09
HT_014401,2025-05-06,Mexico,Italian,English|German|Japanese,free,25-34,F,Exam,2025-05
HT_014402,2026-01-06,Brazil,Spanish,German|French,free,35-44,F,Travel,2026-01
HT_014403,2025-05-16,Canada,Portuguese,Dutch|Italian|Japanese,free,45+,F,Travel,2025-05
HT_014404,2025-07-21,China,Spanish,Dutch|Portuguese,free,18-24,Other,Exam,2025-07
HT_014405,2025-10-05,Mexico,Spanish,Russian,free,18-24,M,Exam,2025-10
HT_014406,2026-01-31,Mexico,Russian,German,free,18-24,M,Immigration,2026-01
HT_014407,2025-08-04,USA,Russian,English,free,18-24,F,Hobby,2025-08
HT_014408,2025-11-26,China,Italian,Dutch,free,25-34,F,Exam,2025-11
HT_014409,2025-11-25,UK,Dutch,Arabic,free,45+,F,Hobby,2025-11
HT_014410,2025-12-22,Japan,Chinese,Japanese,premium,25-34,Other,Hobby,2025-12
HT_014411,2025-06-07,Japan,Dutch,French|English,free,18-24,M,Immigration,2025-06
HT_014412,2025-12-14,Mexico,Spanish,Japanese|Italian,free,18-24,M,Hobby,2025-12
HT_014413,2026-03-03,Germany,English,German|French|Japanese,free,25-34,Other,Hobby,2026-03
HT_014414,2025-08-29,Brazil,English,Spanish|Arabic,free,18-24,M,Travel,2025-08
HT_014415,2026-02-15,Japan,Dutch,Russian|Italian,free,18-24,M,Business,2026-02
HT_014416,2025-05-31,Canada,Spanish,Chinese|German,free,45+,F,Hobby,2025-05
HT_014417,2026-04-04,South Korea,Dutch,Italian|Korean,free,18-24,Other,Immigration,2026-04
HT_014418,2025-08-07,USA,Italian,Arabic|Dutch,free,25-34,F,Business,2025-08
HT_014419,2025-10-20,Brazil,Chinese,English|Dutch,free,18-24,Other,Immigration,2025-10
HT_014420,2025-08-08,Canada,Portuguese,Arabic|Russian,free,25-34,Other,Travel,2025-08
HT_014421,2025-08-03,Canada,Arabic,Japanese|German|Dutch,free,35-44,F,Exam,2025-08
HT_014422,2025-08-11,Japan,Portuguese,Arabic|Italian|German,free,45+,F,Travel,2025-08
HT_014423,2026-02-17,Australia,English,Korean,premium,18-24,Other,Travel,2026-02
HT_014424,2025-08-25,Brazil,French,English,free,45+,Other,Hobby,2025-08
HT_014425,2025-05-08,South Korea,Arabic,Japanese,free,35-44,M,Business,2025-05
HT_014426,2025-04-19,USA,Korean,Japanese|Arabic|Italian,free,25-34,Other,Immigration,2025-04
HT_014427,2025-08-03,China,English,Spanish|Chinese|Portuguese,free,18-24,M,Business,2025-08
HT_014428,2025-06-03,France,Russian,Arabic|German|Japanese,free,18-24,F,Hobby,2025-06
HT_014429,2025-06-24,South Korea,Arabic,Chinese|Japanese,free,18-24,Other,Exam,2025-06
HT_014430,2025-08-05,Spain,Russian,Italian,free,18-24,F,Immigration,2025-08
HT_014431,2025-11-29,Brazil,English,Dutch|French,free,18-24,F,Exam,2025-11
HT_014432,2026-01-06,South Korea,Dutch,Spanish|Italian,free,35-44,M,Immigration,2026-01
HT_014433,2025-09-30,Japan,Spanish,French,free,18-24,M,Immigration,2025-09
HT_014434,2026-01-28,France,Italian,Chinese|Russian|English,free,25-34,Other,Immigration,2026-01
HT_014435,2025-08-01,Australia,Arabic,Spanish,free,25-34,F,Travel,2025-08
HT_014436,2025-07-09,Spain,Italian,English,free,18-24,F,Business,2025-07
HT_014437,2025-05-30,Spain,Russian,Chinese,free,35-44,Other,Immigration,2025-05
HT_014438,2025-08-01,USA,Dutch,Spanish,free,25-34,Other,Travel,2025-08
HT_014439,2025-06-25,South Korea,Portuguese,English|Russian,free,25-34,Other,Exam,2025-06
HT_014440,2025-05-10,China,English,Spanish,free,18-24,Other,Travel,2025-05
HT_014441,2026-03-25,UK,Dutch,English,free,35-44,F,Travel,2026-03
HT_014442,2025-04-12,China,Spanish,French|German,free,25-34,Other,Business,2025-04
HT_014443,2025-10-04,Brazil,German,Chinese,free,25-34,F,Hobby,2025-10
HT_014444,2025-11-22,Australia,Japanese,Portuguese,free,45+,F,Hobby,2025-11
HT_014445,2025-10-13,Canada,English,Portuguese,free,25-34,M,Business,2025-10
HT_014446,2026-04-12,Spain,Italian,Korean,premium,18-24,F,Business,2026-04
HT_014447,2026-02-01,UK,English,Japanese,free,25-34,M,Hobby,2026-02
HT_014448,2025-12-09,Spain,Dutch,Japanese|Korean,free,35-44,Other,Immigration,2025-12
HT_014449,2025-05-04,China,Italian,Dutch|Russian,free,18-24,Other,Hobby,2025-05
HT_014450,2025-10-30,Mexico,Russian,Dutch|German|Japanese,premium,25-34,M,Travel,2025-10
HT_014451,2025-07-04,Japan,German,Russian|Spanish,free,35-44,Other,Business,2025-07
HT_014452,2025-07-06,Brazil,Italian,Dutch,free,35-44,M,Exam,2025-07
HT_014453,2026-01-12,Japan,Dutch,Italian|Japanese|Korean,free,45+,Other,Immigration,2026-01
HT_014454,2025-06-27,Mexico,Portuguese,Japanese,free,35-44,F,Travel,2025-06
HT_014455,2025-12-08,USA,Italian,French,free,25-34,F,Immigration,2025-12
HT_014456,2025-09-08,South Korea,Chinese,Arabic|Italian|French,free,25-34,F,Travel,2025-09
HT_014457,2025-10-30,China,Spanish,German|French|Chinese,free,35-44,F,Travel,2025-10
HT_014458,2025-10-12,Mexico,Korean,Dutch,free,25-34,F,Hobby,2025-10
HT_014459,2025-08-03,South Korea,Italian,Chinese|French|Japanese,premium,35-44,F,Business,2025-08
HT_014460,2025-05-13,Brazil,Arabic,Russian|Dutch,free,18-24,F,Business,2025-05
HT_014461,2025-06-02,UK,English,Spanish|Korean,free,35-44,M,Business,2025-06
HT_014462,2025-12-28,UK,German,Portuguese,free,18-24,M,Travel,2025-12
HT_014463,2026-03-13,Mexico,German,Arabic|French,free,25-34,Other,Exam,2026-03
HT_014464,2026-04-08,USA,English,Dutch|Portuguese,free,18-24,Other,Travel,2026-04
HT_014465,2025-06-22,China,Arabic,Italian|Chinese|Russian,free,35-44,M,Business,2025-06
HT_014466,2025-05-22,Canada,Chinese,Portuguese|Spanish,free,18-24,M,Immigration,2025-05
HT_014467,2025-12-15,Japan,Japanese,Portuguese,free,35-44,F,Travel,2025-12
HT_014468,2025-06-24,South Korea,Spanish,German|Arabic|Italian,free,18-24,M,Hobby,2025-06
HT_014469,2025-09-07,Mexico,Chinese,Dutch|Portuguese|Russian,free,35-44,Other,Travel,2025-09
HT_014470,2025-12-17,France,Italian,Japanese|Arabic,free,25-34,F,Immigration,2025-12
HT_014471,2025-12-29,Australia,Chinese,Spanish,premium,18-24,F,Business,2025-12
HT_014472,2025-07-14,Japan,Portuguese,French|Spanish|Japanese,free,18-24,F,Immigration,2025-07
HT_014473,2025-11-09,USA,Dutch,Korean|Arabic,free,18-24,F,Business,2025-11
HT_014474,2026-02-21,Japan,Spanish,German,free,45+,Other,Immigration,2026-02
HT_014475,2025-09-27,Australia,German,Korean,free,35-44,M,Immigration,2025-09
HT_014476,2026-04-07,Brazil,Dutch,French,free,25-34,M,Immigration,2026-04
HT_014477,2025-08-15,UK,Dutch,German|Russian|Arabic,premium,25-34,Other,Exam,2025-08
HT_014478,2025-05-05,UK,Chinese,Arabic|French|Korean,free,45+,M,Exam,2025-05
HT_014479,2026-03-14,Spain,Chinese,Dutch|Japanese|Russian,premium,25-34,Other,Exam,2026-03
HT_014480,2025-11-14,Germany,Dutch,Japanese,premium,25-34,M,Hobby,2025-11
HT_014481,2026-03-02,USA,Spanish,French|German,free,35-44,Other,Immigration,2026-03
HT_014482,2026-02-23,Mexico,Chinese,English|Korean|Dutch,premium,45+,Other,Immigration,2026-02
HT_014483,2025-08-06,Australia,Korean,Dutch|Spanish|English,free,18-24,Other,Travel,2025-08
HT_014484,2025-06-30,France,French,Dutch|Italian,free,25-34,F,Travel,2025-06
HT_014485,2025-07-23,South Korea,English,Korean|German,free,25-34,F,Immigration,2025-07
HT_014486,2025-04-24,Spain,German,Chinese,free,25-34,F,Hobby,2025-04
HT_014487,2025-11-07,France,Portuguese,Korean,free,18-24,M,Business,2025-11
HT_014488,2025-04-14,Australia,Arabic,Japanese|French,free,35-44,Other,Hobby,2025-04
HT_014489,2025-05-22,Australia,Korean,Russian|Arabic|Chinese,free,25-34,M,Hobby,2025-05
HT_014490,2026-03-28,China,French,Korean|Dutch,free,18-24,M,Immigration,2026-03
HT_014491,2026-01-14,Spain,Russian,Dutch,free,35-44,Other,Immigration,2026-01
HT_014492,2026-03-18,South Korea,English,German|Italian,free,35-44,Other,Business,2026-03
HT_014493,2025-05-04,Japan,Chinese,Spanish|Japanese|Italian,free,25-34,Other,Hobby,2025-05
HT_014494,2025-07-29,Canada,Chinese,Korean|German|English,free,18-24,F,Immigration,2025-07
HT_014495,2025-10-12,Brazil,German,English|Japanese,free,25-34,Other,Business,2025-10
HT_014496,2025-05-07,Japan,English,Italian,free,25-34,M,Business,2025-05
HT_014497,2026-01-20,Mexico,Japanese,Russian|Arabic|Portuguese,premium,18-24,F,Exam,2026-01
HT_014498,2025-09-01,UK,Arabic,Portuguese|Italian|Russian,free,18-24,M,Business,2025-09
HT_014499,2026-03-23,Brazil,Dutch,Italian|French,premium,18-24,Other,Immigration,2026-03
HT_014500,2025-05-10,UK,Japanese,Chinese|French,free,18-24,F,Travel,2025-05
HT_014501,2026-01-15,China,Japanese,Russian,premium,25-34,M,Travel,2026-01
HT_014502,2025-10-02,USA,French,Dutch|Spanish|Korean,free,18-24,M,Travel,2025-10
HT_014503,2025-05-18,USA,English,Dutch,premium,18-24,Other,Hobby,2025-05
HT_014504,2026-02-19,Germany,Spanish,Arabic|Russian,free,25-34,M,Business,2026-02
HT_014505,2026-03-09,Japan,French,English|Korean,free,25-34,Other,Immigration,2026-03
HT_014506,2025-04-26,France,Portuguese,German|French|Russian,free,25-34,M,Business,2025-04
HT_014507,2025-12-28,Germany,Spanish,Italian|Korean|German,premium,25-34,Other,Business,2025-12
HT_014508,2025-06-24,Brazil,Arabic,English|Chinese,free,35-44,Other,Immigration,2025-06
HT_014509,2025-05-17,South Korea,French,Chinese|Spanish,free,18-24,Other,Travel,2025-05
HT_014510,2025-12-24,Canada,Portuguese,Chinese,free,45+,F,Hobby,2025-12
HT_014511,2025-05-16,Spain,Korean,English|German|Italian,free,25-34,F,Hobby,2025-05
HT_014512,2026-02-03,UK,English,Chinese|Portuguese|French,free,35-44,Other,Exam,2026-02
HT_014513,2026-02-18,Germany,German,Japanese|Arabic|French,free,25-34,F,Exam,2026-02
HT_014514,2026-01-10,France,Dutch,Arabic,free,25-34,F,Exam,2026-01
HT_014515,2025-11-24,Germany,Spanish,German,free,25-34,Other,Hobby,2025-11
HT_014516,2025-05-17,Mexico,Italian,French,free,18-24,F,Travel,2025-05
HT_014517,2025-08-25,USA,Dutch,English|German|Japanese,premium,35-44,Other,Business,2025-08
HT_014518,2026-02-10,Mexico,Arabic,Chinese|Korean|Spanish,free,18-24,Other,Travel,2026-02
HT_014519,2025-05-03,Canada,Spanish,Japanese,free,25-34,Other,Exam,2025-05
HT_014520,2026-03-10,Spain,Portuguese,Korean|French|Russian,premium,25-34,Other,Hobby,2026-03
HT_014521,2026-03-29,Spain,Portuguese,Spanish,free,25-34,Other,Business,2026-03
HT_014522,2025-07-12,Japan,French,Japanese|Spanish,free,25-34,F,Immigration,2025-07
HT_014523,2025-08-18,Australia,Portuguese,German|Arabic,free,25-34,M,Travel,2025-08
HT_014524,2025-04-21,Germany,Arabic,Dutch|Korean|French,free,25-34,F,Business,2025-04
HT_014525,2025-05-29,Japan,Italian,Russian|Korean|Arabic,free,35-44,F,Business,2025-05
HT_014526,2025-12-06,Canada,Korean,Portuguese|French,premium,18-24,M,Immigration,2025-12
HT_014527,2025-10-12,Mexico,French,Japanese,free,45+,F,Travel,2025-10
HT_014528,2025-07-02,UK,Russian,English,free,35-44,Other,Travel,2025-07
HT_014529,2025-11-22,France,Russian,Korean|Portuguese,free,35-44,M,Business,2025-11
HT_014530,2026-02-19,China,Japanese,Russian|French,free,18-24,M,Exam,2026-02
HT_014531,2025-12-25,Brazil,Arabic,Dutch|Chinese|Russian,free,45+,F,Hobby,2025-12
HT_014532,2025-11-29,Japan,Italian,Chinese|German,free,25-34,Other,Travel,2025-11
HT_014533,2025-05-30,France,English,Arabic|Russian,free,35-44,M,Immigration,2025-05
HT_014534,2025-12-30,Mexico,German,Arabic|Russian,free,18-24,M,Immigration,2025-12
HT_014535,2025-10-04,Japan,Italian,Spanish|Arabic|Chinese,premium,25-34,Other,Hobby,2025-10
HT_014536,2026-03-13,Mexico,Russian,English,free,25-34,M,Exam,2026-03
HT_014537,2025-10-14,USA,English,Portuguese|Japanese|Russian,free,18-24,M,Exam,2025-10
HT_014538,2026-03-24,USA,Italian,French,free,25-34,F,Immigration,2026-03
HT_014539,2025-06-08,Canada,Arabic,German|Russian,free,18-24,Other,Exam,2025-06
HT_014540,2025-06-12,Canada,Japanese,Italian|Portuguese|Dutch,free,18-24,Other,Business,2025-06
HT_014541,2025-04-30,USA,French,Italian|Arabic|Portuguese,free,25-34,Other,Exam,2025-04
HT_014542,2025-08-22,China,Italian,Korean|French|Dutch,premium,25-34,F,Hobby,2025-08
HT_014543,2025-11-25,South Korea,Japanese,Dutch|French,free,18-24,M,Exam,2025-11
HT_014544,2025-10-11,USA,German,Arabic,free,35-44,F,Business,2025-10
HT_014545,2025-06-09,USA,English,Portuguese|Korean,premium,35-44,Other,Travel,2025-06
HT_014546,2025-09-24,China,Russian,Dutch|Chinese,premium,18-24,M,Exam,2025-09
HT_014547,2025-06-25,Mexico,German,Korean|Arabic,free,25-34,Other,Travel,2025-06
HT_014548,2026-01-08,Japan,Korean,English|Spanish|Russian,free,25-34,F,Business,2026-01
HT_014549,2025-07-28,Australia,Dutch,Italian,free,35-44,M,Immigration,2025-07
HT_014550,2025-12-03,Brazil,Korean,French|Arabic,free,35-44,F,Hobby,2025-12
HT_014551,2025-11-04,Canada,Chinese,Russian,free,25-34,Other,Travel,2025-11
HT_014552,2026-02-13,USA,Japanese,German|Chinese|Korean,free,45+,Other,Exam,2026-02
HT_014553,2025-09-11,Germany,Arabic,Japanese,free,45+,M,Business,2025-09
HT_014554,2025-10-24,France,Arabic,German|Dutch,free,35-44,F,Exam,2025-10
HT_014555,2025-06-30,UK,Italian,French|Chinese,free,45+,Other,Business,2025-06
HT_014556,2025-08-24,China,Spanish,Dutch|Russian|Portuguese,free,25-34,Other,Travel,2025-08
HT_014557,2025-09-04,USA,Chinese,Portuguese,free,18-24,Other,Travel,2025-09
HT_014558,2026-01-03,Brazil,Spanish,German|Russian|French,free,18-24,F,Immigration,2026-01
HT_014559,2025-05-25,Australia,Russian,English,free,45+,Other,Travel,2025-05
HT_014560,2026-01-05,UK,English,Dutch,free,18-24,M,Exam,2026-01
HT_014561,2026-04-03,USA,Dutch,Chinese|English|German,premium,18-24,F,Immigration,2026-04
HT_014562,2025-08-20,Germany,English,Italian|Chinese,free,18-24,Other,Hobby,2025-08
HT_014563,2026-01-30,USA,German,Spanish,free,18-24,M,Exam,2026-01
HT_014564,2025-08-30,UK,Japanese,French,free,18-24,M,Travel,2025-08
HT_014565,2025-06-04,South Korea,Portuguese,Russian,free,25-34,F,Hobby,2025-06
HT_014566,2026-02-27,USA,Dutch,Arabic|Italian|Japanese,free,25-34,M,Immigration,2026-02
HT_014567,2026-04-03,Canada,Chinese,Italian|Japanese,free,25-34,Other,Hobby,2026-04
HT_014568,2025-08-23,Mexico,Italian,German|Chinese|French,premium,25-34,Other,Business,2025-08
HT_014569,2025-12-23,Australia,English,Spanish|Russian,free,18-24,M,Hobby,2025-12
HT_014570,2026-03-14,Spain,Portuguese,Russian|Arabic,free,18-24,F,Immigration,2026-03
HT_014571,2025-12-13,Canada,Portuguese,Spanish,free,18-24,F,Exam,2025-12
HT_014572,2025-11-08,South Korea,German,Spanish|Portuguese|Russian,free,25-34,M,Business,2025-11
HT_014573,2025-04-16,France,French,Arabic,free,25-34,Other,Immigration,2025-04
HT_014574,2025-08-17,Brazil,Arabic,Russian|Italian,free,25-34,F,Hobby,2025-08
HT_014575,2025-12-11,Japan,Spanish,Chinese|Arabic,free,18-24,F,Exam,2025-12
HT_014576,2025-12-30,Mexico,Korean,Japanese|Dutch|Portuguese,free,25-34,F,Exam,2025-12
HT_014577,2026-01-24,Canada,Spanish,Arabic|Chinese|Korean,premium,25-34,M,Business,2026-01
HT_014578,2025-11-08,China,Korean,French,free,18-24,M,Hobby,2025-11
HT_014579,2026-03-09,USA,German,Italian,premium,25-34,M,Hobby,2026-03
HT_014580,2025-05-27,Germany,Japanese,Portuguese|German,free,18-24,F,Business,2025-05
HT_014581,2025-11-29,Spain,Spanish,Chinese|German|Portuguese,free,35-44,F,Travel,2025-11
HT_014582,2026-02-18,Japan,French,Japanese|Russian|English,free,25-34,M,Business,2026-02
HT_014583,2025-09-21,UK,French,German|Portuguese|Arabic,free,25-34,M,Business,2025-09
HT_014584,2025-09-30,Germany,Dutch,Italian,free,18-24,Other,Business,2025-09
HT_014585,2026-02-09,Brazil,Arabic,Portuguese|German|English,free,25-34,M,Travel,2026-02
HT_014586,2025-04-24,Germany,French,Spanish|Chinese,premium,18-24,Other,Travel,2025-04
HT_014587,2025-12-31,Australia,Japanese,French,free,35-44,M,Exam,2025-12
HT_014588,2025-11-27,UK,French,Spanish|English,free,45+,M,Business,2025-11
HT_014589,2025-04-29,Japan,Japanese,Spanish|Dutch,premium,25-34,F,Exam,2025-04
HT_014590,2025-07-06,UK,French,Korean|Chinese,free,25-34,M,Hobby,2025-07
HT_014591,2025-08-22,Japan,Japanese,Korean,free,35-44,F,Business,2025-08
HT_014592,2025-07-03,France,French,Dutch|Japanese|Korean,free,18-24,M,Hobby,2025-07
HT_014593,2026-03-02,Canada,Russian,German|English|French,free,18-24,M,Hobby,2026-03
HT_014594,2025-08-18,South Korea,German,English|Russian|Dutch,free,18-24,M,Hobby,2025-08
HT_014595,2025-07-17,Canada,Italian,French,free,25-34,F,Immigration,2025-07
HT_014596,2026-02-14,USA,French,Arabic,free,45+,M,Immigration,2026-02
HT_014597,2025-09-09,Australia,Chinese,English|Korean|Russian,free,25-34,F,Immigration,2025-09
HT_014598,2025-09-08,Canada,Spanish,French|Japanese,free,18-24,Other,Business,2025-09
HT_014599,2025-11-05,France,Portuguese,Dutch|Russian|Arabic,free,35-44,F,Immigration,2025-11
HT_014600,2025-11-01,Mexico,English,German|Russian,free,45+,F,Business,2025-11
HT_014601,2025-08-11,Japan,Italian,Dutch,free,25-34,Other,Travel,2025-08
HT_014602,2025-11-11,USA,Spanish,Russian|Korean|Italian,free,18-24,F,Exam,2025-11
HT_014603,2025-08-24,China,Chinese,Italian|Spanish,free,25-34,F,Immigration,2025-08
HT_014604,2025-06-02,France,Spanish,Arabic|Portuguese|Chinese,free,18-24,M,Business,2025-06
HT_014605,2025-04-21,Spain,German,Dutch,free,18-24,F,Business,2025-04
HT_014606,2025-09-03,Japan,Portuguese,Spanish|Russian,free,35-44,F,Travel,2025-09
HT_014607,2025-10-26,Spain,Spanish,English|Italian|French,free,25-34,M,Exam,2025-10
HT_014608,2026-01-22,Spain,Japanese,English|Korean|Italian,free,25-34,F,Business,2026-01
HT_014609,2025-11-25,Canada,English,Korean|German|Italian,free,35-44,M,Business,2025-11
HT_014610,2026-01-10,USA,Korean,French|Italian,free,18-24,Other,Travel,2026-01
HT_014611,2025-06-13,France,French,Korean|Russian,free,18-24,Other,Business,2025-06
HT_014612,2026-02-07,USA,Japanese,Portuguese|Chinese,free,25-34,Other,Exam,2026-02
HT_014613,2025-05-27,USA,German,English|French|Korean,premium,18-24,Other,Exam,2025-05
HT_014614,2025-05-30,Mexico,Spanish,French|English,premium,18-24,F,Business,2025-05
HT_014615,2025-05-11,Canada,English,Spanish,free,25-34,Other,Exam,2025-05
HT_014616,2025-08-18,China,Italian,Japanese|Dutch|Russian,free,25-34,Other,Exam,2025-08
HT_014617,2025-07-03,Brazil,Russian,English,premium,25-34,Other,Business,2025-07
HT_014618,2025-06-23,Germany,Japanese,Korean,premium,18-24,Other,Hobby,2025-06
HT_014619,2025-04-28,Japan,French,German|Russian,free,18-24,M,Immigration,2025-04
HT_014620,2026-02-22,South Korea,German,Chinese|English,free,25-34,Other,Exam,2026-02
HT_014621,2026-04-01,Australia,Japanese,Arabic|Russian,free,25-34,F,Travel,2026-04
HT_014622,2026-02-23,Canada,Dutch,English|German|Portuguese,free,25-34,M,Immigration,2026-02
HT_014623,2025-12-31,Spain,English,Japanese|Dutch,free,18-24,F,Immigration,2025-12
HT_014624,2026-02-18,Australia,Korean,Chinese|English|Italian,free,18-24,F,Business,2026-02
HT_014625,2025-07-04,UK,French,Arabic|Russian|Dutch,free,25-34,M,Immigration,2025-07
HT_014626,2026-04-02,Germany,Korean,Chinese|Arabic|Russian,free,45+,F,Business,2026-04
HT_014627,2026-01-27,Canada,German,Italian|Russian|Spanish,free,25-34,F,Travel,2026-01
HT_014628,2025-08-03,China,English,Korean|Russian|Spanish,free,25-34,F,Exam,2025-08
HT_014629,2025-12-15,Australia,French,Russian,free,45+,F,Business,2025-12
HT_014630,2025-05-27,China,English,Russian|Spanish,free,18-24,M,Immigration,2025-05
HT_014631,2026-02-19,South Korea,Portuguese,Korean,free,18-24,Other,Business,2026-02
HT_014632,2025-09-04,Germany,Korean,Italian,free,35-44,M,Travel,2025-09
HT_014633,2026-03-03,Australia,Dutch,Korean|Portuguese|Arabic,free,35-44,M,Hobby,2026-03
HT_014634,2025-08-03,South Korea,German,Spanish|Arabic|French,free,25-34,F,Exam,2025-08
HT_014635,2025-09-07,China,Chinese,Arabic,free,35-44,F,Immigration,2025-09
HT_014636,2025-04-27,Japan,English,German|Japanese|Arabic,free,25-34,Other,Exam,2025-04
HT_014637,2025-08-14,South Korea,Arabic,Spanish|German,free,25-34,Other,Exam,2025-08
HT_014638,2026-03-15,USA,German,Russian|Arabic|Japanese,free,18-24,M,Business,2026-03
HT_014639,2026-03-15,UK,Chinese,Italian|Russian|Spanish,premium,18-24,M,Travel,2026-03
HT_014640,2026-02-08,South Korea,Arabic,French,free,35-44,F,Immigration,2026-02
HT_014641,2025-05-29,Brazil,French,Spanish|Arabic|Portuguese,free,25-34,M,Immigration,2025-05
HT_014642,2026-01-14,Japan,Spanish,Arabic|Chinese,free,35-44,M,Exam,2026-01
HT_014643,2025-12-19,Mexico,English,Korean|German,free,25-34,F,Immigration,2025-12
HT_014644,2025-07-16,Japan,Portuguese,French|Russian,free,35-44,M,Travel,2025-07
HT_014645,2025-07-27,Germany,French,English,free,25-34,Other,Exam,2025-07
HT_014646,2026-01-07,UK,Italian,German|Korean,premium,35-44,Other,Exam,2026-01
HT_014647,2026-02-22,China,Portuguese,Japanese|Russian,free,35-44,F,Hobby,2026-02
HT_014648,2025-06-04,China,Japanese,French|Portuguese|Arabic,premium,35-44,F,Immigration,2025-06
HT_014649,2025-04-12,Spain,Japanese,Chinese,free,25-34,M,Exam,2025-04
HT_014650,2026-01-10,Japan,English,Arabic|Dutch,free,18-24,Other,Hobby,2026-01
HT_014651,2026-01-12,Germany,English,Portuguese|Dutch,free,25-34,Other,Hobby,2026-01
HT_014652,2025-12-22,Canada,German,Spanish,free,18-24,F,Business,2025-12
HT_014653,2026-02-25,USA,French,Dutch,free,35-44,Other,Immigration,2026-02
HT_014654,2026-02-08,Australia,Japanese,Korean|English,free,35-44,F,Business,2026-02
HT_014655,2026-02-03,Spain,Russian,Arabic,premium,35-44,F,Travel,2026-02
HT_014656,2025-08-26,UK,Spanish,English,free,35-44,Other,Hobby,2025-08
HT_014657,2025-06-19,Japan,Japanese,German,free,18-24,F,Immigration,2025-06
HT_014658,2026-01-16,Germany,Portuguese,Chinese,free,18-24,M,Travel,2026-01
HT_014659,2026-04-01,UK,Spanish,German|Japanese|French,free,18-24,F,Travel,2026-04
HT_014660,2025-11-30,Germany,English,Chinese,premium,35-44,M,Hobby,2025-11
HT_014661,2026-03-25,France,French,Dutch|Korean,free,18-24,F,Immigration,2026-03
HT_014662,2025-12-23,Canada,German,Korean,free,18-24,Other,Business,2025-12
HT_014663,2026-01-25,USA,English,Japanese,premium,45+,M,Exam,2026-01
HT_014664,2026-02-04,Brazil,Arabic,Russian|French|Spanish,free,18-24,M,Exam,2026-02
HT_014665,2026-02-24,Brazil,Chinese,Italian|Arabic|Spanish,free,25-34,Other,Exam,2026-02
HT_014666,2025-08-22,Spain,Dutch,Arabic,premium,18-24,F,Business,2025-08
HT_014667,2025-06-16,China,English,German,free,18-24,F,Exam,2025-06
HT_014668,2025-05-17,France,Italian,Spanish|Chinese|Dutch,free,18-24,M,Immigration,2025-05
HT_014669,2025-10-02,Australia,Russian,French|Spanish,free,25-34,M,Hobby,2025-10
HT_014670,2026-04-04,France,Spanish,Arabic|Portuguese,free,18-24,M,Travel,2026-04
HT_014671,2026-01-16,Spain,French,Arabic|Italian|Dutch,premium,25-34,M,Exam,2026-01
HT_014672,2025-06-23,Australia,Italian,Russian|Spanish|German,free,18-24,M,Hobby,2025-06
HT_014673,2025-08-08,Germany,French,English|Chinese|Portuguese,free,18-24,M,Hobby,2025-08
HT_014674,2025-07-29,Japan,Korean,German|Dutch,free,18-24,M,Hobby,2025-07
HT_014675,2025-08-17,Mexico,Korean,English|Dutch|Arabic,free,45+,Other,Exam,2025-08
HT_014676,2025-06-13,France,English,Chinese|Portuguese,free,25-34,Other,Travel,2025-06
HT_014677,2025-12-09,Japan,Spanish,Korean|Arabic,premium,18-24,F,Hobby,2025-12
HT_014678,2025-07-16,Spain,Korean,Chinese,premium,18-24,Other,Travel,2025-07
HT_014679,2026-03-21,Brazil,Japanese,Russian,free,25-34,Other,Exam,2026-03
HT_014680,2025-12-10,South Korea,Korean,German|Dutch,free,35-44,M,Hobby,2025-12
HT_014681,2025-11-23,South Korea,French,Arabic|English|Portuguese,premium,25-34,Other,Business,2025-11
HT_014682,2026-01-14,Mexico,Arabic,English,free,18-24,M,Hobby,2026-01
HT_014683,2025-10-03,Australia,Dutch,Chinese|Italian|Arabic,free,45+,Other,Hobby,2025-10
HT_014684,2025-10-01,Germany,Chinese,Arabic|Japanese|French,free,35-44,F,Business,2025-10
HT_014685,2025-10-15,Spain,Russian,Italian,free,25-34,Other,Exam,2025-10
HT_014686,2026-01-18,USA,Arabic,German,free,25-34,Other,Business,2026-01
HT_014687,2025-09-10,Japan,Dutch,Arabic|Russian,free,18-24,Other,Business,2025-09
HT_014688,2025-11-20,Canada,Portuguese,Korean|Dutch|Japanese,free,18-24,F,Business,2025-11
HT_014689,2025-09-12,Japan,Japanese,English,free,25-34,Other,Exam,2025-09
HT_014690,2025-10-01,UK,Italian,Dutch|Russian,free,18-24,Other,Exam,2025-10
HT_014691,2025-09-15,South Korea,Italian,Korean|Dutch|English,premium,45+,F,Immigration,2025-09
HT_014692,2025-10-14,Germany,Portuguese,French|Italian|Arabic,free,35-44,M,Business,2025-10
HT_014693,2025-07-04,Brazil,Japanese,Dutch|Arabic,premium,35-44,Other,Immigration,2025-07
HT_014694,2025-04-27,France,Italian,Russian,free,35-44,Other,Hobby,2025-04
HT_014695,2025-09-26,China,Chinese,German|Japanese|Dutch,free,18-24,Other,Hobby,2025-09
HT_014696,2025-05-31,UK,Portuguese,Italian,free,18-24,F,Exam,2025-05
HT_014697,2026-01-28,Germany,Russian,Italian|Spanish|Korean,free,45+,Other,Exam,2026-01
HT_014698,2025-08-20,Japan,Chinese,Portuguese,free,25-34,Other,Immigration,2025-08
HT_014699,2025-06-01,Japan,German,Dutch|Chinese,premium,18-24,Other,Immigration,2025-06
HT_014700,2025-11-23,China,Chinese,English,free,35-44,Other,Business,2025-11
HT_014701,2025-06-26,China,French,German,free,18-24,F,Business,2025-06
HT_014702,2025-12-27,USA,French,Chinese,free,18-24,Other,Exam,2025-12
HT_014703,2025-10-22,Germany,German,Arabic,free,18-24,M,Business,2025-10
HT_014704,2026-03-02,Japan,Russian,Portuguese|Arabic,premium,25-34,Other,Hobby,2026-03
HT_014705,2025-05-30,Canada,Italian,Arabic|German,free,25-34,M,Immigration,2025-05
HT_014706,2025-12-20,France,Dutch,German,premium,18-24,F,Immigration,2025-12
HT_014707,2025-06-05,Mexico,Portuguese,German|Japanese|Russian,free,25-34,F,Travel,2025-06
HT_014708,2025-06-06,Spain,English,Chinese|Portuguese|French,free,18-24,Other,Travel,2025-06
HT_014709,2025-09-01,Brazil,Japanese,Arabic,premium,18-24,Other,Immigration,2025-09
HT_014710,2026-02-06,South Korea,Portuguese,Arabic|Japanese,free,18-24,Other,Immigration,2026-02
HT_014711,2026-03-02,France,German,French,free,25-34,F,Immigration,2026-03
HT_014712,2026-03-21,Australia,Portuguese,Russian|Japanese|English,free,18-24,M,Hobby,2026-03
HT_014713,2025-12-14,USA,Japanese,Dutch|English,free,18-24,Other,Business,2025-12
HT_014714,2025-08-24,USA,Dutch,English,free,18-24,M,Business,2025-08
HT_014715,2026-01-10,Brazil,Italian,Spanish,free,25-34,F,Travel,2026-01
HT_014716,2025-07-29,China,Korean,Italian|German,free,35-44,M,Immigration,2025-07
HT_014717,2025-06-26,Germany,Italian,Portuguese|Chinese,free,25-34,F,Business,2025-06
HT_014718,2025-04-18,USA,Russian,Dutch,free,45+,F,Hobby,2025-04
HT_014719,2025-08-09,Mexico,Russian,Dutch,free,45+,Other,Exam,2025-08
HT_014720,2026-03-22,USA,Chinese,Dutch,free,18-24,M,Immigration,2026-03
HT_014721,2026-03-01,USA,Korean,English|Portuguese,free,18-24,M,Travel,2026-03
HT_014722,2026-02-26,Japan,Spanish,Chinese|French|English,free,25-34,M,Exam,2026-02
HT_014723,2025-08-23,South Korea,Korean,Japanese|Portuguese|Dutch,free,18-24,F,Travel,2025-08
HT_014724,2025-07-29,Brazil,Japanese,Spanish,free,35-44,F,Exam,2025-07
HT_014725,2025-06-14,Australia,Japanese,Russian,free,35-44,M,Business,2025-06
HT_014726,2025-07-28,USA,German,Arabic|Korean,free,25-34,M,Exam,2025-07
HT_014727,2026-03-23,South Korea,Dutch,Chinese|English,free,25-34,F,Immigration,2026-03
HT_014728,2025-07-11,UK,Spanish,German|Korean|Italian,free,18-24,M,Business,2025-07
HT_014729,2025-10-08,Australia,French,Italian,free,45+,F,Immigration,2025-10
HT_014730,2025-06-03,Spain,Arabic,English,free,18-24,Other,Travel,2025-06
HT_014731,2026-01-04,Mexico,Chinese,Japanese|English,free,35-44,M,Travel,2026-01
HT_014732,2025-05-14,China,English,Chinese|Japanese|French,free,25-34,Other,Hobby,2025-05
HT_014733,2025-07-30,China,Chinese,Portuguese,free,18-24,M,Immigration,2025-07
HT_014734,2025-07-23,Japan,Russian,Korean,free,25-34,M,Immigration,2025-07
HT_014735,2026-04-06,France,Russian,Italian,free,35-44,M,Hobby,2026-04
HT_014736,2026-01-29,Mexico,Russian,Arabic|Spanish,free,18-24,M,Immigration,2026-01
HT_014737,2026-02-16,Japan,German,Korean|English|Portuguese,premium,35-44,Other,Immigration,2026-02
HT_014738,2025-11-05,Australia,Dutch,French|Japanese,free,35-44,Other,Immigration,2025-11
HT_014739,2026-02-02,Mexico,French,Spanish,premium,45+,Other,Exam,2026-02
HT_014740,2025-08-26,Australia,English,Korean|Japanese|German,free,35-44,Other,Business,2025-08
HT_014741,2026-04-04,Brazil,Portuguese,French|Chinese,premium,18-24,M,Business,2026-04
HT_014742,2025-07-23,France,Korean,Spanish,free,18-24,F,Exam,2025-07
HT_014743,2025-07-24,Canada,Dutch,Korean|French|English,premium,35-44,F,Exam,2025-07
HT_014744,2025-05-11,UK,French,Italian|Dutch,free,25-34,Other,Business,2025-05
HT_014745,2025-09-19,France,Chinese,Russian|Arabic|Dutch,free,18-24,M,Travel,2025-09
HT_014746,2026-03-13,Brazil,Japanese,Korean,free,35-44,Other,Immigration,2026-03
HT_014747,2026-01-19,Spain,Spanish,Dutch,free,18-24,F,Travel,2026-01
HT_014748,2026-02-08,Spain,Korean,Chinese|Portuguese,free,18-24,Other,Immigration,2026-02
HT_014749,2025-05-13,Spain,Dutch,Spanish,free,18-24,F,Immigration,2025-05
HT_014750,2025-04-23,Canada,Japanese,English|German,free,45+,M,Travel,2025-04
HT_014751,2025-06-28,France,French,Portuguese|German|English,free,45+,F,Immigration,2025-06
HT_014752,2026-02-18,France,Italian,Dutch|Arabic|Korean,free,25-34,M,Exam,2026-02
HT_014753,2025-10-09,China,Japanese,Chinese,premium,18-24,F,Business,2025-10
HT_014754,2026-01-03,South Korea,Korean,Spanish,free,25-34,F,Immigration,2026-01
HT_014755,2026-04-08,Canada,Arabic,Chinese|Korean|Japanese,free,35-44,F,Business,2026-04
HT_014756,2026-02-24,Australia,Korean,Russian|Arabic,free,25-34,M,Hobby,2026-02
HT_014757,2025-05-26,Canada,French,Portuguese,free,25-34,M,Business,2025-05
HT_014758,2025-08-09,China,Russian,Arabic|Portuguese,free,25-34,M,Travel,2025-08
HT_014759,2026-02-11,Japan,Russian,Chinese|French,free,35-44,F,Immigration,2026-02
HT_014760,2026-02-10,Australia,Russian,French,free,45+,M,Travel,2026-02
HT_014761,2026-03-11,China,German,English|Russian|Korean,premium,18-24,F,Exam,2026-03
HT_014762,2025-09-22,Australia,English,Arabic|Korean,premium,18-24,F,Exam,2025-09
HT_014763,2025-09-15,Australia,Japanese,Italian|French|German,free,18-24,F,Exam,2025-09
HT_014764,2026-04-12,Germany,Russian,Dutch|Italian,free,25-34,M,Business,2026-04
HT_014765,2025-10-28,Australia,German,Portuguese|Japanese|Arabic,free,18-24,F,Business,2025-10
HT_014766,2025-09-19,Brazil,Italian,Russian|Arabic|German,free,35-44,F,Hobby,2025-09
HT_014767,2025-09-07,Spain,Russian,Portuguese|Korean,free,25-34,F,Hobby,2025-09
HT_014768,2025-11-28,USA,Spanish,French|Japanese|German,free,18-24,Other,Travel,2025-11
HT_014769,2025-12-03,Mexico,Portuguese,Chinese|Japanese|Spanish,free,18-24,M,Travel,2025-12
HT_014770,2025-10-18,Australia,Portuguese,Chinese|English,free,35-44,Other,Immigration,2025-10
HT_014771,2025-08-13,Mexico,Korean,Arabic|German|Japanese,free,35-44,Other,Hobby,2025-08
HT_014772,2026-02-21,South Korea,Dutch,Korean|Chinese,free,25-34,Other,Exam,2026-02
HT_014773,2026-03-22,Australia,Italian,German|Spanish,premium,18-24,Other,Immigration,2026-03
HT_014774,2025-05-12,UK,Portuguese,Arabic|English|Korean,free,25-34,Other,Exam,2025-05
HT_014775,2025-04-15,Spain,Russian,English|Arabic,premium,18-24,Other,Exam,2025-04
HT_014776,2025-05-04,South Korea,English,Dutch,free,18-24,M,Exam,2025-05
HT_014777,2025-06-20,Japan,English,German,free,18-24,Other,Travel,2025-06
HT_014778,2026-03-27,Mexico,Portuguese,Chinese|Japanese|German,free,35-44,M,Business,2026-03
HT_014779,2025-07-14,Australia,Korean,Chinese,free,18-24,M,Hobby,2025-07
HT_014780,2026-01-23,Brazil,Italian,Korean|English,premium,18-24,M,Immigration,2026-01
HT_014781,2025-09-28,Japan,Portuguese,Spanish|Chinese,free,18-24,Other,Hobby,2025-09
HT_014782,2025-05-26,Germany,Italian,German,free,35-44,F,Travel,2025-05
HT_014783,2025-11-09,South Korea,Japanese,English,free,18-24,Other,Business,2025-11
HT_014784,2025-10-13,USA,Italian,English|Spanish|Portuguese,free,35-44,Other,Exam,2025-10
HT_014785,2025-11-20,Japan,Dutch,Arabic|Korean,free,18-24,F,Business,2025-11
HT_014786,2026-04-03,China,Chinese,Korean,free,18-24,M,Exam,2026-04
HT_014787,2026-02-28,Spain,Portuguese,Chinese,free,35-44,Other,Hobby,2026-02
HT_014788,2025-07-29,Spain,German,Japanese|Korean,premium,18-24,Other,Travel,2025-07
HT_014789,2025-06-02,UK,English,Korean|Japanese,free,18-24,F,Exam,2025-06
HT_014790,2025-12-05,Brazil,Dutch,Japanese|Chinese|German,free,18-24,F,Exam,2025-12
HT_014791,2026-03-15,Brazil,Korean,Portuguese|Chinese,free,25-34,M,Exam,2026-03
HT_014792,2025-08-31,UK,Korean,French|German|English,free,25-34,Other,Immigration,2025-08
HT_014793,2026-02-08,Canada,Portuguese,Spanish,free,25-34,F,Hobby,2026-02
HT_014794,2026-01-16,Germany,German,French,free,25-34,M,Immigration,2026-01
HT_014795,2025-08-12,Canada,Spanish,Arabic,free,45+,M,Business,2025-08
HT_014796,2025-09-19,Spain,Chinese,Italian|Japanese|Korean,free,25-34,M,Travel,2025-09
HT_014797,2025-05-03,Spain,German,French|Arabic|Spanish,free,25-34,Other,Hobby,2025-05
HT_014798,2026-04-06,Mexico,Japanese,Arabic,free,25-34,F,Travel,2026-04
HT_014799,2025-11-07,South Korea,Portuguese,Italian|Arabic,free,25-34,F,Exam,2025-11
HT_014800,2025-12-08,Japan,Spanish,Arabic|English|Japanese,free,45+,Other,Business,2025-12
HT_014801,2025-05-19,Mexico,Spanish,French|Portuguese,free,45+,F,Immigration,2025-05
HT_014802,2026-01-13,France,Spanish,Portuguese|Dutch|Italian,free,18-24,M,Immigration,2026-01
HT_014803,2025-06-08,UK,Russian,Italian|Japanese,free,25-34,F,Hobby,2025-06
HT_014804,2025-11-21,USA,Dutch,Russian|Chinese|Arabic,free,35-44,F,Business,2025-11
HT_014805,2025-06-20,UK,English,Japanese|French|Russian,free,25-34,M,Immigration,2025-06
HT_014806,2026-03-27,Japan,Japanese,Portuguese,free,25-34,M,Exam,2026-03
HT_014807,2025-05-12,South Korea,English,Portuguese,free,25-34,F,Immigration,2025-05
HT_014808,2025-10-26,Spain,French,Chinese,free,35-44,F,Immigration,2025-10
HT_014809,2025-08-01,USA,Arabic,Russian,free,25-34,M,Travel,2025-08
HT_014810,2025-05-12,UK,French,Dutch,free,18-24,Other,Exam,2025-05
HT_014811,2026-01-18,Mexico,French,English|Spanish,free,18-24,Other,Travel,2026-01
HT_014812,2026-03-05,Canada,Korean,Spanish|English|Portuguese,free,25-34,F,Business,2026-03
HT_014813,2025-10-11,France,German,English,free,18-24,M,Hobby,2025-10
HT_014814,2025-05-04,South Korea,Arabic,English|Spanish,free,18-24,M,Business,2025-05
HT_014815,2025-06-18,Germany,Dutch,Chinese,free,18-24,M,Exam,2025-06
HT_014816,2025-10-11,Brazil,Japanese,Italian,free,18-24,Other,Hobby,2025-10
HT_014817,2025-12-06,Japan,Italian,Dutch|Japanese,free,25-34,M,Business,2025-12
HT_014818,2025-12-03,France,Japanese,Korean,premium,18-24,Other,Travel,2025-12
HT_014819,2025-04-25,USA,Russian,Chinese|Italian|Spanish,free,18-24,Other,Immigration,2025-04
HT_014820,2025-04-29,Canada,Russian,Chinese|Dutch,free,18-24,Other,Exam,2025-04
HT_014821,2026-01-01,Brazil,Portuguese,Spanish,free,18-24,Other,Business,2026-01
HT_014822,2025-12-03,Canada,Arabic,Spanish|Chinese|Dutch,free,35-44,Other,Business,2025-12
HT_014823,2025-11-11,France,Arabic,Japanese|Russian,free,35-44,F,Immigration,2025-11
HT_014824,2025-12-18,Mexico,Korean,German|Spanish|Arabic,free,25-34,M,Travel,2025-12
HT_014825,2026-02-26,Brazil,Dutch,Italian|English|Arabic,free,18-24,M,Business,2026-02
HT_014826,2025-08-31,South Korea,French,German,free,25-34,M,Immigration,2025-08
HT_014827,2026-02-26,Canada,Portuguese,Chinese|Russian,free,35-44,M,Immigration,2026-02
HT_014828,2025-11-28,France,Italian,Portuguese|English,free,25-34,Other,Hobby,2025-11
HT_014829,2025-10-11,France,Korean,Japanese|Arabic,free,25-34,F,Business,2025-10
HT_014830,2026-01-11,China,Korean,Italian|French,free,25-34,Other,Hobby,2026-01
HT_014831,2025-10-15,South Korea,Arabic,Portuguese,free,45+,M,Travel,2025-10
HT_014832,2025-08-24,South Korea,Dutch,Portuguese|Russian|Japanese,free,18-24,M,Immigration,2025-08
HT_014833,2025-08-18,France,German,Russian|Spanish|Portuguese,premium,18-24,Other,Business,2025-08
HT_014834,2025-11-05,UK,Japanese,Dutch|Arabic|Portuguese,free,35-44,F,Exam,2025-11
HT_014835,2025-11-06,Canada,French,Spanish|Portuguese|Russian,free,25-34,Other,Immigration,2025-11
HT_014836,2025-06-22,Canada,Japanese,Arabic|Spanish,free,35-44,M,Exam,2025-06
HT_014837,2026-02-04,USA,Italian,Korean,free,18-24,M,Immigration,2026-02
HT_014838,2025-08-11,USA,English,Chinese,premium,25-34,Other,Travel,2025-08
HT_014839,2025-10-29,Mexico,Italian,French,free,45+,M,Business,2025-10
HT_014840,2025-08-05,Spain,Dutch,Italian|French,free,18-24,M,Hobby,2025-08
HT_014841,2026-03-15,Canada,Japanese,Korean,premium,45+,M,Business,2026-03
HT_014842,2025-04-20,Australia,English,Korean|Japanese|Portuguese,free,18-24,Other,Exam,2025-04
HT_014843,2025-06-04,Australia,French,Arabic|Dutch|English,premium,25-34,F,Business,2025-06
HT_014844,2025-06-16,Mexico,Chinese,Portuguese|Japanese|Arabic,premium,25-34,M,Immigration,2025-06
HT_014845,2025-12-20,Germany,Spanish,English|Korean|German,free,25-34,Other,Exam,2025-12
HT_014846,2025-12-27,Brazil,English,Dutch|Spanish|Japanese,free,18-24,F,Hobby,2025-12
HT_014847,2025-12-26,Canada,Korean,Japanese|French,premium,35-44,M,Business,2025-12
HT_014848,2025-09-27,France,Japanese,English|Portuguese|Chinese,premium,25-34,M,Immigration,2025-09
HT_014849,2025-04-20,Brazil,German,Portuguese|Russian|Korean,free,18-24,M,Travel,2025-04
HT_014850,2025-04-13,UK,English,Spanish|Portuguese|Japanese,free,25-34,Other,Immigration,2025-04
HT_014851,2026-03-14,China,Japanese,French|English|German,free,18-24,F,Immigration,2026-03
HT_014852,2026-01-19,Japan,English,Italian|German,free,25-34,M,Immigration,2026-01
HT_014853,2025-09-25,Germany,Dutch,Russian,premium,18-24,M,Immigration,2025-09
HT_014854,2025-04-15,UK,French,English,free,25-34,M,Hobby,2025-04
HT_014855,2025-05-07,Canada,Russian,Korean|Italian|Japanese,free,25-34,Other,Hobby,2025-05
HT_014856,2026-01-28,USA,Dutch,Chinese,free,35-44,M,Business,2026-01
HT_014857,2025-10-31,China,German,Portuguese|Japanese|Chinese,free,25-34,F,Immigration,2025-10
HT_014858,2025-11-26,Japan,Korean,Spanish,free,25-34,Other,Travel,2025-11
HT_014859,2026-04-06,Canada,Japanese,Chinese|Italian|Dutch,free,25-34,M,Travel,2026-04
HT_014860,2025-11-30,UK,English,Chinese|Portuguese,free,25-34,Other,Immigration,2025-11
HT_014861,2026-03-09,UK,Russian,Arabic|Korean,free,18-24,F,Immigration,2026-03
HT_014862,2025-09-14,China,Portuguese,Japanese,free,35-44,M,Exam,2025-09
HT_014863,2025-12-27,Brazil,German,Portuguese|Chinese|Japanese,free,18-24,F,Hobby,2025-12
HT_014864,2025-06-06,UK,Dutch,German|English|Portuguese,free,25-34,M,Business,2025-06
HT_014865,2025-09-03,Canada,Japanese,Italian,free,35-44,M,Immigration,2025-09
HT_014866,2025-05-10,China,French,German|Spanish,free,18-24,Other,Business,2025-05
HT_014867,2025-07-08,Germany,Korean,Spanish,free,25-34,F,Business,2025-07
HT_014868,2026-02-25,France,Italian,French|Korean|Spanish,free,35-44,F,Exam,2026-02
HT_014869,2025-11-23,South Korea,Portuguese,German|Spanish|French,free,35-44,Other,Travel,2025-11
HT_014870,2026-04-04,France,Italian,Dutch|Spanish|English,free,35-44,F,Exam,2026-04
HT_014871,2026-02-17,Germany,Korean,Dutch|German,free,35-44,Other,Travel,2026-02
HT_014872,2025-11-16,Mexico,German,Japanese,free,25-34,F,Travel,2025-11
HT_014873,2025-09-12,Mexico,English,Japanese|Russian|Dutch,free,25-34,Other,Travel,2025-09
HT_014874,2026-01-25,Japan,Spanish,Dutch|German,free,25-34,F,Business,2026-01
HT_014875,2026-01-17,Canada,Japanese,Dutch,free,18-24,M,Business,2026-01
HT_014876,2025-08-21,Spain,Portuguese,Japanese,free,25-34,F,Business,2025-08
HT_014877,2025-06-25,South Korea,Korean,Japanese|English,free,25-34,Other,Business,2025-06
HT_014878,2025-09-19,China,English,Japanese|Russian|Dutch,free,25-34,Other,Exam,2025-09
HT_014879,2025-12-07,South Korea,Italian,Russian|French,free,18-24,M,Exam,2025-12
HT_014880,2025-12-02,Brazil,Chinese,Japanese|Russian|Arabic,free,25-34,M,Exam,2025-12
HT_014881,2025-05-10,Japan,Italian,Spanish|Chinese,free,18-24,Other,Travel,2025-05
HT_014882,2026-03-23,Mexico,Arabic,Russian|French|German,free,18-24,F,Immigration,2026-03
HT_014883,2025-07-04,UK,French,Korean|Spanish|Chinese,free,35-44,F,Business,2025-07
HT_014884,2025-08-26,USA,German,Italian|Arabic|Chinese,free,25-34,Other,Travel,2025-08
HT_014885,2025-08-16,UK,German,Chinese,free,35-44,M,Immigration,2025-08
HT_014886,2025-12-20,UK,Portuguese,Spanish,premium,18-24,Other,Exam,2025-12
HT_014887,2026-03-15,USA,Spanish,French,premium,45+,M,Hobby,2026-03
HT_014888,2026-01-25,Canada,Korean,Chinese|Dutch,free,18-24,M,Exam,2026-01
HT_014889,2025-05-07,Mexico,Japanese,Portuguese|Russian,free,35-44,M,Exam,2025-05
HT_014890,2025-06-20,USA,English,Arabic,free,25-34,Other,Travel,2025-06
HT_014891,2025-05-19,Germany,Portuguese,English|Spanish,free,35-44,M,Exam,2025-05
HT_014892,2025-10-21,France,Russian,Arabic|German,free,18-24,Other,Business,2025-10
HT_014893,2025-11-03,France,Dutch,Spanish,free,35-44,M,Hobby,2025-11
HT_014894,2025-07-22,Germany,Portuguese,Dutch|Arabic|Russian,free,18-24,Other,Hobby,2025-07
HT_014895,2025-07-05,China,Italian,Chinese|Dutch|English,free,35-44,F,Travel,2025-07
HT_014896,2026-01-04,Japan,Arabic,Russian|German|Dutch,free,25-34,Other,Immigration,2026-01
HT_014897,2026-03-13,UK,Chinese,Italian|French|English,free,18-24,M,Business,2026-03
HT_014898,2025-06-05,Mexico,Spanish,Dutch|Italian|Japanese,free,18-24,F,Hobby,2025-06
HT_014899,2025-07-18,South Korea,Korean,Italian,free,18-24,Other,Exam,2025-07
HT_014900,2025-04-16,Canada,Spanish,English,free,18-24,F,Hobby,2025-04
HT_014901,2025-06-06,Australia,Russian,German,free,35-44,F,Hobby,2025-06
HT_014902,2025-08-17,UK,Portuguese,Italian|Arabic,free,18-24,Other,Business,2025-08
HT_014903,2025-10-25,China,Spanish,German|French,free,25-34,Other,Business,2025-10
HT_014904,2025-04-14,Brazil,Chinese,Portuguese|Japanese|Spanish,free,25-34,M,Exam,2025-04
HT_014905,2025-11-19,China,French,Italian|Spanish|Chinese,free,18-24,M,Travel,2025-11
HT_014906,2025-11-10,USA,Japanese,Portuguese|Arabic|Korean,free,25-34,Other,Hobby,2025-11
HT_014907,2025-09-09,South Korea,Russian,German|French,free,18-24,Other,Business,2025-09
HT_014908,2026-04-06,Mexico,Italian,Korean|Portuguese|Chinese,free,25-34,M,Immigration,2026-04
HT_014909,2026-01-30,Germany,Arabic,Russian|Portuguese,free,35-44,Other,Immigration,2026-01
HT_014910,2025-05-28,Mexico,Spanish,Korean|Italian,free,18-24,F,Business,2025-05
HT_014911,2025-09-02,UK,French,Korean,free,45+,Other,Travel,2025-09
HT_014912,2025-07-19,UK,Spanish,Dutch|Russian,free,35-44,M,Exam,2025-07
HT_014913,2025-04-22,Brazil,Portuguese,Arabic|Spanish|English,free,35-44,M,Hobby,2025-04
HT_014914,2026-02-28,Mexico,English,Spanish|Japanese|German,free,25-34,F,Immigration,2026-02
HT_014915,2026-03-24,Brazil,French,English,free,25-34,Other,Business,2026-03
HT_014916,2025-10-15,Mexico,Korean,French|Chinese|German,free,25-34,M,Hobby,2025-10
HT_014917,2025-06-08,USA,Russian,Korean|Japanese|French,free,18-24,M,Travel,2025-06
HT_014918,2025-08-15,USA,French,Dutch|Portuguese,free,35-44,F,Exam,2025-08
HT_014919,2025-05-25,UK,Spanish,Arabic|Japanese|Portuguese,free,25-34,M,Hobby,2025-05
HT_014920,2025-10-13,UK,Spanish,Japanese|Italian,free,25-34,Other,Hobby,2025-10
HT_014921,2026-03-12,Mexico,Russian,Arabic|Japanese|Portuguese,premium,25-34,Other,Exam,2026-03
HT_014922,2025-07-10,Canada,Arabic,Dutch|Portuguese,premium,25-34,F,Business,2025-07
HT_014923,2025-05-15,USA,Arabic,Chinese|Portuguese,free,18-24,F,Hobby,2025-05
HT_014924,2026-03-27,Canada,Japanese,Korean,premium,35-44,Other,Hobby,2026-03
HT_014925,2026-03-08,South Korea,German,Japanese|Italian,premium,35-44,M,Hobby,2026-03
HT_014926,2025-07-11,Australia,Korean,French|Italian,premium,25-34,Other,Immigration,2025-07
HT_014927,2025-08-14,UK,Russian,German|English,premium,25-34,Other,Exam,2025-08
HT_014928,2026-03-17,China,Portuguese,Russian,free,25-34,F,Exam,2026-03
HT_014929,2025-05-27,Mexico,German,Korean|Italian|Chinese,free,18-24,M,Hobby,2025-05
HT_014930,2025-12-15,Japan,Spanish,Italian|German,premium,18-24,Other,Exam,2025-12
HT_014931,2025-08-06,Brazil,Chinese,French,free,25-34,F,Travel,2025-08
HT_014932,2026-03-19,Germany,English,Arabic|Dutch,free,25-34,M,Travel,2026-03
HT_014933,2025-09-11,Canada,German,English|Chinese|Arabic,free,25-34,F,Exam,2025-09
HT_014934,2025-09-05,China,Portuguese,Arabic,free,45+,M,Travel,2025-09
HT_014935,2026-02-27,France,English,Spanish|German|Italian,free,35-44,Other,Immigration,2026-02
HT_014936,2025-07-08,Canada,Spanish,English,free,25-34,F,Immigration,2025-07
HT_014937,2025-09-06,France,Korean,Portuguese|English,premium,25-34,F,Hobby,2025-09
HT_014938,2025-10-15,France,Japanese,Portuguese,free,25-34,M,Exam,2025-10
HT_014939,2026-01-20,France,German,Korean|Spanish|Portuguese,free,25-34,Other,Travel,2026-01
HT_014940,2025-06-20,South Korea,Japanese,English|Spanish,free,18-24,M,Exam,2025-06
HT_014941,2026-04-07,Mexico,French,Korean|Portuguese|Russian,free,18-24,Other,Immigration,2026-04
HT_014942,2025-09-28,Brazil,French,Arabic,premium,35-44,F,Travel,2025-09
HT_014943,2025-11-22,France,English,French|Chinese,premium,25-34,F,Immigration,2025-11
HT_014944,2025-06-03,Spain,Russian,Italian|German|Spanish,free,35-44,F,Hobby,2025-06
HT_014945,2025-08-18,France,Arabic,Korean|Spanish|Japanese,free,18-24,Other,Travel,2025-08
HT_014946,2025-09-11,Spain,German,Italian,premium,25-34,Other,Exam,2025-09
HT_014947,2025-08-08,Canada,Dutch,Arabic,free,25-34,Other,Business,2025-08
HT_014948,2025-10-12,Mexico,German,English|Italian,free,18-24,F,Hobby,2025-10
HT_014949,2026-01-23,Australia,Japanese,Russian|Italian,free,35-44,Other,Immigration,2026-01
HT_014950,2026-01-07,UK,Dutch,Portuguese,free,25-34,F,Hobby,2026-01
HT_014951,2025-09-28,Germany,German,Arabic|French,premium,18-24,M,Immigration,2025-09
HT_014952,2025-06-27,China,Chinese,Italian|French,free,35-44,F,Exam,2025-06
HT_014953,2026-03-15,Brazil,English,Russian,free,18-24,M,Exam,2026-03
HT_014954,2025-07-11,Australia,Italian,Japanese,free,18-24,M,Exam,2025-07
HT_014955,2025-05-28,Brazil,German,Italian,free,35-44,M,Hobby,2025-05
HT_014956,2025-11-02,USA,French,Italian|English|Arabic,premium,25-34,F,Exam,2025-11
HT_014957,2025-07-20,France,Russian,Arabic|Italian|English,free,25-34,Other,Hobby,2025-07
HT_014958,2025-10-03,France,Arabic,Portuguese|German,premium,18-24,M,Business,2025-10
HT_014959,2026-03-14,Mexico,English,Japanese,free,25-34,M,Immigration,2026-03
HT_014960,2026-03-10,Germany,Portuguese,English,free,18-24,F,Immigration,2026-03
HT_014961,2025-12-21,Mexico,Spanish,English,free,25-34,Other,Exam,2025-12
HT_014962,2026-02-04,Germany,English,Korean|Japanese,free,25-34,Other,Hobby,2026-02
HT_014963,2025-10-09,France,Dutch,Japanese|Korean|French,free,25-34,Other,Travel,2025-10
HT_014964,2025-12-25,Canada,Portuguese,French,premium,45+,Other,Immigration,2025-12
HT_014965,2026-03-24,Mexico,Japanese,Dutch,free,18-24,M,Hobby,2026-03
HT_014966,2025-12-22,USA,Chinese,German|French|Dutch,free,25-34,F,Travel,2025-12
HT_014967,2026-04-11,Brazil,Portuguese,Russian|Korean,free,18-24,Other,Immigration,2026-04
HT_014968,2026-04-03,South Korea,French,Dutch|English|German,free,25-34,M,Immigration,2026-04
HT_014969,2025-11-06,Canada,Italian,German|Portuguese|Korean,free,35-44,M,Business,2025-11
HT_014970,2025-04-16,Brazil,Spanish,English|Dutch,free,18-24,Other,Hobby,2025-04
HT_014971,2025-05-08,Mexico,Korean,German|Russian|Spanish,free,18-24,F,Exam,2025-05
HT_014972,2026-03-29,Spain,Russian,Spanish|Chinese|Korean,free,25-34,M,Immigration,2026-03
HT_014973,2026-01-17,Australia,Dutch,English|French,free,25-34,F,Business,2026-01
HT_014974,2026-02-13,Spain,English,French|Chinese|Japanese,free,25-34,M,Business,2026-02
HT_014975,2026-02-01,Australia,Arabic,Russian|Spanish|Italian,free,18-24,Other,Exam,2026-02
HT_014976,2026-03-09,France,Japanese,English|Russian|Dutch,premium,35-44,Other,Travel,2026-03
HT_014977,2026-01-11,Mexico,Spanish,Korean,free,35-44,F,Immigration,2026-01
HT_014978,2025-12-05,Spain,French,Spanish|Korean|Chinese,premium,35-44,Other,Business,2025-12
HT_014979,2026-01-15,Australia,French,Spanish|Arabic|English,premium,25-34,F,Exam,2026-01
HT_014980,2026-03-28,Mexico,French,English|Dutch|German,free,35-44,Other,Travel,2026-03
HT_014981,2025-10-07,Spain,Portuguese,Dutch|Spanish,premium,25-34,M,Hobby,2025-10
HT_014982,2025-07-08,Japan,German,Italian|Portuguese|Arabic,free,35-44,F,Business,2025-07
HT_014983,2026-03-05,UK,Russian,Chinese|Italian,free,18-24,F,Hobby,2026-03
HT_014984,2025-07-22,UK,Dutch,Spanish|Arabic|Chinese,free,45+,Other,Immigration,2025-07
HT_014985,2025-07-25,South Korea,Italian,Spanish|Chinese,free,18-24,M,Hobby,2025-07
HT_014986,2026-01-17,China,Japanese,Chinese|French,free,25-34,Other,Exam,2026-01
HT_014987,2026-04-05,USA,Arabic,Portuguese,free,25-34,F,Exam,2026-04
HT_014988,2025-09-16,Brazil,Italian,Spanish|German|Chinese,premium,25-34,F,Immigration,2025-09
HT_014989,2025-11-25,South Korea,English,Chinese,free,25-34,F,Hobby,2025-11
HT_014990,2025-05-01,Germany,Japanese,French|Dutch|Italian,free,18-24,Other,Immigration,2025-05
HT_014991,2025-12-28,USA,Japanese,Italian,free,25-34,F,Exam,2025-12
HT_014992,2025-05-14,Canada,French,Spanish,free,45+,M,Immigration,2025-05
HT_014993,2025-07-26,Mexico,Russian,Chinese,premium,25-34,M,Travel,2025-07
HT_014994,2025-06-10,Mexico,Japanese,German,free,18-24,Other,Travel,2025-06
HT_014995,2026-02-15,Spain,Portuguese,Russian|French|Italian,free,25-34,M,Travel,2026-02
HT_014996,2025-07-26,Australia,Arabic,Dutch|Korean,premium,25-34,M,Exam,2025-07
HT_014997,2025-05-23,Japan,Korean,Italian|English|Japanese,free,25-34,Other,Business,2025-05
HT_014998,2025-09-28,UK,Japanese,French,premium,18-24,Other,Travel,2025-09
HT_014999,2026-01-03,UK,Portuguese,French|Chinese,free,45+,F,Business,2026-01
HT_015000,2025-09-18,USA,Dutch,Arabic|Portuguese,free,18-24,Other,Business,2025-09
HT_015001,2025-08-03,France,French,German,free,35-44,M,Exam,2025-08
HT_015002,2025-10-10,UK,English,Portuguese,free,18-24,F,Exam,2025-10
HT_015003,2025-09-28,Germany,Japanese,Portuguese|English,free,25-34,F,Immigration,2025-09
HT_015004,2025-07-17,USA,Russian,Italian|Arabic,premium,18-24,Other,Exam,2025-07
HT_015005,2025-07-10,Canada,Korean,Japanese|Arabic|Chinese,free,45+,Other,Travel,2025-07
HT_015006,2025-08-02,UK,Russian,Portuguese|English,premium,25-34,Other,Exam,2025-08
HT_015007,2025-08-01,Brazil,Spanish,Arabic|Korean,premium,25-34,M,Business,2025-08
HT_015008,2025-12-11,Japan,Arabic,Japanese,premium,25-34,Other,Immigration,2025-12
HT_015009,2025-10-01,Mexico,Dutch,Japanese|Arabic|Spanish,free,35-44,M,Hobby,2025-10
HT_015010,2025-09-12,USA,Russian,Portuguese,free,18-24,Other,Hobby,2025-09
HT_015011,2026-01-10,Brazil,Dutch,French|Portuguese|Japanese,free,25-34,Other,Exam,2026-01
HT_015012,2025-12-08,Spain,Italian,German|Dutch,free,25-34,F,Travel,2025-12
HT_015013,2026-03-09,Spain,Korean,French,free,18-24,Other,Hobby,2026-03
HT_015014,2025-05-27,China,Portuguese,Dutch|Spanish,free,35-44,M,Exam,2025-05
HT_015015,2026-02-25,China,Chinese,Korean|French,premium,25-34,M,Immigration,2026-02
HT_015016,2026-04-08,Japan,English,Portuguese|Arabic,free,18-24,M,Hobby,2026-04
HT_015017,2025-07-12,Canada,French,Chinese,free,18-24,Other,Exam,2025-07
HT_015018,2026-03-28,USA,Korean,Spanish|German|Italian,premium,18-24,M,Hobby,2026-03
HT_015019,2026-03-21,South Korea,Korean,Spanish,free,18-24,M,Immigration,2026-03
HT_015020,2025-06-11,China,Russian,Portuguese|Japanese,free,18-24,F,Exam,2025-06
HT_015021,2026-02-05,Mexico,Italian,Spanish|Japanese,free,25-34,M,Immigration,2026-02
HT_015022,2026-03-03,Canada,Russian,Spanish|Arabic|French,premium,18-24,F,Hobby,2026-03
HT_015023,2025-05-03,Germany,Russian,Italian|Spanish,free,18-24,M,Business,2025-05
HT_015024,2025-08-07,Canada,Portuguese,Spanish|Japanese|Russian,free,25-34,Other,Hobby,2025-08
HT_015025,2026-02-12,Brazil,English,Portuguese|Spanish|Chinese,free,18-24,Other,Exam,2026-02
HT_015026,2025-07-31,Germany,Italian,Russian,free,35-44,F,Hobby,2025-07
HT_015027,2026-02-10,Brazil,Dutch,Portuguese|English|German,free,35-44,Other,Hobby,2026-02
HT_015028,2025-04-30,France,French,Portuguese,premium,25-34,Other,Hobby,2025-04
HT_015029,2025-05-01,Brazil,German,Japanese|Arabic|Russian,free,18-24,M,Hobby,2025-05
HT_015030,2025-10-16,Spain,French,Japanese,free,18-24,M,Exam,2025-10
HT_015031,2025-12-15,Germany,Arabic,English,free,18-24,Other,Business,2025-12
HT_015032,2025-12-20,UK,French,English|Japanese,free,35-44,M,Exam,2025-12
HT_015033,2026-03-27,South Korea,French,Portuguese|Arabic|English,free,18-24,F,Business,2026-03
HT_015034,2025-12-20,Spain,Chinese,French|Russian|English,free,35-44,Other,Travel,2025-12
HT_015035,2026-02-11,South Korea,Korean,Dutch|Portuguese|French,free,18-24,M,Hobby,2026-02
HT_015036,2025-12-12,USA,Japanese,Spanish,free,18-24,Other,Immigration,2025-12
HT_015037,2025-08-14,Mexico,Korean,Spanish|Arabic|Chinese,premium,25-34,Other,Travel,2025-08
HT_015038,2025-04-19,Brazil,Portuguese,English|Spanish,free,35-44,M,Immigration,2025-04
HT_015039,2025-12-23,Australia,Chinese,French,free,18-24,Other,Hobby,2025-12
HT_015040,2025-08-18,Japan,English,Arabic,free,18-24,Other,Hobby,2025-08
HT_015041,2025-07-18,South Korea,English,Italian,free,25-34,Other,Exam,2025-07
HT_015042,2025-06-03,Japan,Chinese,Portuguese|Japanese,free,18-24,F,Immigration,2025-06
HT_015043,2026-01-20,France,Chinese,German|Russian|Korean,premium,18-24,Other,Immigration,2026-01
HT_015044,2025-05-17,Japan,Dutch,Korean,free,25-34,F,Travel,2025-05
HT_015045,2025-08-03,Mexico,Japanese,Portuguese|Chinese,premium,18-24,M,Exam,2025-08
HT_015046,2026-02-26,USA,Italian,Chinese,free,35-44,Other,Hobby,2026-02
HT_015047,2025-07-13,China,Portuguese,Italian,free,45+,F,Travel,2025-07
HT_015048,2025-09-30,Brazil,Korean,Russian,free,18-24,M,Travel,2025-09
HT_015049,2025-10-09,France,German,French,premium,25-34,M,Exam,2025-10
HT_015050,2025-10-29,South Korea,Russian,German,free,18-24,M,Business,2025-10
HT_015051,2025-11-26,South Korea,Japanese,Arabic|Spanish|Chinese,free,35-44,F,Hobby,2025-11
HT_015052,2025-08-24,UK,English,Italian|Korean|French,premium,25-34,F,Travel,2025-08
HT_015053,2025-06-04,South Korea,Italian,Chinese|Arabic|Portuguese,premium,45+,M,Immigration,2025-06
HT_015054,2026-01-10,USA,Dutch,Korean|English,premium,35-44,M,Exam,2026-01
HT_015055,2025-05-01,Australia,Russian,Arabic,free,18-24,Other,Immigration,2025-05
HT_015056,2025-07-21,USA,Korean,Portuguese,free,25-34,Other,Immigration,2025-07
HT_015057,2025-05-04,UK,Russian,French|Spanish|English,free,18-24,F,Travel,2025-05
HT_015058,2025-06-04,Mexico,Russian,English|Dutch,free,18-24,M,Exam,2025-06
HT_015059,2025-08-27,UK,Korean,Italian|Arabic|Japanese,premium,18-24,Other,Business,2025-08
HT_015060,2026-01-17,Spain,Chinese,Italian|Arabic|Dutch,free,18-24,F,Business,2026-01
HT_015061,2025-06-20,Brazil,Russian,Chinese,free,45+,M,Immigration,2025-06
HT_015062,2026-03-28,Mexico,Spanish,Dutch|English|Chinese,free,25-34,F,Hobby,2026-03
HT_015063,2025-04-28,Canada,Chinese,Korean|English,premium,35-44,F,Hobby,2025-04
HT_015064,2025-08-05,Australia,English,Portuguese|French,premium,18-24,F,Immigration,2025-08
HT_015065,2026-03-05,Spain,Russian,Korean|Spanish|Japanese,premium,18-24,M,Exam,2026-03
HT_015066,2025-11-25,Mexico,Italian,Dutch,free,18-24,Other,Travel,2025-11
HT_015067,2025-09-16,Spain,German,Dutch|Italian|French,premium,25-34,F,Exam,2025-09
HT_015068,2026-02-03,Mexico,Italian,Japanese|German,premium,35-44,Other,Exam,2026-02
HT_015069,2025-04-16,USA,Italian,French|Dutch|Korean,free,35-44,F,Immigration,2025-04
HT_015070,2025-08-02,UK,Russian,Portuguese|French|Japanese,free,25-34,F,Business,2025-08
HT_015071,2025-10-30,Brazil,Japanese,Arabic|English,free,18-24,M,Immigration,2025-10
HT_015072,2025-08-06,France,Spanish,Chinese|Russian|Korean,free,25-34,F,Hobby,2025-08
HT_015073,2026-03-05,Australia,French,Japanese|Italian,free,25-34,F,Business,2026-03
HT_015074,2025-08-31,Canada,Japanese,French,free,25-34,F,Exam,2025-08
HT_015075,2025-07-12,Canada,Dutch,English,free,18-24,M,Business,2025-07
HT_015076,2025-09-28,Germany,Arabic,Chinese|Spanish,premium,25-34,Other,Hobby,2025-09
HT_015077,2025-06-30,China,Japanese,Portuguese,free,18-24,F,Travel,2025-06
HT_015078,2025-10-26,UK,Japanese,English|Dutch,free,45+,M,Exam,2025-10
HT_015079,2025-07-26,Brazil,Japanese,French,free,18-24,Other,Exam,2025-07
HT_015080,2026-03-17,China,German,Russian|Dutch|English,free,35-44,Other,Immigration,2026-03
HT_015081,2025-11-18,Spain,Spanish,Russian|Portuguese,premium,25-34,M,Hobby,2025-11
HT_015082,2025-11-26,Australia,Italian,French|Chinese|Japanese,free,18-24,F,Immigration,2025-11
HT_015083,2026-02-13,USA,Japanese,French|Portuguese,free,18-24,Other,Exam,2026-02
HT_015084,2026-02-04,Canada,Russian,Arabic|Dutch,free,25-34,M,Business,2026-02
HT_015085,2026-03-02,Spain,Russian,German|Chinese,free,25-34,F,Hobby,2026-03
HT_015086,2026-02-17,China,Korean,Japanese|English,free,18-24,F,Immigration,2026-02
HT_015087,2025-07-20,Canada,English,Dutch|Arabic|Italian,free,25-34,F,Business,2025-07
HT_015088,2025-12-23,France,Chinese,German|Korean,free,35-44,M,Immigration,2025-12
HT_015089,2025-12-15,China,Chinese,Japanese|Arabic,free,18-24,Other,Travel,2025-12
HT_015090,2025-06-28,South Korea,Japanese,Spanish,free,18-24,Other,Hobby,2025-06
HT_015091,2025-11-05,Japan,Arabic,Chinese|English,free,18-24,Other,Hobby,2025-11
HT_015092,2025-06-23,Germany,Dutch,Russian|Korean,free,18-24,Other,Exam,2025-06
HT_015093,2026-04-05,Mexico,Italian,Dutch|Russian|Arabic,free,25-34,Other,Exam,2026-04
HT_015094,2025-10-27,South Korea,Spanish,Russian|Portuguese|Japanese,free,18-24,Other,Hobby,2025-10
HT_015095,2025-04-17,South Korea,Japanese,Russian|Portuguese,free,18-24,Other,Travel,2025-04
HT_015096,2025-10-04,Australia,French,Italian|Russian,free,25-34,F,Immigration,2025-10
HT_015097,2025-05-22,Spain,Spanish,English|German|Portuguese,free,25-34,F,Exam,2025-05
HT_015098,2025-09-05,Japan,Italian,Russian|Japanese,premium,18-24,Other,Immigration,2025-09
HT_015099,2026-01-20,Australia,German,Russian,free,25-34,Other,Business,2026-01
HT_015100,2025-10-16,Japan,Japanese,Dutch|Italian|Russian,free,25-34,Other,Immigration,2025-10
HT_015101,2025-08-01,Brazil,Chinese,Russian|Italian,free,18-24,F,Exam,2025-08
HT_015102,2025-08-30,Germany,Japanese,Chinese|Spanish,free,35-44,Other,Hobby,2025-08
HT_015103,2025-05-10,USA,German,Arabic|Italian|Chinese,free,25-34,M,Business,2025-05
HT_015104,2025-12-16,Brazil,Russian,Italian|Dutch|English,free,25-34,M,Travel,2025-12
HT_015105,2025-07-11,Brazil,Russian,Italian|Chinese,free,18-24,Other,Exam,2025-07
HT_015106,2025-06-02,Canada,Arabic,Dutch|Japanese,free,18-24,M,Immigration,2025-06
HT_015107,2026-04-11,Japan,Arabic,Italian|Korean,free,35-44,M,Hobby,2026-04
HT_015108,2025-12-27,UK,German,Chinese|Spanish|Italian,free,25-34,F,Immigration,2025-12
HT_015109,2025-11-13,Japan,Chinese,Korean,premium,18-24,F,Business,2025-11
HT_015110,2025-11-27,UK,French,Chinese,free,18-24,M,Hobby,2025-11
HT_015111,2025-08-06,USA,Dutch,French|Russian|German,free,18-24,Other,Business,2025-08
HT_015112,2026-03-21,South Korea,Japanese,Chinese|Spanish|Dutch,free,25-34,Other,Immigration,2026-03
HT_015113,2025-12-02,Japan,Dutch,Korean|Chinese,free,35-44,F,Travel,2025-12
HT_015114,2025-08-15,Spain,Dutch,Japanese,free,35-44,F,Business,2025-08
HT_015115,2025-11-17,China,Dutch,French|English,free,45+,Other,Travel,2025-11
HT_015116,2025-06-21,South Korea,Spanish,English,free,18-24,F,Business,2025-06
HT_015117,2025-04-22,Spain,Italian,English|Arabic,free,25-34,M,Exam,2025-04
HT_015118,2026-01-13,Brazil,French,Korean,premium,18-24,F,Hobby,2026-01
HT_015119,2025-10-07,France,Korean,English|Chinese,free,25-34,Other,Travel,2025-10
HT_015120,2025-12-31,Spain,Portuguese,Chinese|French|Korean,free,25-34,M,Travel,2025-12
HT_015121,2026-02-15,France,Dutch,Korean,free,18-24,F,Business,2026-02
HT_015122,2025-08-06,Brazil,English,Arabic|Dutch|German,premium,25-34,F,Exam,2025-08
HT_015123,2025-06-05,Australia,Italian,French,free,18-24,Other,Hobby,2025-06
HT_015124,2025-12-31,France,Chinese,French|Dutch|Korean,free,25-34,Other,Immigration,2025-12
HT_015125,2025-12-03,China,Arabic,Korean|Spanish|English,free,25-34,Other,Hobby,2025-12
HT_015126,2025-09-26,France,Italian,Spanish|English|Portuguese,free,18-24,Other,Travel,2025-09
HT_015127,2025-04-21,UK,Arabic,Spanish,free,18-24,Other,Business,2025-04
HT_015128,2026-01-11,UK,Japanese,Spanish|Arabic,free,18-24,F,Business,2026-01
HT_015129,2025-04-21,UK,Chinese,Japanese|Portuguese,free,18-24,F,Exam,2025-04
HT_015130,2026-02-14,Canada,English,Spanish|German,free,45+,M,Travel,2026-02
HT_015131,2025-08-30,Australia,Italian,Dutch|English|Spanish,free,35-44,F,Travel,2025-08
HT_015132,2026-02-23,Canada,English,Korean,premium,25-34,M,Exam,2026-02
HT_015133,2025-04-22,South Korea,Russian,Portuguese|Spanish,free,18-24,Other,Hobby,2025-04
HT_015134,2026-02-26,Brazil,Dutch,Korean|Arabic,free,18-24,Other,Travel,2026-02
HT_015135,2025-12-11,Australia,Italian,Portuguese|Dutch|French,free,35-44,F,Travel,2025-12
HT_015136,2025-05-28,China,Japanese,Italian|Arabic|Russian,free,25-34,M,Travel,2025-05
HT_015137,2025-06-11,Mexico,Arabic,Spanish|Japanese,premium,18-24,Other,Business,2025-06
HT_015138,2026-02-03,Spain,Russian,English|Chinese|Spanish,free,25-34,F,Business,2026-02
HT_015139,2025-11-23,Spain,Spanish,French|Chinese,premium,45+,M,Business,2025-11
HT_015140,2025-07-29,South Korea,Dutch,Portuguese|German,free,18-24,F,Exam,2025-07
HT_015141,2025-08-04,China,Portuguese,English|Spanish|German,free,25-34,Other,Business,2025-08
HT_015142,2026-02-22,China,Chinese,Dutch,free,25-34,F,Business,2026-02
HT_015143,2025-04-24,Japan,German,French|English,free,18-24,F,Travel,2025-04
HT_015144,2025-06-16,Japan,Chinese,Korean|Arabic|Japanese,free,18-24,F,Hobby,2025-06
HT_015145,2026-03-19,South Korea,Korean,German,free,45+,F,Exam,2026-03
HT_015146,2025-05-07,Spain,Dutch,French|Portuguese,free,45+,M,Travel,2025-05
HT_015147,2026-01-24,UK,Japanese,Russian,free,45+,Other,Business,2026-01
HT_015148,2025-05-16,France,French,Arabic|Korean,free,25-34,M,Hobby,2025-05
HT_015149,2025-08-16,Australia,Chinese,Portuguese|English|Russian,free,25-34,F,Immigration,2025-08
HT_015150,2025-12-11,Australia,Japanese,Italian|Korean|Chinese,free,25-34,F,Business,2025-12
HT_015151,2026-03-21,Australia,Italian,French|Portuguese|Dutch,free,25-34,M,Business,2026-03
HT_015152,2025-10-08,Germany,Russian,Portuguese,free,35-44,F,Business,2025-10
HT_015153,2025-07-23,China,English,French|Italian|Arabic,free,35-44,F,Exam,2025-07
HT_015154,2025-12-07,Brazil,Dutch,Korean,free,25-34,M,Exam,2025-12
HT_015155,2026-02-04,Mexico,Japanese,German|Russian|English,free,25-34,F,Travel,2026-02
HT_015156,2025-08-04,Japan,English,Dutch,free,35-44,M,Exam,2025-08
HT_015157,2025-09-23,Mexico,Spanish,Chinese|German,free,18-24,F,Business,2025-09
HT_015158,2025-06-01,Japan,Dutch,German,free,25-34,F,Exam,2025-06
HT_015159,2025-09-14,Germany,English,Japanese,free,18-24,F,Hobby,2025-09
HT_015160,2025-07-25,UK,Chinese,Arabic,premium,18-24,F,Immigration,2025-07
HT_015161,2025-04-16,South Korea,Italian,English,free,25-34,Other,Exam,2025-04
HT_015162,2025-05-02,South Korea,Chinese,Japanese,free,35-44,Other,Business,2025-05
HT_015163,2025-09-20,UK,Arabic,Dutch,free,35-44,Other,Business,2025-09
HT_015164,2025-06-24,USA,German,Dutch|English|Korean,free,45+,Other,Hobby,2025-06
HT_015165,2026-03-14,UK,Korean,Japanese|French,free,35-44,M,Exam,2026-03
HT_015166,2026-03-23,Australia,Dutch,German|Arabic,free,25-34,Other,Hobby,2026-03
HT_015167,2026-02-11,Japan,Russian,Chinese|French,free,18-24,Other,Exam,2026-02
HT_015168,2026-03-24,UK,English,German|Japanese|Portuguese,free,35-44,Other,Travel,2026-03
HT_015169,2025-09-21,South Korea,Russian,German,free,25-34,Other,Immigration,2025-09
HT_015170,2025-06-19,Canada,English,Spanish,premium,25-34,Other,Exam,2025-06
HT_015171,2025-12-31,Mexico,French,Spanish|Dutch|German,free,25-34,Other,Exam,2025-12
HT_015172,2026-02-13,South Korea,Portuguese,Spanish|Japanese,free,18-24,M,Hobby,2026-02
HT_015173,2026-01-29,UK,Arabic,English|Dutch|German,free,18-24,F,Hobby,2026-01
HT_015174,2025-08-03,Canada,Spanish,Portuguese,free,18-24,M,Hobby,2025-08
HT_015175,2026-03-24,Spain,Portuguese,Dutch,premium,18-24,F,Exam,2026-03
HT_015176,2025-08-12,Spain,Arabic,Korean|Chinese|Portuguese,free,25-34,Other,Travel,2025-08
HT_015177,2026-01-24,Brazil,Italian,Korean|Spanish,free,25-34,M,Exam,2026-01
HT_015178,2025-04-16,USA,French,Spanish,premium,18-24,Other,Business,2025-04
HT_015179,2026-01-22,Australia,Spanish,English|Korean|Russian,free,25-34,Other,Business,2026-01
HT_015180,2025-12-02,China,Japanese,Chinese,premium,18-24,M,Hobby,2025-12
HT_015181,2026-01-17,Australia,Korean,Russian|English,free,18-24,M,Business,2026-01
HT_015182,2025-09-27,Canada,Arabic,Portuguese,premium,45+,M,Exam,2025-09
HT_015183,2025-08-03,Japan,English,Japanese,free,18-24,F,Business,2025-08
HT_015184,2026-03-08,Japan,Russian,Dutch|French,free,18-24,M,Business,2026-03
HT_015185,2025-11-07,Canada,Spanish,Dutch|Russian,free,18-24,Other,Immigration,2025-11
HT_015186,2025-09-30,Germany,Spanish,Arabic|English,premium,35-44,M,Business,2025-09
HT_015187,2026-03-09,Japan,Japanese,Korean,free,25-34,M,Exam,2026-03
HT_015188,2026-01-23,UK,Chinese,English,premium,18-24,Other,Hobby,2026-01
HT_015189,2025-09-16,Japan,German,Japanese|Italian|Dutch,free,35-44,M,Hobby,2025-09
HT_015190,2025-08-31,China,Dutch,Korean,free,35-44,Other,Hobby,2025-08
HT_015191,2025-07-16,Mexico,Chinese,English,free,45+,Other,Exam,2025-07
HT_015192,2026-01-05,France,Arabic,German|Spanish|Japanese,free,18-24,M,Exam,2026-01
HT_015193,2025-09-26,USA,Portuguese,Korean|Japanese|French,free,25-34,M,Exam,2025-09
HT_015194,2025-10-20,China,Chinese,Portuguese|French,free,18-24,Other,Business,2025-10
HT_015195,2025-05-01,Mexico,German,Dutch|Arabic,free,45+,Other,Business,2025-05
HT_015196,2025-09-27,UK,French,Korean,free,25-34,M,Hobby,2025-09
HT_015197,2026-04-02,Japan,Italian,Korean|Chinese|Arabic,free,25-34,Other,Immigration,2026-04
HT_015198,2025-12-06,France,Portuguese,Italian,free,35-44,F,Travel,2025-12
HT_015199,2025-10-27,USA,English,Korean,free,18-24,F,Business,2025-10
HT_015200,2026-04-02,Brazil,French,Arabic|English|Chinese,premium,18-24,M,Travel,2026-04
HT_015201,2026-04-08,Australia,Italian,Portuguese,free,18-24,Other,Travel,2026-04
HT_015202,2026-03-15,Spain,Italian,German,free,18-24,Other,Business,2026-03
HT_015203,2025-06-17,France,Japanese,Italian,free,35-44,M,Exam,2025-06
HT_015204,2025-08-14,Spain,Japanese,Arabic|Russian|Chinese,premium,35-44,F,Business,2025-08
HT_015205,2025-12-13,USA,Russian,Arabic|Spanish|Japanese,free,35-44,M,Business,2025-12
HT_015206,2025-12-17,Brazil,Arabic,Korean|Spanish|French,free,35-44,Other,Exam,2025-12
HT_015207,2025-09-19,USA,Japanese,Italian|Dutch,free,18-24,Other,Immigration,2025-09
HT_015208,2025-11-14,China,English,Spanish|Dutch,free,35-44,Other,Business,2025-11
HT_015209,2026-03-30,China,Spanish,Portuguese,free,25-34,F,Hobby,2026-03
HT_015210,2025-07-01,South Korea,Chinese,English|Italian,premium,18-24,M,Travel,2025-07
HT_015211,2025-09-09,South Korea,Russian,English,free,35-44,M,Hobby,2025-09
HT_015212,2026-03-02,USA,Spanish,Italian|Chinese,free,25-34,M,Travel,2026-03
HT_015213,2025-09-03,Brazil,Portuguese,Japanese,free,45+,M,Travel,2025-09
HT_015214,2025-11-12,South Korea,Arabic,Korean|Japanese,free,25-34,Other,Immigration,2025-11
HT_015215,2025-09-13,USA,Chinese,English|Russian|Dutch,free,35-44,F,Hobby,2025-09
HT_015216,2026-03-16,Brazil,French,Arabic|German,free,25-34,Other,Travel,2026-03
HT_015217,2025-06-18,Japan,French,English,free,18-24,M,Immigration,2025-06
HT_015218,2025-12-27,UK,Arabic,Portuguese,premium,18-24,F,Hobby,2025-12
HT_015219,2025-08-26,France,Spanish,French|Japanese|Russian,free,25-34,F,Immigration,2025-08
HT_015220,2026-03-28,USA,Korean,French|English,free,35-44,F,Immigration,2026-03
HT_015221,2025-12-14,Germany,Chinese,Japanese,free,25-34,F,Hobby,2025-12
HT_015222,2026-04-01,Canada,Spanish,German|French,free,25-34,F,Hobby,2026-04
HT_015223,2025-08-10,France,Japanese,Dutch|Spanish|Chinese,premium,18-24,Other,Immigration,2025-08
HT_015224,2025-08-02,Mexico,Portuguese,English|Korean,free,25-34,M,Business,2025-08
HT_015225,2025-08-08,Japan,Italian,Russian|French|Korean,premium,25-34,M,Travel,2025-08
HT_015226,2026-04-06,France,Dutch,German|Portuguese,free,18-24,Other,Travel,2026-04
HT_015227,2025-07-06,Mexico,Chinese,Spanish|English|Korean,free,35-44,M,Business,2025-07
HT_015228,2026-02-07,France,Spanish,Russian,free,35-44,F,Travel,2026-02
HT_015229,2025-04-12,China,Russian,Portuguese|Dutch,free,25-34,F,Hobby,2025-04
HT_015230,2025-12-03,France,Arabic,Dutch|Japanese|Portuguese,free,18-24,M,Business,2025-12
HT_015231,2026-01-03,Canada,Arabic,Korean|Portuguese,free,18-24,F,Exam,2026-01
HT_015232,2025-11-25,UK,Russian,Korean,free,18-24,Other,Exam,2025-11
HT_015233,2026-04-04,USA,Russian,Portuguese,free,18-24,Other,Travel,2026-04
HT_015234,2025-07-03,Germany,German,Italian,free,35-44,Other,Travel,2025-07
HT_015235,2025-12-31,USA,Portuguese,Korean,free,18-24,F,Exam,2025-12
HT_015236,2026-03-19,Japan,Russian,Italian|Dutch|Chinese,free,25-34,M,Business,2026-03
HT_015237,2025-11-18,South Korea,Italian,Chinese|Arabic|Spanish,free,35-44,Other,Exam,2025-11
HT_015238,2025-06-02,Canada,Italian,German|Korean|Portuguese,premium,25-34,M,Exam,2025-06
HT_015239,2025-09-25,Japan,Japanese,Dutch|French|German,free,25-34,M,Business,2025-09
HT_015240,2025-08-06,Germany,English,Korean|Russian,free,25-34,Other,Hobby,2025-08
HT_015241,2026-02-06,Canada,English,Russian|Japanese,premium,25-34,F,Hobby,2026-02
HT_015242,2026-02-27,Australia,Italian,Arabic,premium,25-34,M,Travel,2026-02
HT_015243,2025-12-26,UK,German,Korean,free,18-24,Other,Immigration,2025-12
HT_015244,2025-05-04,South Korea,English,German|French|Italian,premium,25-34,M,Business,2025-05
HT_015245,2026-02-25,UK,English,German|Russian,free,18-24,M,Exam,2026-02
HT_015246,2025-06-03,Spain,Russian,Italian|Portuguese|German,free,25-34,Other,Immigration,2025-06
HT_015247,2025-07-31,Germany,Dutch,French|German,free,25-34,F,Exam,2025-07
HT_015248,2025-07-01,Spain,German,Portuguese|Chinese,free,18-24,F,Immigration,2025-07
HT_015249,2025-05-10,Mexico,Dutch,English,free,45+,Other,Business,2025-05
HT_015250,2026-03-03,China,Spanish,Italian|Chinese|Dutch,free,25-34,Other,Business,2026-03
HT_015251,2025-11-03,Australia,Italian,Korean,free,45+,Other,Business,2025-11
HT_015252,2026-01-05,Mexico,Russian,Japanese|Chinese,free,18-24,F,Immigration,2026-01
HT_015253,2026-02-03,USA,Chinese,Spanish|English|Korean,free,18-24,M,Business,2026-02
HT_015254,2026-03-02,Brazil,Spanish,Italian,free,25-34,Other,Business,2026-03
HT_015255,2025-05-29,Germany,Chinese,English|German|Spanish,free,35-44,M,Business,2025-05
HT_015256,2025-04-27,UK,French,Italian,free,25-34,M,Immigration,2025-04
HT_015257,2025-07-21,Spain,Russian,Italian|English|Spanish,free,18-24,Other,Travel,2025-07
HT_015258,2025-07-10,China,Chinese,Portuguese|Russian,free,25-34,M,Immigration,2025-07
HT_015259,2025-09-30,Germany,Russian,English|Italian,free,45+,F,Hobby,2025-09
HT_015260,2026-01-26,Australia,Chinese,Spanish,free,18-24,Other,Exam,2026-01
HT_015261,2026-01-18,France,English,Russian,free,18-24,F,Exam,2026-01
HT_015262,2025-04-28,UK,Chinese,English,premium,35-44,F,Travel,2025-04
HT_015263,2026-02-25,South Korea,Portuguese,Korean|German|Chinese,free,18-24,F,Hobby,2026-02
HT_015264,2025-12-01,Spain,Korean,French|Portuguese|German,free,35-44,F,Travel,2025-12
HT_015265,2026-01-05,South Korea,Japanese,Portuguese|Chinese|English,free,25-34,F,Business,2026-01
HT_015266,2025-05-07,Spain,Russian,English,premium,25-34,Other,Immigration,2025-05
HT_015267,2025-12-04,Germany,French,Arabic,free,18-24,Other,Immigration,2025-12
HT_015268,2025-12-22,UK,Italian,Dutch|German|Russian,free,35-44,F,Travel,2025-12
HT_015269,2026-03-09,Brazil,Portuguese,Italian,free,18-24,M,Hobby,2026-03
HT_015270,2025-10-23,Brazil,Dutch,Russian,free,25-34,M,Business,2025-10
HT_015271,2025-04-23,Japan,Portuguese,Korean,premium,18-24,Other,Exam,2025-04
HT_015272,2025-10-25,UK,Japanese,Korean|Italian,free,35-44,M,Travel,2025-10
HT_015273,2026-03-26,Mexico,Dutch,German,free,25-34,F,Travel,2026-03
HT_015274,2025-12-06,USA,Russian,English|Korean|Spanish,free,18-24,Other,Business,2025-12
HT_015275,2026-03-04,South Korea,Japanese,Italian|Portuguese|Arabic,free,25-34,Other,Exam,2026-03
HT_015276,2025-11-09,South Korea,Portuguese,French|Arabic|Chinese,free,25-34,F,Business,2025-11
HT_015277,2026-01-22,USA,Russian,French|English|Italian,free,18-24,F,Hobby,2026-01
HT_015278,2025-11-03,Japan,English,Chinese|French|Arabic,free,25-34,M,Immigration,2025-11
HT_015279,2026-03-02,Germany,German,English|Spanish,premium,25-34,M,Hobby,2026-03
HT_015280,2025-12-07,Canada,Spanish,Dutch|Italian|French,premium,35-44,M,Travel,2025-12
HT_015281,2025-09-04,Brazil,Chinese,Arabic|Japanese|Italian,free,18-24,F,Immigration,2025-09
HT_015282,2026-01-08,South Korea,Japanese,French,premium,18-24,F,Business,2026-01
HT_015283,2025-12-25,Spain,French,Portuguese|Dutch,free,25-34,Other,Exam,2025-12
HT_015284,2025-10-22,Japan,Japanese,Portuguese|Italian|German,free,18-24,Other,Hobby,2025-10
HT_015285,2025-04-18,Australia,Japanese,Russian|Italian,free,25-34,F,Travel,2025-04
HT_015286,2025-09-07,Brazil,Arabic,Italian,premium,25-34,F,Hobby,2025-09
HT_015287,2025-05-18,Japan,Arabic,Spanish|Dutch,free,35-44,F,Exam,2025-05
HT_015288,2025-08-02,Germany,Dutch,Italian,free,25-34,M,Exam,2025-08
HT_015289,2025-06-09,Japan,Dutch,Spanish|Russian|French,free,25-34,M,Hobby,2025-06
HT_015290,2025-12-19,South Korea,French,Italian|Dutch|English,free,35-44,Other,Travel,2025-12
HT_015291,2026-03-29,France,Chinese,Dutch|Russian|Arabic,free,25-34,Other,Hobby,2026-03
HT_015292,2025-05-28,Australia,Arabic,Russian|German,free,25-34,F,Travel,2025-05
HT_015293,2025-07-18,Spain,German,Portuguese|Arabic,free,35-44,M,Hobby,2025-07
HT_015294,2025-11-26,Germany,German,Spanish|French,free,35-44,Other,Exam,2025-11
HT_015295,2025-12-23,South Korea,Arabic,Dutch|Chinese|Russian,free,25-34,Other,Business,2025-12
HT_015296,2025-11-12,Germany,French,Portuguese|Arabic|English,premium,18-24,M,Exam,2025-11
HT_015297,2025-07-30,Australia,Japanese,English,free,25-34,F,Immigration,2025-07
HT_015298,2026-01-26,Canada,Russian,Japanese,free,18-24,Other,Immigration,2026-01
HT_015299,2025-06-26,Spain,Dutch,Russian,free,25-34,F,Hobby,2025-06
HT_015300,2025-06-16,USA,Portuguese,Dutch|German|Japanese,free,25-34,Other,Business,2025-06
HT_015301,2026-03-28,Australia,Russian,Portuguese|Chinese|Korean,free,25-34,F,Immigration,2026-03
HT_015302,2026-01-14,USA,Arabic,Portuguese|English,free,45+,M,Hobby,2026-01
HT_015303,2026-03-19,Canada,Portuguese,Dutch,free,18-24,F,Hobby,2026-03
HT_015304,2025-11-02,South Korea,French,Chinese|Russian|Portuguese,free,18-24,Other,Immigration,2025-11
HT_015305,2025-07-21,Canada,Chinese,Japanese|German|Spanish,premium,18-24,M,Travel,2025-07
HT_015306,2026-02-27,China,Chinese,English|Korean|Italian,premium,35-44,Other,Business,2026-02
HT_015307,2025-10-12,Brazil,French,Korean|Arabic,free,25-34,Other,Travel,2025-10
HT_015308,2025-10-08,China,Portuguese,French|Japanese,premium,25-34,Other,Exam,2025-10
HT_015309,2026-01-23,Germany,Portuguese,Spanish|Chinese|English,free,25-34,M,Business,2026-01
HT_015310,2026-01-01,Canada,Portuguese,Korean,free,25-34,F,Exam,2026-01
HT_015311,2025-07-23,UK,Japanese,Russian,free,45+,M,Immigration,2025-07
HT_015312,2025-08-28,UK,Russian,Chinese|English|Dutch,free,25-34,M,Business,2025-08
HT_015313,2025-10-10,France,Korean,Japanese|Spanish,free,25-34,F,Business,2025-10
HT_015314,2026-03-31,Germany,Korean,Italian,free,18-24,Other,Travel,2026-03
HT_015315,2025-05-15,China,Korean,English|Portuguese,free,18-24,M,Business,2025-05
HT_015316,2025-09-29,UK,Portuguese,Italian|Arabic,free,18-24,F,Immigration,2025-09
HT_015317,2025-07-08,Canada,Portuguese,Russian,free,25-34,Other,Exam,2025-07
HT_015318,2026-02-14,Spain,French,Russian|Korean,free,35-44,Other,Exam,2026-02
HT_015319,2025-04-26,Germany,Chinese,Spanish|English|German,free,18-24,M,Hobby,2025-04
HT_015320,2025-06-29,France,Korean,French|Russian,free,18-24,M,Immigration,2025-06
HT_015321,2025-11-10,France,Portuguese,Korean,free,18-24,M,Exam,2025-11
HT_015322,2025-09-16,Australia,German,Dutch|Japanese,free,18-24,M,Hobby,2025-09
HT_015323,2026-02-06,Japan,Chinese,German,free,18-24,M,Travel,2026-02
HT_015324,2025-11-07,Mexico,Arabic,Portuguese,free,18-24,F,Immigration,2025-11
HT_015325,2025-09-11,Canada,Dutch,Russian|Chinese|Korean,free,25-34,M,Immigration,2025-09
HT_015326,2025-07-11,USA,Arabic,German,free,25-34,M,Travel,2025-07
HT_015327,2026-02-13,China,Arabic,Spanish,free,35-44,F,Hobby,2026-02
HT_015328,2025-07-22,South Korea,English,Chinese|German|Dutch,free,18-24,M,Hobby,2025-07
HT_015329,2025-07-21,Spain,Portuguese,Japanese,free,18-24,M,Exam,2025-07
HT_015330,2026-03-28,Spain,Russian,Spanish,premium,25-34,F,Immigration,2026-03
HT_015331,2026-01-17,Spain,Russian,Dutch,free,35-44,M,Business,2026-01
HT_015332,2025-10-07,Canada,French,Korean|Russian|Chinese,premium,35-44,Other,Travel,2025-10
HT_015333,2026-03-05,Japan,Korean,English|Spanish,free,18-24,F,Hobby,2026-03
HT_015334,2025-12-16,France,German,Korean|French|Dutch,free,35-44,Other,Business,2025-12
HT_015335,2025-08-23,South Korea,Chinese,Russian|French,free,18-24,F,Hobby,2025-08
HT_015336,2025-07-30,UK,Dutch,Italian|Arabic|Portuguese,free,25-34,Other,Exam,2025-07
HT_015337,2026-01-13,China,Russian,Portuguese|German,free,18-24,F,Hobby,2026-01
HT_015338,2026-02-26,Spain,Spanish,Japanese|Portuguese,free,18-24,F,Immigration,2026-02
HT_015339,2025-07-26,Brazil,French,Dutch|Russian|Korean,free,25-34,Other,Hobby,2025-07
HT_015340,2025-05-10,Spain,Spanish,French,free,18-24,M,Immigration,2025-05
HT_015341,2025-12-27,Germany,Arabic,Dutch,free,25-34,F,Business,2025-12
HT_015342,2025-12-03,USA,Arabic,German|Japanese,free,18-24,Other,Immigration,2025-12
HT_015343,2026-02-07,China,Dutch,French|English|Chinese,free,35-44,Other,Exam,2026-02
HT_015344,2026-02-13,Australia,Korean,Portuguese|Japanese,free,25-34,F,Travel,2026-02
HT_015345,2025-10-06,Mexico,Spanish,Dutch|Italian|English,free,25-34,F,Travel,2025-10
HT_015346,2025-07-06,Japan,German,Chinese|Russian|Portuguese,free,35-44,M,Immigration,2025-07
HT_015347,2025-07-18,Japan,Russian,Korean|Spanish|Japanese,premium,25-34,F,Immigration,2025-07
HT_015348,2025-06-20,Canada,Arabic,Portuguese|German|Spanish,premium,25-34,Other,Exam,2025-06
HT_015349,2025-04-26,China,German,Dutch|French,free,45+,F,Hobby,2025-04
HT_015350,2026-01-09,UK,Portuguese,Dutch|Chinese|English,free,18-24,F,Exam,2026-01
HT_015351,2025-09-28,Australia,German,French|Arabic,free,18-24,Other,Business,2025-09
HT_015352,2026-04-03,France,Italian,English|Chinese,free,18-24,Other,Travel,2026-04
HT_015353,2026-03-26,Germany,Dutch,Italian,premium,25-34,Other,Business,2026-03
HT_015354,2025-06-18,Brazil,English,Russian|Arabic|Japanese,free,18-24,F,Exam,2025-06
HT_015355,2025-10-29,Canada,Portuguese,Japanese|Arabic|English,free,18-24,Other,Hobby,2025-10
HT_015356,2025-11-19,Brazil,French,Arabic|Chinese,free,25-34,F,Immigration,2025-11
HT_015357,2025-12-13,South Korea,Korean,Chinese|French,free,35-44,M,Business,2025-12
HT_015358,2025-10-20,Mexico,Arabic,Dutch,free,18-24,Other,Business,2025-10
HT_015359,2026-02-07,China,Portuguese,Korean|English,free,25-34,Other,Business,2026-02
HT_015360,2025-07-06,China,German,Spanish|French|Chinese,premium,18-24,M,Exam,2025-07
HT_015361,2026-01-24,Australia,Japanese,Chinese,free,18-24,F,Hobby,2026-01
HT_015362,2025-06-06,France,English,Arabic|Italian|French,free,35-44,Other,Immigration,2025-06
HT_015363,2025-09-14,UK,Dutch,Italian|Arabic|Korean,free,25-34,F,Exam,2025-09
HT_015364,2025-11-01,Australia,Korean,Portuguese,free,18-24,Other,Immigration,2025-11
HT_015365,2025-08-22,Canada,Korean,English,free,25-34,Other,Travel,2025-08
HT_015366,2025-05-21,USA,Italian,Spanish|Arabic|Portuguese,free,25-34,M,Exam,2025-05
HT_015367,2025-10-06,Germany,Russian,German|Spanish,free,18-24,Other,Exam,2025-10
HT_015368,2025-08-10,USA,Russian,Dutch|French|Arabic,free,18-24,F,Business,2025-08
HT_015369,2025-09-22,Spain,Arabic,German,free,25-34,Other,Hobby,2025-09
HT_015370,2025-04-24,Japan,Japanese,German,free,18-24,Other,Business,2025-04
HT_015371,2025-11-08,South Korea,Chinese,Spanish|Italian|Arabic,free,18-24,M,Immigration,2025-11
HT_015372,2026-03-16,Canada,Spanish,Chinese|Korean|Italian,free,35-44,F,Business,2026-03
HT_015373,2025-10-26,Germany,Japanese,French,premium,45+,F,Travel,2025-10
HT_015374,2026-02-25,USA,Spanish,Japanese|Korean,premium,25-34,M,Travel,2026-02
HT_015375,2026-01-04,Mexico,Spanish,Chinese|Russian,free,35-44,F,Hobby,2026-01
HT_015376,2025-12-05,South Korea,Arabic,Russian|Chinese|English,free,35-44,Other,Travel,2025-12
HT_015377,2026-01-26,France,Portuguese,Korean,free,18-24,F,Travel,2026-01
HT_015378,2026-04-07,Japan,English,Japanese|Russian,free,18-24,F,Exam,2026-04
HT_015379,2025-08-15,Germany,Russian,Spanish,free,35-44,Other,Immigration,2025-08
HT_015380,2025-08-07,Spain,Chinese,Spanish|Portuguese|German,free,25-34,M,Exam,2025-08
HT_015381,2025-06-12,South Korea,Dutch,Spanish|French,free,18-24,M,Travel,2025-06
HT_015382,2025-10-09,Canada,Korean,English|Russian,free,25-34,F,Travel,2025-10
HT_015383,2026-03-21,Australia,Arabic,Korean,free,25-34,Other,Business,2026-03
HT_015384,2025-10-23,Germany,Italian,Arabic,free,25-34,F,Hobby,2025-10
HT_015385,2025-10-07,Japan,Portuguese,French|Spanish|Arabic,premium,25-34,M,Immigration,2025-10
HT_015386,2025-09-28,Germany,Italian,French|Korean|Portuguese,free,25-34,F,Immigration,2025-09
HT_015387,2026-03-13,France,French,Korean|Dutch|Japanese,free,18-24,M,Hobby,2026-03
HT_015388,2026-02-07,Spain,Portuguese,Dutch,free,25-34,F,Immigration,2026-02
HT_015389,2025-11-02,Germany,Spanish,Italian|French,free,25-34,F,Exam,2025-11
HT_015390,2025-11-09,Canada,Arabic,Russian|Korean|Italian,free,25-34,Other,Business,2025-11
HT_015391,2025-11-02,Mexico,French,Russian|Italian,free,25-34,Other,Hobby,2025-11
HT_015392,2025-09-22,Japan,Arabic,Japanese|Korean|Spanish,free,18-24,F,Exam,2025-09
HT_015393,2025-12-24,South Korea,Dutch,Arabic,free,25-34,Other,Hobby,2025-12
HT_015394,2025-10-23,France,Arabic,Dutch|Russian|Japanese,free,25-34,F,Business,2025-10
HT_015395,2026-03-02,Germany,Portuguese,Chinese,free,25-34,Other,Business,2026-03
HT_015396,2025-12-24,South Korea,Japanese,Korean|Italian|German,free,45+,Other,Immigration,2025-12
HT_015397,2025-10-24,Spain,French,Japanese|Russian,free,25-34,Other,Travel,2025-10
HT_015398,2025-05-28,Canada,Arabic,Chinese|Japanese|Dutch,premium,35-44,F,Business,2025-05
HT_015399,2025-08-21,Japan,German,Korean,premium,35-44,M,Hobby,2025-08
HT_015400,2025-10-01,Brazil,English,Japanese,free,35-44,M,Business,2025-10
HT_015401,2025-07-16,France,English,Arabic|Russian,free,18-24,F,Travel,2025-07
HT_015402,2026-03-02,Germany,Korean,Dutch,free,35-44,M,Business,2026-03
HT_015403,2025-04-23,Brazil,Chinese,Spanish|Japanese,free,25-34,M,Business,2025-04
HT_015404,2026-03-20,Mexico,Arabic,Portuguese|Chinese,free,45+,M,Business,2026-03
HT_015405,2025-04-17,Brazil,Chinese,Spanish,free,35-44,Other,Business,2025-04
HT_015406,2025-08-08,South Korea,Italian,Dutch|Japanese|Portuguese,free,18-24,F,Travel,2025-08
HT_015407,2025-09-01,South Korea,Spanish,Italian|English,free,18-24,F,Hobby,2025-09
HT_015408,2025-07-30,Brazil,English,Arabic,free,18-24,M,Immigration,2025-07
HT_015409,2025-10-31,Brazil,French,Arabic|Korean|German,free,45+,F,Exam,2025-10
HT_015410,2025-09-28,Japan,Italian,Japanese,free,18-24,M,Travel,2025-09
HT_015411,2025-11-17,Spain,English,Russian|Chinese|Italian,free,35-44,Other,Hobby,2025-11
HT_015412,2025-07-13,Brazil,English,Korean,free,18-24,F,Hobby,2025-07
HT_015413,2025-08-06,Mexico,Dutch,Korean,free,45+,Other,Immigration,2025-08
HT_015414,2025-12-28,Germany,Arabic,English|French,free,18-24,F,Immigration,2025-12
HT_015415,2026-01-18,France,Japanese,Dutch,free,25-34,Other,Hobby,2026-01
HT_015416,2025-08-07,Canada,Dutch,Portuguese|Italian|French,free,25-34,F,Hobby,2025-08
HT_015417,2026-03-20,Australia,Japanese,Korean,free,25-34,M,Immigration,2026-03
HT_015418,2026-02-07,Germany,French,Italian|English|Arabic,free,25-34,F,Immigration,2026-02
HT_015419,2026-01-07,China,English,Spanish|Arabic,premium,35-44,F,Business,2026-01
HT_015420,2025-09-24,Spain,German,Portuguese|French|Chinese,free,18-24,Other,Immigration,2025-09
HT_015421,2026-04-02,France,French,German|Korean|Russian,free,25-34,M,Travel,2026-04
HT_015422,2025-12-22,USA,Italian,Japanese|Arabic,free,25-34,F,Hobby,2025-12
HT_015423,2026-01-13,South Korea,French,Italian|German|Arabic,free,25-34,M,Hobby,2026-01
HT_015424,2025-09-29,China,Arabic,French,premium,25-34,F,Business,2025-09
HT_015425,2025-08-18,France,German,Italian|English,free,35-44,F,Business,2025-08
HT_015426,2025-04-20,Canada,English,Arabic|Spanish|French,free,18-24,F,Hobby,2025-04
HT_015427,2026-01-12,Canada,Japanese,Portuguese,free,35-44,F,Immigration,2026-01
HT_015428,2025-10-09,USA,Italian,English|Chinese|German,free,25-34,Other,Business,2025-10
HT_015429,2025-04-29,Canada,English,Arabic|Portuguese|French,free,18-24,F,Hobby,2025-04
HT_015430,2025-06-23,Germany,German,Dutch,free,45+,M,Travel,2025-06
HT_015431,2026-01-09,Germany,Korean,Arabic|German|Dutch,free,25-34,F,Exam,2026-01
HT_015432,2026-01-24,Canada,Spanish,Russian,premium,18-24,M,Exam,2026-01
HT_015433,2025-12-24,South Korea,Japanese,Italian,free,18-24,Other,Exam,2025-12
HT_015434,2026-01-01,France,Korean,Arabic|French|Russian,free,18-24,M,Immigration,2026-01
HT_015435,2025-06-12,Japan,Spanish,Italian,free,18-24,M,Immigration,2025-06
HT_015436,2025-04-18,China,Spanish,Portuguese|German,free,18-24,F,Hobby,2025-04
HT_015437,2025-09-15,Brazil,Japanese,Russian|Portuguese|Chinese,premium,25-34,F,Business,2025-09
HT_015438,2025-12-31,Japan,Arabic,Japanese,free,35-44,F,Exam,2025-12
HT_015439,2025-06-19,Germany,Chinese,Italian,premium,25-34,M,Exam,2025-06
HT_015440,2026-03-28,UK,French,Italian|English|Chinese,free,25-34,Other,Immigration,2026-03
HT_015441,2025-07-25,UK,Arabic,Japanese,free,25-34,M,Immigration,2025-07
HT_015442,2026-02-06,UK,Russian,French,premium,25-34,Other,Immigration,2026-02
HT_015443,2025-06-11,South Korea,English,German|Japanese|Korean,free,18-24,F,Exam,2025-06
HT_015444,2025-07-04,UK,French,Dutch,free,35-44,Other,Immigration,2025-07
HT_015445,2025-07-22,Canada,Portuguese,Dutch|Arabic,free,18-24,F,Exam,2025-07
HT_015446,2026-02-06,Australia,Russian,Portuguese|German,free,25-34,F,Business,2026-02
HT_015447,2026-02-26,South Korea,Chinese,French|Arabic,free,25-34,F,Business,2026-02
HT_015448,2025-06-28,UK,Arabic,French|Chinese|Dutch,free,25-34,F,Travel,2025-06
HT_015449,2025-09-06,UK,Portuguese,Spanish|Arabic,free,18-24,F,Immigration,2025-09
HT_015450,2025-10-08,Spain,Portuguese,Arabic|Italian|German,premium,18-24,M,Immigration,2025-10
HT_015451,2025-10-19,Spain,Portuguese,Chinese,free,25-34,M,Hobby,2025-10
HT_015452,2025-08-19,China,Korean,Chinese,free,18-24,F,Travel,2025-08
HT_015453,2026-03-12,Brazil,Italian,Spanish,free,35-44,M,Travel,2026-03
HT_015454,2025-08-02,Germany,Chinese,Arabic|French,free,25-34,Other,Exam,2025-08
HT_015455,2025-04-26,USA,Dutch,Spanish|German|Japanese,free,45+,F,Business,2025-04
HT_015456,2025-07-11,Canada,Dutch,German,free,25-34,Other,Immigration,2025-07
HT_015457,2025-06-12,USA,Russian,Dutch,free,25-34,M,Immigration,2025-06
HT_015458,2026-02-01,Mexico,Arabic,German,free,35-44,M,Immigration,2026-02
HT_015459,2026-04-02,France,English,Portuguese|Chinese,free,35-44,F,Immigration,2026-04
HT_015460,2026-01-22,Japan,Portuguese,Spanish,free,35-44,M,Travel,2026-01
HT_015461,2026-01-08,Japan,Korean,Portuguese,free,18-24,M,Immigration,2026-01
HT_015462,2025-06-25,Japan,Russian,English|Dutch,free,18-24,F,Exam,2025-06
HT_015463,2026-03-04,Japan,Dutch,Japanese,free,25-34,M,Exam,2026-03
HT_015464,2025-11-01,Mexico,English,Russian|Arabic,free,18-24,M,Hobby,2025-11
HT_015465,2025-06-10,Canada,French,Dutch,free,25-34,Other,Hobby,2025-06
HT_015466,2026-01-19,China,Korean,French|Arabic|Dutch,free,35-44,M,Immigration,2026-01
HT_015467,2026-03-05,Spain,Russian,Japanese|German,free,25-34,Other,Travel,2026-03
HT_015468,2025-10-22,UK,Korean,Dutch,free,18-24,F,Business,2025-10
HT_015469,2025-12-25,Spain,Dutch,German|Russian,free,25-34,F,Business,2025-12
HT_015470,2026-03-30,China,English,Portuguese|Dutch|Chinese,free,18-24,M,Exam,2026-03
HT_015471,2025-04-21,Australia,English,Korean,premium,35-44,F,Hobby,2025-04
HT_015472,2025-07-13,USA,English,Japanese|Korean,free,18-24,F,Hobby,2025-07
HT_015473,2025-06-23,USA,Italian,Russian,premium,35-44,M,Business,2025-06
HT_015474,2025-12-17,Germany,Russian,Dutch,free,35-44,Other,Immigration,2025-12
HT_015475,2026-01-04,Australia,Korean,Arabic|French,free,25-34,M,Business,2026-01
HT_015476,2025-12-26,Germany,Russian,Chinese|French,free,18-24,Other,Hobby,2025-12
HT_015477,2026-03-16,Japan,French,Japanese|Spanish|Arabic,free,18-24,F,Travel,2026-03
HT_015478,2026-03-08,UK,French,Italian|German,free,35-44,F,Business,2026-03
HT_015479,2025-05-02,France,Chinese,Dutch,free,25-34,Other,Travel,2025-05
HT_015480,2025-11-20,UK,Chinese,German|Spanish,free,25-34,Other,Hobby,2025-11
HT_015481,2025-04-22,Australia,Russian,French,free,35-44,Other,Business,2025-04
HT_015482,2026-03-25,USA,Korean,Russian|English,free,25-34,F,Travel,2026-03
HT_015483,2026-03-31,Canada,Portuguese,Russian,free,45+,F,Business,2026-03
HT_015484,2026-03-07,China,Portuguese,Dutch,free,18-24,F,Hobby,2026-03
HT_015485,2025-11-02,Australia,German,Dutch,free,18-24,M,Business,2025-11
HT_015486,2025-06-03,South Korea,Portuguese,Japanese,free,45+,Other,Immigration,2025-06
HT_015487,2025-10-25,UK,Japanese,Arabic|English|German,free,18-24,Other,Business,2025-10
HT_015488,2025-09-05,China,Spanish,Dutch,premium,18-24,F,Immigration,2025-09
HT_015489,2025-12-19,Australia,Portuguese,Dutch|Japanese|French,free,45+,Other,Immigration,2025-12
HT_015490,2025-05-05,South Korea,Spanish,Italian|Korean,premium,18-24,F,Hobby,2025-05
HT_015491,2025-07-04,Mexico,Japanese,Korean,free,25-34,M,Exam,2025-07
HT_015492,2025-12-22,Brazil,Korean,Chinese|Spanish|Russian,free,25-34,M,Business,2025-12
HT_015493,2025-11-11,China,Chinese,Dutch,free,35-44,M,Travel,2025-11
HT_015494,2025-06-19,Australia,Dutch,Italian|German|Chinese,free,35-44,Other,Travel,2025-06
HT_015495,2025-08-25,Spain,Korean,Dutch,free,25-34,F,Travel,2025-08
HT_015496,2026-04-09,Germany,Portuguese,Arabic|Korean|Italian,free,25-34,Other,Exam,2026-04
HT_015497,2025-07-14,Canada,Portuguese,Japanese,free,25-34,Other,Business,2025-07
HT_015498,2025-10-30,Spain,Spanish,Italian|Russian|Korean,free,25-34,F,Hobby,2025-10
HT_015499,2025-07-21,Canada,Dutch,Arabic|Italian,free,35-44,F,Exam,2025-07
HT_015500,2026-01-16,Germany,Korean,Dutch|German|Russian,free,25-34,Other,Travel,2026-01
HT_015501,2025-04-21,France,Korean,German|Chinese|Arabic,free,25-34,F,Travel,2025-04
HT_015502,2026-03-17,Japan,Korean,Chinese,free,35-44,M,Exam,2026-03
HT_015503,2026-04-06,Germany,English,German,free,18-24,M,Hobby,2026-04
HT_015504,2025-07-05,Brazil,Portuguese,French|Arabic|English,premium,25-34,M,Business,2025-07
HT_015505,2025-06-10,Australia,Spanish,French|Russian,free,35-44,Other,Business,2025-06
HT_015506,2025-12-15,Canada,Arabic,Portuguese|English|Russian,premium,18-24,Other,Travel,2025-12
HT_015507,2025-11-15,France,Russian,English,free,18-24,M,Travel,2025-11
HT_015508,2025-08-27,Brazil,Chinese,Spanish|Dutch|German,free,18-24,Other,Business,2025-08
HT_015509,2025-10-13,Mexico,Japanese,Russian,free,25-34,M,Hobby,2025-10
HT_015510,2026-03-08,South Korea,Italian,English,free,45+,M,Business,2026-03
HT_015511,2026-02-08,UK,German,Korean,free,45+,F,Immigration,2026-02
HT_015512,2025-10-16,Canada,French,German|Italian,free,18-24,Other,Travel,2025-10
HT_015513,2026-02-07,UK,Portuguese,Korean|English,premium,25-34,Other,Hobby,2026-02
HT_015514,2025-05-12,Germany,English,Spanish|Chinese,free,35-44,F,Travel,2025-05
HT_015515,2025-05-02,Canada,Chinese,Portuguese,free,25-34,M,Travel,2025-05
HT_015516,2025-08-15,South Korea,English,Spanish|Portuguese,free,25-34,M,Hobby,2025-08
HT_015517,2025-08-15,UK,Spanish,Arabic|German|English,free,25-34,F,Business,2025-08
HT_015518,2025-07-12,Canada,Russian,Dutch|Arabic,free,35-44,M,Immigration,2025-07
HT_015519,2025-09-23,UK,Arabic,Korean|Italian|Dutch,free,25-34,Other,Business,2025-09
HT_015520,2025-12-09,China,Dutch,Portuguese|English|Italian,premium,18-24,F,Travel,2025-12
HT_015521,2026-01-22,France,Portuguese,Russian,free,25-34,Other,Hobby,2026-01
HT_015522,2025-11-03,Spain,Dutch,Spanish|Arabic,free,18-24,F,Business,2025-11
HT_015523,2025-06-02,Mexico,German,Chinese|Spanish|Russian,free,35-44,M,Hobby,2025-06
HT_015524,2026-01-03,France,Japanese,French|Arabic,premium,25-34,M,Immigration,2026-01
HT_015525,2026-01-02,Mexico,Japanese,English|Chinese,free,18-24,F,Exam,2026-01
HT_015526,2025-10-11,South Korea,Arabic,Russian,free,18-24,Other,Immigration,2025-10
HT_015527,2025-05-16,Spain,Arabic,Russian|Italian,free,25-34,F,Hobby,2025-05
HT_015528,2025-05-03,Australia,Portuguese,Spanish,premium,25-34,F,Exam,2025-05
HT_015529,2025-06-18,USA,Korean,Portuguese|German|Japanese,free,25-34,M,Business,2025-06
HT_015530,2025-08-16,Canada,Korean,Portuguese|English,free,25-34,M,Business,2025-08
HT_015531,2026-02-10,USA,Italian,German|French,free,35-44,M,Business,2026-02
HT_015532,2026-01-23,Germany,German,Japanese,premium,18-24,M,Hobby,2026-01
HT_015533,2025-11-11,Australia,Japanese,Arabic,free,35-44,M,Exam,2025-11
HT_015534,2025-12-07,Australia,French,Chinese,free,35-44,F,Immigration,2025-12
HT_015535,2026-02-28,USA,French,Chinese|Korean|Portuguese,free,35-44,M,Immigration,2026-02
HT_015536,2025-07-02,France,Spanish,Arabic|German|Japanese,free,18-24,F,Business,2025-07
HT_015537,2025-05-10,Germany,Chinese,French|Portuguese,free,25-34,M,Exam,2025-05
HT_015538,2025-05-21,UK,Arabic,German|Portuguese|Italian,free,45+,F,Immigration,2025-05
HT_015539,2025-04-16,Spain,Italian,Japanese,free,18-24,F,Travel,2025-04
HT_015540,2025-07-23,South Korea,Spanish,Chinese|Italian,premium,25-34,F,Travel,2025-07
HT_015541,2025-11-20,Germany,German,Chinese|French|Russian,premium,25-34,F,Hobby,2025-11
HT_015542,2026-03-27,Germany,Japanese,English|Russian|French,free,25-34,F,Hobby,2026-03
HT_015543,2025-11-30,USA,Spanish,German,free,18-24,M,Exam,2025-11
HT_015544,2026-01-28,Mexico,Russian,German|Italian,free,25-34,M,Immigration,2026-01
HT_015545,2026-01-23,Germany,Dutch,Korean|Spanish|English,premium,18-24,Other,Exam,2026-01
HT_015546,2026-02-19,Canada,Korean,Italian|Portuguese|Japanese,free,18-24,F,Immigration,2026-02
HT_015547,2026-02-15,Australia,Korean,Spanish|Russian|Italian,premium,25-34,F,Exam,2026-02
HT_015548,2026-02-17,Japan,German,Arabic,free,35-44,Other,Exam,2026-02
HT_015549,2025-06-15,South Korea,French,Portuguese|English|Japanese,free,35-44,M,Exam,2025-06
HT_015550,2025-07-17,Australia,Spanish,Japanese,free,25-34,F,Business,2025-07
HT_015551,2026-01-21,South Korea,Spanish,English|Japanese|Chinese,premium,18-24,F,Hobby,2026-01
HT_015552,2025-06-24,UK,Japanese,French|German|Italian,free,25-34,M,Exam,2025-06
HT_015553,2025-09-12,France,Spanish,French|German|Italian,free,18-24,M,Hobby,2025-09
HT_015554,2025-07-12,Japan,French,Russian|Japanese|Dutch,free,25-34,M,Hobby,2025-07
HT_015555,2025-07-10,Mexico,Dutch,Korean,free,45+,F,Exam,2025-07
HT_015556,2026-01-10,Brazil,Japanese,Chinese,premium,35-44,M,Travel,2026-01
HT_015557,2025-11-29,France,Korean,Japanese,free,18-24,M,Immigration,2025-11
HT_015558,2026-01-07,Brazil,Italian,Dutch|Russian,premium,18-24,M,Immigration,2026-01
HT_015559,2025-12-28,Brazil,Chinese,Arabic,free,25-34,M,Business,2025-12
HT_015560,2025-10-04,China,Arabic,German|Russian,free,18-24,F,Exam,2025-10
HT_015561,2025-09-19,China,Spanish,German,premium,25-34,M,Hobby,2025-09
HT_015562,2025-04-12,Brazil,Spanish,German|Arabic|English,free,25-34,M,Exam,2025-04
HT_015563,2026-04-05,France,English,Arabic,free,25-34,Other,Hobby,2026-04
HT_015564,2025-08-07,Mexico,Spanish,Arabic,free,18-24,F,Business,2025-08
HT_015565,2025-09-24,Australia,English,Spanish|French|Korean,free,25-34,Other,Travel,2025-09
HT_015566,2026-04-10,South Korea,French,Arabic,free,25-34,Other,Exam,2026-04
HT_015567,2025-10-22,Brazil,French,Italian,free,35-44,F,Exam,2025-10
HT_015568,2025-05-04,Canada,Dutch,Japanese|Russian,free,25-34,Other,Immigration,2025-05
HT_015569,2025-09-30,Germany,English,Dutch,free,18-24,F,Travel,2025-09
HT_015570,2025-10-25,UK,Spanish,Arabic,free,35-44,Other,Immigration,2025-10
HT_015571,2025-11-17,Spain,Japanese,Korean|Spanish,free,25-34,M,Immigration,2025-11
HT_015572,2026-03-25,UK,Portuguese,Russian,free,18-24,M,Business,2026-03
HT_015573,2025-05-26,Canada,Japanese,Korean|Portuguese,free,35-44,M,Exam,2025-05
HT_015574,2025-10-14,China,Italian,Arabic|Spanish|Japanese,free,25-34,M,Business,2025-10
HT_015575,2025-04-22,Brazil,Korean,Portuguese|Italian|Arabic,free,18-24,M,Immigration,2025-04
HT_015576,2026-03-31,Germany,German,Japanese|Russian,free,25-34,F,Business,2026-03
HT_015577,2026-01-09,USA,Chinese,Dutch|Japanese,free,18-24,F,Exam,2026-01
HT_015578,2025-05-24,Spain,Portuguese,Arabic,free,25-34,F,Immigration,2025-05
HT_015579,2025-09-08,France,Spanish,Russian|German|French,free,18-24,Other,Hobby,2025-09
HT_015580,2025-06-21,South Korea,Portuguese,French|Russian|Italian,premium,18-24,M,Hobby,2025-06
HT_015581,2025-05-06,China,Chinese,Japanese|Portuguese,free,25-34,M,Business,2025-05
HT_015582,2025-11-21,USA,Japanese,Italian,free,25-34,M,Exam,2025-11
HT_015583,2025-12-25,Australia,Spanish,Dutch|Portuguese|English,free,25-34,F,Business,2025-12
HT_015584,2026-03-18,Canada,German,Arabic|Italian,free,25-34,F,Travel,2026-03
HT_015585,2026-03-25,France,Portuguese,English,free,25-34,M,Immigration,2026-03
HT_015586,2025-10-05,Mexico,Chinese,French|Portuguese|Japanese,free,25-34,F,Immigration,2025-10
HT_015587,2025-07-08,Australia,Russian,Chinese|Japanese,free,25-34,M,Immigration,2025-07
HT_015588,2025-10-25,South Korea,English,Dutch,free,18-24,M,Exam,2025-10
HT_015589,2025-11-11,South Korea,French,Arabic|Russian,free,35-44,F,Business,2025-11
HT_015590,2025-05-07,Canada,Russian,Chinese,free,18-24,Other,Immigration,2025-05
HT_015591,2025-05-29,Brazil,Spanish,Italian|Russian,free,25-34,M,Exam,2025-05
HT_015592,2025-08-31,UK,Portuguese,German|Spanish,free,18-24,F,Business,2025-08
HT_015593,2025-11-01,Australia,Russian,German|French|Italian,premium,25-34,M,Immigration,2025-11
HT_015594,2026-04-01,France,Japanese,Dutch|Chinese|German,free,35-44,Other,Business,2026-04
HT_015595,2026-01-26,Japan,Portuguese,Japanese|German|French,premium,18-24,Other,Business,2026-01
HT_015596,2026-02-01,Spain,Italian,Japanese|Dutch,free,35-44,F,Business,2026-02
HT_015597,2025-09-02,Spain,Japanese,Arabic|Portuguese|Russian,free,25-34,Other,Business,2025-09
HT_015598,2025-07-07,China,English,German,free,18-24,Other,Business,2025-07
HT_015599,2026-02-21,Australia,Spanish,Dutch,free,25-34,M,Hobby,2026-02
HT_015600,2026-01-07,China,Korean,German,free,18-24,F,Exam,2026-01
HT_015601,2026-03-18,Mexico,Arabic,Portuguese,free,18-24,Other,Travel,2026-03
HT_015602,2025-11-03,Brazil,Chinese,Spanish|French,free,18-24,F,Immigration,2025-11
HT_015603,2026-03-18,UK,English,Portuguese|Arabic|Korean,free,35-44,Other,Business,2026-03
HT_015604,2026-01-08,Mexico,Spanish,Arabic|Korean|Chinese,free,18-24,Other,Business,2026-01
HT_015605,2026-01-28,UK,Dutch,Spanish,free,25-34,M,Business,2026-01
HT_015606,2025-04-12,Brazil,Italian,Chinese|German,free,25-34,F,Hobby,2025-04
HT_015607,2025-11-29,UK,French,Portuguese|German|Chinese,free,35-44,M,Hobby,2025-11
HT_015608,2025-10-27,UK,Italian,Chinese|French,premium,18-24,F,Business,2025-10
HT_015609,2025-04-14,Mexico,Chinese,German,free,18-24,F,Immigration,2025-04
HT_015610,2025-11-19,China,Chinese,Russian,premium,18-24,F,Exam,2025-11
HT_015611,2025-11-20,Brazil,Russian,Italian|Japanese,free,18-24,Other,Travel,2025-11
HT_015612,2025-08-09,Australia,Chinese,English|Japanese|Italian,free,25-34,M,Hobby,2025-08
HT_015613,2025-06-08,Australia,Russian,Portuguese|Korean|Spanish,free,35-44,F,Immigration,2025-06
HT_015614,2026-04-10,Japan,Japanese,Arabic|Chinese,free,18-24,M,Immigration,2026-04
HT_015615,2026-03-28,Brazil,Russian,Spanish,free,18-24,F,Exam,2026-03
HT_015616,2025-11-14,South Korea,Spanish,Chinese,free,35-44,Other,Immigration,2025-11
HT_015617,2025-06-24,Germany,Japanese,Chinese,premium,18-24,M,Travel,2025-06
HT_015618,2025-09-21,Japan,Japanese,Dutch|Arabic,free,45+,M,Travel,2025-09
HT_015619,2025-12-13,France,Portuguese,Spanish|Japanese|Dutch,free,18-24,M,Business,2025-12
HT_015620,2026-04-10,Australia,Dutch,Japanese,free,25-34,M,Hobby,2026-04
HT_015621,2026-04-04,Spain,Arabic,Portuguese|English,free,35-44,Other,Hobby,2026-04
HT_015622,2025-11-11,Australia,Portuguese,Arabic|French|Dutch,free,25-34,Other,Travel,2025-11
HT_015623,2025-07-02,Canada,German,Chinese,free,25-34,M,Exam,2025-07
HT_015624,2026-03-06,South Korea,Arabic,German|Japanese|English,free,35-44,F,Exam,2026-03
HT_015625,2026-01-25,USA,Portuguese,French,free,25-34,F,Exam,2026-01
HT_015626,2025-12-09,Germany,Portuguese,Russian|English|Arabic,free,35-44,M,Hobby,2025-12
HT_015627,2025-09-23,Germany,German,Portuguese|Russian,premium,45+,Other,Travel,2025-09
HT_015628,2025-06-04,Spain,German,Dutch,free,25-34,F,Travel,2025-06
HT_015629,2026-02-28,France,German,French|Italian,free,35-44,Other,Travel,2026-02
HT_015630,2025-09-17,China,Korean,German,free,25-34,M,Business,2025-09
HT_015631,2025-11-03,Canada,Italian,Russian|English|French,free,45+,Other,Business,2025-11
HT_015632,2025-05-11,UK,Italian,Japanese,free,25-34,M,Immigration,2025-05
HT_015633,2026-01-27,Australia,Japanese,Italian|Dutch|French,free,25-34,M,Business,2026-01
HT_015634,2025-08-08,Spain,English,Chinese|French|Korean,free,18-24,F,Immigration,2025-08
HT_015635,2026-02-08,China,Dutch,Arabic,free,18-24,Other,Hobby,2026-02
HT_015636,2025-07-23,Mexico,French,Japanese|Korean|Portuguese,free,25-34,F,Business,2025-07
HT_015637,2025-09-07,USA,Chinese,German,free,25-34,F,Exam,2025-09
HT_015638,2025-12-09,Canada,Korean,French|English|Italian,free,18-24,Other,Exam,2025-12
HT_015639,2026-03-24,UK,Italian,Russian|Japanese,free,45+,Other,Business,2026-03
HT_015640,2025-09-10,Germany,Dutch,Japanese|Spanish|Korean,free,18-24,F,Travel,2025-09
HT_015641,2025-05-09,Spain,English,Arabic|Korean|French,free,18-24,F,Hobby,2025-05
HT_015642,2025-12-21,Australia,Japanese,Portuguese|Spanish,free,18-24,F,Immigration,2025-12
HT_015643,2026-02-15,France,Korean,Portuguese,free,18-24,Other,Immigration,2026-02
HT_015644,2025-08-31,Canada,Russian,Italian,free,45+,Other,Hobby,2025-08
HT_015645,2026-04-11,South Korea,Russian,Arabic,free,18-24,Other,Exam,2026-04
HT_015646,2026-01-22,Japan,English,Arabic|Russian,free,25-34,M,Hobby,2026-01
HT_015647,2026-02-25,USA,French,Portuguese|Japanese,free,18-24,Other,Immigration,2026-02
HT_015648,2025-07-31,Canada,German,Korean,free,18-24,M,Hobby,2025-07
HT_015649,2026-03-18,China,French,Chinese,free,18-24,Other,Business,2026-03
HT_015650,2025-07-10,Japan,Portuguese,Arabic|Korean|Russian,premium,45+,F,Exam,2025-07
HT_015651,2026-02-03,Australia,English,Arabic|Russian|Spanish,free,25-34,M,Hobby,2026-02
HT_015652,2025-12-31,UK,Dutch,German|Japanese,free,18-24,F,Travel,2025-12
HT_015653,2025-12-29,Brazil,Chinese,French|Russian,free,18-24,Other,Hobby,2025-12
HT_015654,2025-06-06,Australia,Arabic,German|Chinese,premium,45+,Other,Immigration,2025-06
HT_015655,2025-12-30,China,Arabic,Italian|English|Spanish,free,18-24,Other,Business,2025-12
HT_015656,2026-03-14,USA,Dutch,German|Arabic|French,free,25-34,Other,Travel,2026-03
HT_015657,2025-07-10,USA,Japanese,Russian|Italian|Arabic,free,18-24,Other,Hobby,2025-07
HT_015658,2026-02-25,Japan,Arabic,French|Russian,free,25-34,M,Hobby,2026-02
HT_015659,2025-06-10,Canada,Italian,English|French|Dutch,free,18-24,M,Exam,2025-06
HT_015660,2026-03-31,Canada,Russian,Chinese|English,free,18-24,Other,Hobby,2026-03
HT_015661,2025-05-05,Australia,Chinese,Dutch|Russian,free,18-24,M,Business,2025-05
HT_015662,2025-12-09,Australia,French,Japanese|Dutch|Russian,free,25-34,M,Hobby,2025-12
HT_015663,2025-05-07,Japan,Japanese,English,premium,35-44,F,Immigration,2025-05
HT_015664,2025-04-28,Brazil,Arabic,Japanese|Spanish|Russian,free,45+,F,Hobby,2025-04
HT_015665,2025-06-26,Germany,Korean,Russian|Portuguese,free,25-34,M,Exam,2025-06
HT_015666,2025-07-03,Brazil,Arabic,English|Dutch|Russian,free,18-24,Other,Exam,2025-07
HT_015667,2025-11-07,UK,French,English,free,35-44,Other,Exam,2025-11
HT_015668,2025-09-12,Australia,French,Italian|Arabic,free,25-34,F,Business,2025-09
HT_015669,2025-10-08,Germany,Italian,Chinese|Spanish|French,premium,25-34,Other,Business,2025-10
HT_015670,2025-09-05,Spain,Arabic,Spanish|French|German,free,18-24,M,Hobby,2025-09
HT_015671,2025-11-04,UK,German,Chinese|Arabic|Korean,free,18-24,F,Travel,2025-11
HT_015672,2025-11-13,Spain,Dutch,French,free,18-24,Other,Hobby,2025-11
HT_015673,2025-08-07,Japan,English,Japanese|Chinese,free,25-34,Other,Travel,2025-08
HT_015674,2025-12-14,USA,Arabic,German,free,25-34,Other,Hobby,2025-12
HT_015675,2025-09-26,USA,Spanish,English,free,35-44,M,Exam,2025-09
HT_015676,2025-09-16,Canada,Russian,Spanish|French,free,18-24,F,Exam,2025-09
HT_015677,2026-03-01,France,Korean,German|Chinese|Dutch,free,25-34,Other,Immigration,2026-03
HT_015678,2025-10-13,Japan,English,Portuguese|Arabic|Chinese,free,25-34,F,Hobby,2025-10
HT_015679,2025-08-04,UK,French,Spanish,free,18-24,Other,Travel,2025-08
HT_015680,2026-01-30,UK,Russian,Portuguese,premium,18-24,Other,Business,2026-01
HT_015681,2025-12-26,France,Chinese,Portuguese,free,18-24,F,Business,2025-12
HT_015682,2025-10-17,South Korea,Spanish,Chinese|Korean|Italian,free,25-34,M,Travel,2025-10
HT_015683,2026-02-17,China,German,Chinese|Italian|English,free,45+,Other,Immigration,2026-02
HT_015684,2025-07-14,Brazil,English,Dutch|German|French,free,18-24,M,Exam,2025-07
HT_015685,2025-05-21,UK,Arabic,Russian,free,18-24,F,Exam,2025-05
HT_015686,2025-05-26,Spain,Japanese,Italian,free,25-34,M,Hobby,2025-05
HT_015687,2025-10-09,China,Portuguese,Russian|Chinese,free,25-34,M,Immigration,2025-10
HT_015688,2026-01-15,Japan,French,Russian|Korean|Italian,free,18-24,Other,Hobby,2026-01
HT_015689,2025-04-30,Japan,Russian,Portuguese,premium,18-24,Other,Travel,2025-04
HT_015690,2025-10-31,UK,Portuguese,German,free,25-34,F,Immigration,2025-10
HT_015691,2025-08-24,UK,Korean,Japanese|French,free,25-34,Other,Business,2025-08
HT_015692,2026-04-10,Canada,Korean,Dutch|French,free,35-44,Other,Hobby,2026-04
HT_015693,2025-06-07,Brazil,Korean,Japanese,free,25-34,Other,Exam,2025-06
HT_015694,2025-11-19,Spain,Italian,Chinese|French|German,free,25-34,Other,Travel,2025-11
HT_015695,2025-08-14,South Korea,Spanish,Portuguese|Dutch|Chinese,free,45+,F,Business,2025-08
HT_015696,2026-01-13,UK,Italian,Korean,free,25-34,F,Immigration,2026-01
HT_015697,2025-09-07,South Korea,German,Japanese,free,25-34,Other,Hobby,2025-09
HT_015698,2025-12-08,Brazil,Japanese,Korean|Arabic|Dutch,free,18-24,Other,Travel,2025-12
HT_015699,2026-02-27,Japan,English,Chinese|Arabic,free,25-34,Other,Immigration,2026-02
HT_015700,2025-11-18,Australia,Dutch,Italian|Korean|French,premium,25-34,Other,Business,2025-11
HT_015701,2025-07-05,Canada,Chinese,Japanese,free,18-24,M,Business,2025-07
HT_015702,2025-07-31,UK,French,Arabic|Dutch|Chinese,free,25-34,M,Immigration,2025-07
HT_015703,2025-09-06,France,French,Chinese|Portuguese|Arabic,free,25-34,Other,Business,2025-09
HT_015704,2025-11-11,Canada,Korean,Russian,free,35-44,Other,Travel,2025-11
HT_015705,2026-01-25,Australia,Portuguese,Chinese|Japanese,free,25-34,F,Immigration,2026-01
HT_015706,2025-10-02,Canada,Russian,Italian,free,25-34,M,Travel,2025-10
HT_015707,2025-10-24,Canada,Dutch,French|English|Russian,free,18-24,M,Business,2025-10
HT_015708,2025-08-16,Australia,Korean,French|Portuguese|Japanese,premium,18-24,M,Business,2025-08
HT_015709,2025-10-12,Mexico,Italian,Arabic|German|Spanish,premium,25-34,F,Business,2025-10
HT_015710,2026-01-22,USA,Portuguese,Spanish|English|Chinese,free,18-24,M,Business,2026-01
HT_015711,2025-07-24,Brazil,Chinese,Portuguese|French,premium,25-34,M,Immigration,2025-07
HT_015712,2026-04-05,Germany,Arabic,Portuguese|French,free,25-34,M,Immigration,2026-04
HT_015713,2026-02-09,UK,Italian,Arabic,free,25-34,F,Travel,2026-02
HT_015714,2025-12-29,Australia,Chinese,English,free,25-34,M,Hobby,2025-12
HT_015715,2025-06-03,China,English,Korean|German,free,35-44,F,Exam,2025-06
HT_015716,2025-04-13,Japan,English,Korean|Dutch|French,free,18-24,M,Hobby,2025-04
HT_015717,2025-07-08,Brazil,German,Russian,free,18-24,Other,Immigration,2025-07
HT_015718,2025-11-07,France,Portuguese,Arabic|Spanish|Russian,free,25-34,Other,Hobby,2025-11
HT_015719,2025-06-06,South Korea,Korean,Chinese,free,45+,M,Exam,2025-06
HT_015720,2025-12-27,Japan,Korean,Russian,premium,25-34,M,Hobby,2025-12
HT_015721,2026-03-05,Australia,Spanish,Korean|French,free,35-44,Other,Hobby,2026-03
HT_015722,2025-09-13,Brazil,Italian,French|German,free,35-44,Other,Exam,2025-09
HT_015723,2025-07-06,UK,Italian,Portuguese,free,45+,F,Exam,2025-07
HT_015724,2025-08-12,Mexico,German,Italian|Dutch,free,25-34,Other,Business,2025-08
HT_015725,2025-08-20,Germany,German,Japanese|Russian,free,25-34,M,Hobby,2025-08
HT_015726,2025-09-07,Japan,Korean,Chinese|German|Dutch,free,35-44,Other,Business,2025-09
HT_015727,2025-05-09,UK,Japanese,Spanish|Chinese|German,free,25-34,Other,Immigration,2025-05
HT_015728,2026-02-27,Mexico,Korean,Dutch|Spanish,free,35-44,F,Business,2026-02
HT_015729,2025-08-21,USA,German,Italian|Russian,free,45+,Other,Immigration,2025-08
HT_015730,2025-10-29,Mexico,German,Dutch|Arabic|Korean,free,18-24,Other,Exam,2025-10
HT_015731,2025-07-06,Australia,Italian,Spanish|Dutch,free,25-34,Other,Exam,2025-07
HT_015732,2026-04-08,Brazil,Japanese,Spanish|Chinese|Portuguese,free,25-34,Other,Immigration,2026-04
HT_015733,2025-10-24,Spain,Spanish,Portuguese,premium,25-34,Other,Travel,2025-10
HT_015734,2025-05-31,Australia,Spanish,Italian|German|Chinese,premium,45+,Other,Business,2025-05
HT_015735,2025-06-21,USA,Russian,English|Spanish|Korean,free,45+,F,Immigration,2025-06
HT_015736,2025-04-15,UK,Russian,Arabic,free,35-44,Other,Exam,2025-04
HT_015737,2025-12-11,USA,Italian,Dutch,free,18-24,Other,Exam,2025-12
HT_015738,2025-05-29,Brazil,Dutch,German|French,free,18-24,M,Business,2025-05
HT_015739,2026-04-05,South Korea,Italian,Arabic,free,18-24,M,Hobby,2026-04
HT_015740,2025-05-13,Brazil,Russian,English,free,25-34,Other,Business,2025-05
HT_015741,2025-06-15,Brazil,Dutch,Arabic|Chinese|Spanish,premium,45+,Other,Exam,2025-06
HT_015742,2026-02-26,Germany,Japanese,Arabic,free,18-24,M,Hobby,2026-02
HT_015743,2026-01-15,Canada,Arabic,French,free,35-44,M,Hobby,2026-01
HT_015744,2025-06-17,UK,French,Japanese,free,18-24,Other,Immigration,2025-06
HT_015745,2025-10-23,France,Chinese,Russian,free,25-34,Other,Travel,2025-10
HT_015746,2025-12-11,Australia,French,Japanese|English,free,18-24,F,Travel,2025-12
HT_015747,2026-02-23,UK,Arabic,Korean,premium,18-24,Other,Immigration,2026-02
HT_015748,2025-04-15,Mexico,English,Arabic,free,25-34,F,Exam,2025-04
HT_015749,2026-02-02,USA,French,Spanish,free,18-24,M,Travel,2026-02
HT_015750,2026-03-06,Australia,Arabic,German,free,18-24,Other,Immigration,2026-03
HT_015751,2025-08-20,UK,Spanish,Russian|Arabic,free,25-34,F,Business,2025-08
HT_015752,2025-10-10,USA,French,English|German,free,18-24,F,Immigration,2025-10
HT_015753,2025-12-06,France,Italian,Russian,premium,18-24,Other,Business,2025-12
HT_015754,2025-09-09,Spain,Russian,Portuguese|Arabic,free,25-34,M,Exam,2025-09
HT_015755,2026-03-30,Canada,English,Russian|Portuguese|Chinese,free,18-24,M,Business,2026-03
HT_015756,2025-07-20,China,Korean,Arabic,free,18-24,Other,Immigration,2025-07
HT_015757,2025-12-24,USA,Russian,Chinese,free,18-24,F,Business,2025-12
HT_015758,2026-01-10,France,English,Chinese,free,25-34,M,Travel,2026-01
HT_015759,2026-02-01,Australia,Spanish,German,premium,45+,F,Exam,2026-02
HT_015760,2025-07-22,Canada,Korean,Russian|Portuguese,free,18-24,M,Immigration,2025-07
HT_015761,2025-10-31,Australia,English,Italian|Chinese,free,18-24,F,Business,2025-10
HT_015762,2025-05-13,Brazil,Italian,German,free,25-34,Other,Travel,2025-05
HT_015763,2025-06-19,Germany,Dutch,Arabic,premium,18-24,F,Exam,2025-06
HT_015764,2026-04-07,South Korea,Italian,Russian,free,18-24,Other,Travel,2026-04
HT_015765,2026-02-03,South Korea,Chinese,Dutch,free,25-34,M,Business,2026-02
HT_015766,2026-03-16,Mexico,Italian,Korean,free,35-44,F,Exam,2026-03
HT_015767,2025-06-02,South Korea,Portuguese,French|Korean|Dutch,free,35-44,Other,Travel,2025-06
HT_015768,2025-05-02,USA,Portuguese,Chinese|Dutch|Japanese,free,45+,M,Travel,2025-05
HT_015769,2025-10-09,Spain,French,Portuguese|Spanish|Japanese,free,25-34,Other,Hobby,2025-10
HT_015770,2025-07-22,Australia,Chinese,Arabic|English,free,25-34,F,Exam,2025-07
HT_015771,2025-11-22,Germany,Russian,Portuguese|Dutch,free,35-44,M,Exam,2025-11
HT_015772,2025-11-22,Brazil,French,Japanese|Portuguese,free,45+,M,Exam,2025-11
HT_015773,2025-04-27,Germany,Arabic,Japanese|Dutch|Portuguese,free,25-34,F,Hobby,2025-04
HT_015774,2025-04-22,Mexico,Spanish,Chinese|Russian|Arabic,free,35-44,Other,Business,2025-04
HT_015775,2025-09-17,Japan,English,Dutch|Spanish,free,18-24,F,Exam,2025-09
HT_015776,2025-08-20,France,English,Russian|French,free,35-44,F,Business,2025-08
HT_015777,2025-07-15,France,Russian,Arabic|Dutch,free,18-24,M,Business,2025-07
HT_015778,2026-01-04,Australia,English,Dutch,free,35-44,F,Travel,2026-01
HT_015779,2025-08-24,Mexico,Chinese,Dutch|Korean,free,25-34,F,Immigration,2025-08
HT_015780,2026-01-05,USA,English,French|Dutch,premium,25-34,F,Hobby,2026-01
HT_015781,2025-05-28,Brazil,Korean,Dutch|Portuguese|Spanish,free,18-24,F,Immigration,2025-05
HT_015782,2026-02-15,France,Korean,Chinese|French|English,free,18-24,F,Travel,2026-02
HT_015783,2025-10-18,Germany,Portuguese,English|Spanish,free,35-44,F,Travel,2025-10
HT_015784,2025-04-15,Brazil,Dutch,Arabic|French,free,35-44,M,Exam,2025-04
HT_015785,2025-09-25,UK,French,Korean|Japanese,free,45+,F,Travel,2025-09
HT_015786,2025-12-24,Mexico,English,French|Russian,free,18-24,F,Business,2025-12
HT_015787,2025-11-16,France,Portuguese,Italian|German|Korean,free,18-24,M,Immigration,2025-11
HT_015788,2025-07-21,Mexico,Portuguese,Italian|Korean,free,18-24,M,Immigration,2025-07
HT_015789,2026-03-04,Brazil,French,Portuguese,premium,25-34,F,Hobby,2026-03
HT_015790,2026-02-20,China,Dutch,French,free,18-24,Other,Business,2026-02
HT_015791,2025-07-19,Spain,Dutch,Chinese,free,35-44,M,Hobby,2025-07
HT_015792,2026-03-02,Mexico,French,Korean|Russian|Dutch,free,25-34,M,Business,2026-03
HT_015793,2025-09-26,China,English,German,free,18-24,Other,Hobby,2025-09
HT_015794,2025-12-31,China,Chinese,Dutch|Japanese,free,18-24,M,Immigration,2025-12
HT_015795,2025-06-10,Japan,Spanish,Korean|German,free,25-34,F,Immigration,2025-06
HT_015796,2025-04-21,France,Dutch,Italian|Chinese|English,free,35-44,F,Exam,2025-04
HT_015797,2026-01-29,China,Arabic,Italian|Dutch|Japanese,free,18-24,M,Immigration,2026-01
HT_015798,2026-01-14,Japan,Portuguese,English|Spanish|Italian,free,35-44,M,Exam,2026-01
HT_015799,2026-04-01,France,Portuguese,Chinese|English,free,45+,M,Exam,2026-04
HT_015800,2025-05-13,China,Chinese,Spanish|Italian|Dutch,premium,18-24,M,Hobby,2025-05
HT_015801,2025-11-28,UK,Italian,French|Arabic|German,free,18-24,M,Hobby,2025-11
HT_015802,2025-10-01,Brazil,Portuguese,English|Dutch,free,25-34,F,Hobby,2025-10
HT_015803,2025-09-14,South Korea,French,Korean,free,25-34,M,Exam,2025-09
HT_015804,2025-05-22,Australia,German,Japanese|Chinese,premium,35-44,M,Exam,2025-05
HT_015805,2025-12-27,Germany,Korean,Spanish|Russian,free,18-24,Other,Immigration,2025-12
HT_015806,2025-05-19,Brazil,German,Chinese|English|Japanese,free,25-34,F,Business,2025-05
HT_015807,2025-09-04,France,Spanish,English|Chinese|Russian,free,25-34,F,Business,2025-09
HT_015808,2026-01-01,France,German,Dutch,free,18-24,Other,Immigration,2026-01
HT_015809,2025-06-26,Mexico,English,French,free,18-24,Other,Hobby,2025-06
HT_015810,2026-01-13,Spain,Spanish,Korean|Portuguese,free,25-34,F,Business,2026-01
HT_015811,2025-11-30,Spain,Spanish,Italian,free,25-34,Other,Business,2025-11
HT_015812,2025-06-28,China,German,Portuguese|English,free,25-34,Other,Exam,2025-06
HT_015813,2025-04-30,Canada,Portuguese,French,free,25-34,M,Immigration,2025-04
HT_015814,2025-10-29,Germany,Russian,English,free,18-24,M,Travel,2025-10
HT_015815,2025-10-18,USA,Italian,Russian|Portuguese|English,free,18-24,Other,Exam,2025-10
HT_015816,2025-09-11,Germany,English,Italian|Portuguese|Russian,free,25-34,F,Travel,2025-09
HT_015817,2026-02-24,USA,Russian,Spanish|Arabic|Japanese,free,25-34,F,Exam,2026-02
HT_015818,2025-06-19,UK,Korean,Japanese,premium,45+,Other,Immigration,2025-06
HT_015819,2026-01-15,South Korea,Italian,German|English,free,25-34,M,Immigration,2026-01
HT_015820,2025-08-14,Germany,Italian,Russian,free,25-34,M,Business,2025-08
HT_015821,2025-12-18,Brazil,Italian,Arabic|English,free,18-24,M,Exam,2025-12
HT_015822,2025-07-05,China,Arabic,Japanese|Korean,free,35-44,F,Exam,2025-07
HT_015823,2025-12-07,Canada,Dutch,English,free,45+,M,Hobby,2025-12
HT_015824,2025-11-01,Brazil,Chinese,Italian|Arabic|Portuguese,free,18-24,M,Exam,2025-11
HT_015825,2026-03-08,Germany,French,Russian,premium,25-34,Other,Travel,2026-03
HT_015826,2025-11-17,Germany,French,German|Japanese,free,35-44,Other,Hobby,2025-11
HT_015827,2025-12-25,Japan,Italian,English|Chinese,free,35-44,Other,Hobby,2025-12
HT_015828,2025-11-25,Australia,Korean,Japanese|Italian|German,free,25-34,M,Business,2025-11
HT_015829,2026-02-03,Brazil,Chinese,Dutch|Arabic,free,18-24,Other,Travel,2026-02
HT_015830,2025-10-03,South Korea,Korean,Russian|Portuguese|Arabic,free,25-34,Other,Business,2025-10
HT_015831,2025-07-17,South Korea,Portuguese,Spanish|Russian|German,free,18-24,Other,Hobby,2025-07
HT_015832,2025-07-06,South Korea,Portuguese,Japanese,free,25-34,Other,Exam,2025-07
HT_015833,2025-04-15,Australia,Arabic,German,premium,18-24,F,Business,2025-04
HT_015834,2025-04-19,Australia,Japanese,Chinese,free,25-34,F,Business,2025-04
HT_015835,2025-06-14,China,Russian,Dutch,free,25-34,F,Hobby,2025-06
HT_015836,2025-04-24,Spain,English,Korean|Italian|Japanese,free,18-24,M,Hobby,2025-04
HT_015837,2026-01-08,Japan,Chinese,German|French,free,35-44,M,Hobby,2026-01
HT_015838,2025-08-18,France,French,Dutch|Portuguese|English,free,25-34,M,Exam,2025-08
HT_015839,2025-08-20,Mexico,French,Korean,free,25-34,Other,Immigration,2025-08
HT_015840,2025-08-12,Canada,Arabic,Italian|Japanese,free,25-34,Other,Business,2025-08
HT_015841,2025-09-15,South Korea,Japanese,Spanish,free,25-34,M,Hobby,2025-09
HT_015842,2026-02-22,Mexico,French,Chinese|Arabic|Japanese,free,35-44,M,Travel,2026-02
HT_015843,2025-08-08,South Korea,French,Dutch|Korean|German,premium,25-34,F,Business,2025-08
HT_015844,2025-04-22,Japan,German,Chinese,free,35-44,M,Business,2025-04
HT_015845,2025-11-10,Brazil,Russian,Korean|German|Spanish,premium,18-24,M,Hobby,2025-11
HT_015846,2025-07-31,Japan,Spanish,French|Italian|Japanese,free,18-24,Other,Immigration,2025-07
HT_015847,2025-05-08,China,Japanese,Chinese|Spanish|Portuguese,premium,25-34,M,Immigration,2025-05
HT_015848,2026-01-24,China,Korean,Arabic|Italian|English,free,25-34,F,Travel,2026-01
HT_015849,2026-03-31,Spain,German,Italian|Russian,free,35-44,F,Business,2026-03
HT_015850,2025-08-27,Germany,Korean,Spanish|French|Japanese,free,18-24,M,Exam,2025-08
HT_015851,2025-08-25,China,Korean,Italian|Chinese|French,free,18-24,M,Travel,2025-08
HT_015852,2025-07-20,Canada,Chinese,Korean|Japanese,free,45+,Other,Travel,2025-07
HT_015853,2025-07-17,Brazil,Portuguese,Chinese|Dutch|Russian,premium,35-44,Other,Exam,2025-07
HT_015854,2025-12-18,Mexico,German,Dutch,free,25-34,F,Hobby,2025-12
HT_015855,2026-01-31,Australia,Spanish,Arabic|Korean,premium,25-34,Other,Business,2026-01
HT_015856,2026-02-28,China,Chinese,Spanish,free,18-24,Other,Travel,2026-02
HT_015857,2025-08-30,Mexico,Japanese,Portuguese|Italian,free,25-34,F,Travel,2025-08
HT_015858,2025-04-20,Germany,Korean,German,premium,25-34,F,Immigration,2025-04
HT_015859,2026-04-08,Germany,French,German,free,18-24,Other,Exam,2026-04
HT_015860,2026-02-24,Spain,Korean,Portuguese|Spanish|Dutch,free,18-24,M,Business,2026-02
HT_015861,2026-03-23,Spain,German,Chinese|Arabic|Portuguese,free,18-24,F,Exam,2026-03
HT_015862,2025-12-26,USA,Italian,Dutch|Korean|Japanese,free,35-44,F,Hobby,2025-12
HT_015863,2025-07-04,France,English,Arabic|German|Korean,free,18-24,M,Business,2025-07
HT_015864,2025-10-07,Canada,French,Russian,free,18-24,F,Exam,2025-10
HT_015865,2025-11-02,UK,Chinese,Korean|English,premium,25-34,F,Hobby,2025-11
HT_015866,2026-02-28,France,Japanese,Chinese,free,35-44,Other,Hobby,2026-02
HT_015867,2025-07-06,Spain,Russian,Japanese|Dutch|Chinese,free,45+,M,Exam,2025-07
HT_015868,2025-05-02,USA,English,Dutch,free,18-24,F,Business,2025-05
HT_015869,2025-12-15,Australia,Portuguese,French,free,18-24,Other,Exam,2025-12
HT_015870,2026-02-23,Germany,Russian,Japanese|Portuguese|Korean,free,18-24,Other,Business,2026-02
HT_015871,2025-08-17,Spain,French,Russian|English,free,18-24,F,Immigration,2025-08
HT_015872,2025-09-01,UK,Japanese,Korean|Chinese,free,18-24,F,Exam,2025-09
HT_015873,2026-03-22,UK,English,Korean,premium,25-34,Other,Immigration,2026-03
HT_015874,2025-06-18,Mexico,German,Japanese,free,25-34,Other,Hobby,2025-06
HT_015875,2025-04-30,Australia,Arabic,Russian,free,35-44,Other,Travel,2025-04
HT_015876,2025-08-24,Australia,Arabic,Japanese|Dutch,premium,25-34,F,Immigration,2025-08
HT_015877,2025-11-01,Canada,English,Korean|French,premium,35-44,F,Immigration,2025-11
HT_015878,2025-07-02,Brazil,Chinese,Spanish,free,25-34,Other,Immigration,2025-07
HT_015879,2025-11-28,Brazil,English,Arabic,premium,18-24,F,Exam,2025-11
HT_015880,2026-01-07,Australia,English,German|Japanese,premium,35-44,Other,Exam,2026-01
HT_015881,2025-04-14,Japan,Dutch,Korean,free,18-24,M,Immigration,2025-04
HT_015882,2026-04-11,USA,English,Korean|Japanese,free,35-44,F,Hobby,2026-04
HT_015883,2025-11-25,USA,Arabic,Korean|French|Japanese,free,18-24,F,Hobby,2025-11
HT_015884,2025-12-05,China,Russian,French,free,25-34,Other,Travel,2025-12
HT_015885,2025-05-06,USA,Portuguese,Spanish,free,18-24,Other,Immigration,2025-05
HT_015886,2025-05-05,South Korea,English,Chinese|Dutch|Italian,free,35-44,M,Immigration,2025-05
HT_015887,2025-09-18,Germany,Portuguese,Chinese|French|German,free,18-24,Other,Exam,2025-09
HT_015888,2025-04-12,Australia,French,Arabic|Korean,free,25-34,Other,Immigration,2025-04
HT_015889,2025-12-14,UK,Russian,German|Portuguese,free,35-44,M,Business,2025-12
HT_015890,2026-04-06,Japan,Arabic,Russian|Spanish|Dutch,free,18-24,Other,Business,2026-04
HT_015891,2025-12-21,USA,Russian,Dutch|Spanish,free,25-34,M,Exam,2025-12
HT_015892,2025-07-13,France,Japanese,German|Arabic,free,25-34,M,Hobby,2025-07
HT_015893,2025-11-23,Mexico,Italian,Russian,premium,18-24,Other,Immigration,2025-11
HT_015894,2026-03-02,Germany,French,English,free,25-34,F,Business,2026-03
HT_015895,2026-01-19,Brazil,German,Japanese|Russian,free,25-34,M,Hobby,2026-01
HT_015896,2026-01-30,Spain,Russian,English|Italian,free,35-44,M,Hobby,2026-01
HT_015897,2025-12-14,Australia,Arabic,Italian,premium,25-34,Other,Business,2025-12
HT_015898,2026-02-21,Brazil,Chinese,Korean|French|Japanese,premium,25-34,F,Immigration,2026-02
HT_015899,2026-04-04,France,Spanish,French|Russian|Arabic,free,25-34,M,Travel,2026-04
HT_015900,2025-08-13,South Korea,French,Italian|Korean|Dutch,free,45+,Other,Business,2025-08
HT_015901,2025-06-25,Mexico,Arabic,English|French,free,18-24,M,Business,2025-06
HT_015902,2025-06-18,France,German,Chinese|Dutch,free,18-24,Other,Immigration,2025-06
HT_015903,2025-08-23,Spain,Arabic,English|Korean|Russian,free,35-44,Other,Immigration,2025-08
HT_015904,2025-09-10,Mexico,Spanish,Korean|Dutch|English,free,18-24,F,Business,2025-09
HT_015905,2025-04-14,Japan,Dutch,Italian|Arabic|French,free,18-24,M,Exam,2025-04
HT_015906,2025-11-27,Brazil,Arabic,English,free,35-44,M,Hobby,2025-11
HT_015907,2026-01-10,Mexico,Russian,Arabic|German|Spanish,free,18-24,Other,Exam,2026-01
HT_015908,2025-09-02,Mexico,Korean,German|Dutch,free,18-24,F,Travel,2025-09
HT_015909,2026-03-14,Japan,Portuguese,Chinese|Russian,free,18-24,F,Business,2026-03
HT_015910,2025-06-01,China,Korean,German|English|Dutch,free,25-34,M,Immigration,2025-06
HT_015911,2025-10-26,Canada,French,Japanese,premium,25-34,Other,Business,2025-10
HT_015912,2026-02-19,Canada,Arabic,Dutch|Portuguese,premium,25-34,F,Travel,2026-02
HT_015913,2025-06-06,Mexico,Italian,Chinese,free,35-44,M,Hobby,2025-06
HT_015914,2025-11-27,UK,English,Korean|Spanish,free,25-34,F,Business,2025-11
HT_015915,2025-08-12,Mexico,Russian,Arabic|Dutch,premium,25-34,M,Exam,2025-08
HT_015916,2025-08-05,Canada,Chinese,Portuguese,free,18-24,M,Exam,2025-08
HT_015917,2025-11-01,South Korea,Dutch,Russian|Chinese,free,35-44,Other,Hobby,2025-11
HT_015918,2025-07-11,Mexico,Dutch,French,free,18-24,M,Travel,2025-07
HT_015919,2026-01-21,South Korea,French,Arabic|Chinese,free,18-24,F,Exam,2026-01
HT_015920,2025-04-18,Australia,Chinese,Japanese,free,25-34,F,Hobby,2025-04
HT_015921,2025-11-05,Australia,Arabic,Russian,free,25-34,Other,Travel,2025-11
HT_015922,2025-10-10,Mexico,Arabic,Japanese|German,free,25-34,M,Immigration,2025-10
HT_015923,2026-03-01,UK,French,Japanese|Arabic,free,18-24,M,Travel,2026-03
HT_015924,2026-02-24,China,Russian,Spanish|Italian,free,18-24,Other,Hobby,2026-02
HT_015925,2025-12-27,China,French,English,free,18-24,M,Business,2025-12
HT_015926,2025-05-05,Germany,Italian,German|Dutch|Russian,free,18-24,M,Exam,2025-05
HT_015927,2025-05-04,USA,Spanish,Arabic,free,45+,F,Hobby,2025-05
HT_015928,2026-01-02,UK,Chinese,Russian|Arabic,free,18-24,F,Immigration,2026-01
HT_015929,2025-12-04,China,French,Spanish,free,18-24,M,Immigration,2025-12
HT_015930,2026-03-02,Spain,Italian,Dutch|English|Korean,free,35-44,M,Exam,2026-03
HT_015931,2025-08-29,Australia,Japanese,English|Dutch|French,free,18-24,Other,Exam,2025-08
HT_015932,2025-09-28,Germany,Spanish,Portuguese|Chinese,free,18-24,F,Exam,2025-09
HT_015933,2026-01-30,Germany,Arabic,Russian|Korean|Spanish,free,25-34,M,Exam,2026-01
HT_015934,2025-05-21,Japan,Italian,French|English,premium,18-24,M,Exam,2025-05
HT_015935,2025-11-17,Mexico,Chinese,Spanish,free,25-34,M,Hobby,2025-11
HT_015936,2026-03-18,Mexico,Italian,English|French,free,45+,Other,Travel,2026-03
HT_015937,2026-01-29,Australia,Dutch,Italian|Chinese|Korean,free,18-24,F,Travel,2026-01
HT_015938,2025-10-24,USA,Portuguese,Russian,premium,18-24,Other,Exam,2025-10
HT_015939,2025-11-21,USA,French,English|Arabic|Russian,free,18-24,F,Business,2025-11
HT_015940,2026-02-12,Brazil,Portuguese,German|English|Italian,free,35-44,F,Business,2026-02
HT_015941,2025-05-31,China,Spanish,Chinese|Korean,free,18-24,M,Business,2025-05
HT_015942,2025-09-15,Japan,Korean,Arabic,premium,25-34,Other,Business,2025-09
HT_015943,2025-07-16,Spain,French,Russian|Arabic,premium,25-34,F,Travel,2025-07
HT_015944,2025-10-06,China,German,Portuguese|Dutch|Italian,free,18-24,Other,Travel,2025-10
HT_015945,2025-04-16,Canada,German,French|English,free,35-44,F,Exam,2025-04
HT_015946,2025-05-27,South Korea,Russian,Portuguese,premium,35-44,F,Hobby,2025-05
HT_015947,2025-05-25,Japan,Dutch,English,free,45+,M,Immigration,2025-05
HT_015948,2026-03-19,Australia,Portuguese,Arabic,premium,25-34,Other,Travel,2026-03
HT_015949,2025-12-22,Germany,Arabic,Spanish|English|French,free,25-34,F,Business,2025-12
HT_015950,2026-01-07,Japan,French,Japanese|English,free,35-44,Other,Travel,2026-01
HT_015951,2026-01-06,Mexico,Korean,Russian,free,18-24,Other,Hobby,2026-01
HT_015952,2025-05-31,USA,Dutch,French,free,35-44,M,Hobby,2025-05
HT_015953,2025-06-10,Spain,Chinese,Spanish,free,18-24,Other,Exam,2025-06
HT_015954,2026-02-26,China,Korean,Portuguese|English,free,35-44,F,Hobby,2026-02
HT_015955,2025-07-17,Japan,Dutch,Russian|Korean|Spanish,premium,35-44,M,Immigration,2025-07
HT_015956,2025-06-23,France,French,Japanese,free,35-44,M,Travel,2025-06
HT_015957,2025-08-10,USA,Dutch,Portuguese|Spanish|Arabic,premium,35-44,Other,Immigration,2025-08
HT_015958,2025-07-26,France,Portuguese,German,premium,25-34,Other,Travel,2025-07
HT_015959,2025-09-05,Germany,Arabic,German|French,free,25-34,M,Business,2025-09
HT_015960,2025-11-03,China,Russian,Arabic|French,free,18-24,M,Travel,2025-11
HT_015961,2025-08-18,Spain,Portuguese,Japanese|Chinese|Arabic,free,35-44,M,Business,2025-08
HT_015962,2026-01-16,France,Portuguese,Chinese|Spanish|German,free,18-24,M,Immigration,2026-01
HT_015963,2025-09-22,Mexico,Italian,German|Korean,free,45+,M,Exam,2025-09
HT_015964,2026-01-18,Spain,Russian,German|Korean|Arabic,free,18-24,F,Hobby,2026-01
HT_015965,2025-08-03,South Korea,Russian,Italian|Portuguese|French,free,35-44,Other,Business,2025-08
HT_015966,2025-08-17,Mexico,Korean,Dutch|Spanish|Japanese,free,35-44,M,Immigration,2025-08
HT_015967,2025-09-04,China,Arabic,Russian,free,25-34,F,Business,2025-09
HT_015968,2025-09-26,Spain,Dutch,Japanese|English,free,18-24,Other,Exam,2025-09
HT_015969,2025-10-09,Australia,Korean,English,premium,18-24,Other,Business,2025-10
HT_015970,2025-06-21,USA,Spanish,Russian|German,premium,25-34,Other,Immigration,2025-06
HT_015971,2025-08-04,Brazil,Dutch,Spanish|German,free,25-34,F,Travel,2025-08
HT_015972,2026-02-24,Canada,Chinese,Japanese,free,25-34,F,Business,2026-02
HT_015973,2025-08-04,Canada,Russian,Portuguese|Dutch|Spanish,free,35-44,M,Business,2025-08
HT_015974,2025-10-19,France,Arabic,French|Russian|Portuguese,free,35-44,M,Hobby,2025-10
HT_015975,2026-03-16,Canada,Dutch,Italian|Chinese,free,18-24,F,Exam,2026-03
HT_015976,2025-12-29,Spain,Chinese,Dutch,free,45+,Other,Immigration,2025-12
HT_015977,2026-01-14,China,Italian,Portuguese|Spanish,free,45+,M,Travel,2026-01
HT_015978,2025-12-09,USA,Russian,Dutch,free,45+,M,Exam,2025-12
HT_015979,2026-02-03,South Korea,Dutch,English,free,25-34,F,Hobby,2026-02
HT_015980,2026-03-09,France,Chinese,Arabic|Russian|Dutch,free,25-34,M,Immigration,2026-03
HT_015981,2025-10-10,South Korea,Russian,German|French|Dutch,free,25-34,F,Exam,2025-10
HT_015982,2025-10-15,Canada,Portuguese,English|Arabic|Japanese,premium,25-34,F,Exam,2025-10
HT_015983,2026-02-17,Brazil,Japanese,Arabic|Italian|Russian,free,25-34,Other,Hobby,2026-02
HT_015984,2025-07-13,Germany,Chinese,Japanese|Arabic,free,25-34,Other,Business,2025-07
HT_015985,2025-09-24,France,Dutch,French|English,free,18-24,F,Travel,2025-09
HT_015986,2025-11-21,France,Spanish,Arabic|Russian,free,35-44,M,Immigration,2025-11
HT_015987,2025-10-31,France,Chinese,Japanese|Spanish|Portuguese,free,25-34,Other,Hobby,2025-10
HT_015988,2025-08-17,Australia,Italian,French,free,18-24,Other,Immigration,2025-08
HT_015989,2025-12-13,Mexico,Portuguese,Chinese,free,18-24,Other,Travel,2025-12
HT_015990,2025-06-08,Germany,Chinese,Portuguese|Italian|German,free,18-24,M,Travel,2025-06
HT_015991,2025-07-16,Australia,Russian,Arabic,premium,25-34,M,Business,2025-07
HT_015992,2025-06-27,China,Portuguese,Korean,free,35-44,F,Hobby,2025-06
HT_015993,2026-04-04,Mexico,French,Chinese,free,18-24,Other,Hobby,2026-04
HT_015994,2026-02-02,USA,French,Italian|German,free,25-34,M,Hobby,2026-02
HT_015995,2025-10-21,UK,Dutch,Russian,free,18-24,M,Travel,2025-10
HT_015996,2025-08-16,Australia,Italian,Japanese,free,25-34,M,Exam,2025-08
HT_015997,2026-01-08,Brazil,Japanese,Chinese|Italian|Korean,free,25-34,Other,Business,2026-01
HT_015998,2025-08-04,China,French,Arabic,premium,35-44,M,Immigration,2025-08
HT_015999,2026-03-25,France,Spanish,Korean|Chinese|Arabic,free,18-24,Other,Exam,2026-03
HT_016000,2025-07-11,China,Dutch,Arabic|Chinese|English,free,25-34,M,Travel,2025-07
HT_016001,2026-03-05,Australia,Russian,Chinese|Portuguese,free,25-34,Other,Immigration,2026-03
HT_016002,2026-02-24,France,English,Russian|Dutch|German,free,18-24,M,Business,2026-02
HT_016003,2026-01-27,Spain,Spanish,Korean|French|Russian,free,25-34,F,Immigration,2026-01
HT_016004,2025-12-05,Japan,Portuguese,Italian,free,18-24,F,Travel,2025-12
HT_016005,2025-07-26,Mexico,Arabic,English|German,free,18-24,Other,Hobby,2025-07
HT_016006,2025-05-04,USA,French,Japanese,free,45+,Other,Travel,2025-05
HT_016007,2025-11-28,UK,Japanese,German,premium,18-24,F,Immigration,2025-11
HT_016008,2025-10-14,Brazil,Arabic,Russian|Korean,premium,45+,M,Hobby,2025-10
HT_016009,2025-12-06,Germany,English,German,free,45+,Other,Exam,2025-12
HT_016010,2025-09-26,South Korea,Korean,English,premium,25-34,F,Hobby,2025-09
HT_016011,2025-10-21,UK,German,Japanese|Russian,free,45+,F,Hobby,2025-10
HT_016012,2025-04-23,Spain,Spanish,Japanese|Russian,free,18-24,Other,Immigration,2025-04
HT_016013,2025-06-17,Mexico,Arabic,Italian|English|Japanese,free,18-24,Other,Immigration,2025-06
HT_016014,2026-03-08,South Korea,Dutch,Arabic|Chinese|English,free,35-44,M,Hobby,2026-03
HT_016015,2025-12-24,UK,Spanish,Chinese|Dutch|Arabic,free,45+,M,Travel,2025-12
HT_016016,2025-08-12,Spain,Spanish,German,free,25-34,Other,Exam,2025-08
HT_016017,2026-02-02,Australia,Arabic,French|German|Dutch,free,18-24,Other,Hobby,2026-02
HT_016018,2025-04-13,Canada,Russian,Chinese|Italian,free,35-44,M,Exam,2025-04
HT_016019,2026-04-06,France,English,Italian|Russian,free,25-34,Other,Immigration,2026-04
HT_016020,2025-09-29,Japan,Italian,Chinese|Korean,premium,18-24,Other,Business,2025-09
HT_016021,2026-03-27,Spain,German,Spanish|Russian|Japanese,free,25-34,M,Business,2026-03
HT_016022,2025-07-10,USA,Italian,Japanese|German,free,18-24,Other,Travel,2025-07
HT_016023,2025-06-28,Mexico,Chinese,German,free,18-24,F,Travel,2025-06
HT_016024,2025-11-16,Brazil,English,German|Arabic,free,25-34,Other,Travel,2025-11
HT_016025,2025-08-27,China,Korean,English|German,premium,45+,M,Travel,2025-08
HT_016026,2025-05-11,Australia,French,Chinese,free,25-34,Other,Exam,2025-05
HT_016027,2025-04-24,Brazil,French,Portuguese|Japanese,free,25-34,M,Exam,2025-04
HT_016028,2025-06-10,Germany,German,Russian,free,35-44,F,Travel,2025-06
HT_016029,2025-06-25,Germany,Portuguese,Spanish|Arabic|Korean,free,18-24,M,Exam,2025-06
HT_016030,2025-10-20,Brazil,English,German|Chinese,free,25-34,F,Business,2025-10
HT_016031,2025-08-10,USA,German,Arabic|English,premium,35-44,F,Hobby,2025-08
HT_016032,2025-08-02,USA,Korean,Japanese,free,25-34,M,Exam,2025-08
HT_016033,2026-02-12,Japan,Dutch,English|Chinese|Arabic,free,25-34,Other,Travel,2026-02
HT_016034,2025-06-26,Australia,Russian,English|Dutch|Arabic,free,18-24,F,Travel,2025-06
HT_016035,2025-06-12,UK,Spanish,Russian,free,45+,F,Exam,2025-06
HT_016036,2026-03-17,Brazil,German,Italian|Portuguese,free,18-24,Other,Immigration,2026-03
HT_016037,2025-11-25,Brazil,Spanish,German|English,free,25-34,M,Immigration,2025-11
HT_016038,2026-01-24,Brazil,Russian,German,free,18-24,F,Hobby,2026-01
HT_016039,2025-12-07,South Korea,Japanese,Italian|Dutch|Spanish,premium,45+,M,Business,2025-12
HT_016040,2026-01-20,China,English,Arabic|French|Italian,free,18-24,M,Immigration,2026-01
HT_016041,2025-06-02,USA,English,Korean|Spanish|Dutch,free,25-34,M,Hobby,2025-06
HT_016042,2026-03-19,Brazil,Spanish,German,free,25-34,F,Immigration,2026-03
HT_016043,2025-10-29,China,Japanese,German|English,free,18-24,F,Business,2025-10
HT_016044,2025-10-21,Canada,Dutch,Spanish|German|French,free,45+,Other,Business,2025-10
HT_016045,2025-04-24,Germany,Dutch,French|Korean,free,18-24,M,Business,2025-04
HT_016046,2025-10-03,Germany,French,Korean,free,25-34,F,Immigration,2025-10
HT_016047,2026-01-13,Brazil,Chinese,Russian,free,18-24,M,Business,2026-01
HT_016048,2025-05-19,Australia,Korean,English|Chinese,free,18-24,F,Immigration,2025-05
HT_016049,2026-02-23,Germany,Dutch,Italian|English,premium,35-44,F,Immigration,2026-02
HT_016050,2025-12-17,South Korea,German,Japanese,free,25-34,F,Exam,2025-12
HT_016051,2025-12-02,France,Arabic,Spanish|English|Chinese,free,25-34,F,Business,2025-12
HT_016052,2025-04-12,South Korea,German,French|Korean|Russian,free,45+,Other,Business,2025-04
HT_016053,2025-06-16,Japan,Korean,English|Italian|French,free,18-24,Other,Exam,2025-06
HT_016054,2026-02-22,South Korea,Japanese,Portuguese|English,free,25-34,F,Travel,2026-02
HT_016055,2025-05-05,USA,Dutch,Portuguese|English|German,free,35-44,M,Hobby,2025-05
HT_016056,2025-10-26,Brazil,Dutch,French|Russian,free,25-34,F,Business,2025-10
HT_016057,2025-12-07,China,Russian,German|English,free,25-34,F,Hobby,2025-12
HT_016058,2026-01-02,Australia,Dutch,Italian|German|Korean,free,25-34,Other,Immigration,2026-01
HT_016059,2025-08-18,UK,Spanish,Italian|Portuguese,free,18-24,M,Exam,2025-08
HT_016060,2026-01-12,China,Japanese,Chinese,free,18-24,Other,Travel,2026-01
HT_016061,2025-04-13,Brazil,Korean,French|Chinese|Dutch,free,25-34,F,Exam,2025-04
HT_016062,2025-05-28,France,English,Spanish,free,18-24,F,Business,2025-05
HT_016063,2026-04-05,Japan,Chinese,English|German|Korean,free,25-34,M,Immigration,2026-04
HT_016064,2026-03-17,Germany,Spanish,Japanese|Arabic|Korean,free,25-34,M,Hobby,2026-03
HT_016065,2026-01-04,Canada,Dutch,Portuguese,premium,35-44,Other,Business,2026-01
HT_016066,2025-11-05,UK,Dutch,Russian|German|Spanish,free,25-34,F,Hobby,2025-11
HT_016067,2026-03-17,Japan,Russian,Dutch|Japanese|Korean,free,18-24,M,Immigration,2026-03
HT_016068,2025-04-23,Canada,English,Dutch|Chinese,free,18-24,Other,Immigration,2025-04
HT_016069,2025-10-12,Mexico,English,German|Italian|Russian,premium,18-24,F,Exam,2025-10
HT_016070,2025-05-24,Canada,Russian,Chinese|German,premium,25-34,Other,Business,2025-05
HT_016071,2025-08-05,South Korea,Russian,Korean|Italian,free,25-34,M,Travel,2025-08
HT_016072,2025-05-06,France,Chinese,Russian|Arabic|Dutch,free,25-34,F,Travel,2025-05
HT_016073,2025-06-23,Germany,Japanese,German|Chinese|Russian,free,45+,M,Exam,2025-06
HT_016074,2025-11-05,Brazil,Russian,French,free,35-44,Other,Travel,2025-11
HT_016075,2026-02-21,South Korea,Russian,Italian|German,free,25-34,Other,Business,2026-02
HT_016076,2025-05-05,Canada,Italian,Portuguese|Arabic|French,free,25-34,F,Hobby,2025-05
HT_016077,2026-01-24,Spain,Arabic,Italian|Chinese,premium,35-44,M,Hobby,2026-01
HT_016078,2026-02-01,Japan,Chinese,Arabic|Italian|Japanese,free,18-24,F,Hobby,2026-02
HT_016079,2025-08-21,Mexico,Japanese,Chinese|Italian|Portuguese,free,25-34,F,Hobby,2025-08
HT_016080,2025-04-26,Japan,German,Portuguese|Japanese,free,35-44,M,Business,2025-04
HT_016081,2025-04-29,South Korea,Spanish,Arabic|Korean|German,free,25-34,Other,Travel,2025-04
HT_016082,2025-11-01,China,Japanese,Chinese|Arabic,free,18-24,M,Travel,2025-11
HT_016083,2025-09-16,USA,French,German,free,25-34,F,Travel,2025-09
HT_016084,2025-12-18,USA,Russian,Korean|Spanish,free,18-24,Other,Business,2025-12
HT_016085,2025-05-04,China,Portuguese,Italian|Korean,free,35-44,M,Exam,2025-05
HT_016086,2025-04-20,UK,Spanish,Portuguese|Dutch,free,18-24,Other,Travel,2025-04
HT_016087,2025-08-07,Mexico,Portuguese,Italian|German,free,25-34,Other,Immigration,2025-08
HT_016088,2025-06-24,UK,Portuguese,Arabic,premium,25-34,M,Immigration,2025-06
HT_016089,2026-03-28,China,English,Portuguese,free,18-24,F,Exam,2026-03
HT_016090,2025-06-22,Germany,Chinese,Spanish|Italian|Arabic,free,18-24,Other,Travel,2025-06
HT_016091,2026-04-10,Germany,Spanish,Korean|French,free,18-24,M,Immigration,2026-04
HT_016092,2025-04-27,France,Chinese,German|Korean,free,18-24,F,Hobby,2025-04
HT_016093,2026-04-09,China,English,Dutch|Arabic|Korean,free,25-34,M,Travel,2026-04
HT_016094,2026-04-09,Japan,Italian,Russian|Portuguese,premium,25-34,F,Immigration,2026-04
HT_016095,2025-08-24,South Korea,Portuguese,Spanish|Italian,premium,25-34,Other,Travel,2025-08
HT_016096,2025-06-06,Spain,Italian,Spanish|Dutch|German,free,18-24,Other,Immigration,2025-06
HT_016097,2026-02-24,Germany,Korean,Italian|Arabic|German,free,18-24,M,Exam,2026-02
HT_016098,2025-06-11,Mexico,Spanish,Chinese|French,free,45+,Other,Travel,2025-06
HT_016099,2025-11-09,UK,Korean,Portuguese|Chinese|German,free,25-34,M,Business,2025-11
HT_016100,2025-08-31,USA,Portuguese,Russian|Arabic,free,25-34,F,Exam,2025-08
HT_016101,2025-08-14,UK,Dutch,Chinese,free,18-24,Other,Business,2025-08
HT_016102,2025-06-02,South Korea,Arabic,Italian|English|French,free,18-24,F,Exam,2025-06
HT_016103,2026-02-12,Japan,Russian,German,free,18-24,F,Hobby,2026-02
HT_016104,2026-03-22,Germany,Dutch,English|Italian|Japanese,free,25-34,M,Business,2026-03
HT_016105,2025-06-04,Canada,French,German|Portuguese,free,18-24,M,Business,2025-06
HT_016106,2025-09-17,UK,Arabic,French,free,25-34,Other,Exam,2025-09
HT_016107,2025-07-29,Germany,Japanese,Italian|German|French,free,18-24,F,Travel,2025-07
HT_016108,2025-05-07,Australia,Russian,Portuguese|Chinese|Korean,free,25-34,F,Travel,2025-05
HT_016109,2026-03-08,Japan,English,Dutch|French|German,free,35-44,Other,Hobby,2026-03
HT_016110,2025-05-14,Germany,Italian,Russian|Spanish|Dutch,free,45+,F,Travel,2025-05
HT_016111,2025-12-15,Mexico,Japanese,Russian|German|Arabic,free,35-44,Other,Exam,2025-12
HT_016112,2025-09-10,China,Portuguese,Dutch|Russian|English,free,25-34,Other,Travel,2025-09
HT_016113,2025-09-27,Spain,Spanish,Russian|Dutch|English,free,35-44,Other,Business,2025-09
HT_016114,2025-05-25,Japan,Japanese,Chinese,premium,35-44,F,Exam,2025-05
HT_016115,2026-01-17,France,Russian,Japanese|German|English,free,25-34,M,Exam,2026-01
HT_016116,2025-05-07,USA,German,English,free,25-34,M,Travel,2025-05
HT_016117,2025-06-01,Mexico,Italian,Dutch|German|French,premium,18-24,Other,Immigration,2025-06
HT_016118,2025-09-23,UK,Korean,French,free,25-34,M,Exam,2025-09
HT_016119,2025-11-08,France,English,Spanish|German|French,free,18-24,M,Travel,2025-11
HT_016120,2025-09-19,Brazil,Japanese,German|Portuguese,free,25-34,Other,Immigration,2025-09
HT_016121,2026-01-28,Brazil,Arabic,Spanish,free,35-44,F,Travel,2026-01
HT_016122,2025-08-28,Germany,Russian,Japanese|Chinese,premium,25-34,Other,Immigration,2025-08
HT_016123,2026-03-13,Mexico,Russian,Dutch,free,18-24,F,Travel,2026-03
HT_016124,2025-07-25,France,Dutch,Italian|Arabic|Chinese,free,35-44,F,Business,2025-07
HT_016125,2025-12-22,Mexico,Russian,German,free,25-34,M,Immigration,2025-12
HT_016126,2025-10-02,China,German,Arabic|English|Italian,free,25-34,Other,Travel,2025-10
HT_016127,2025-08-02,Mexico,French,English|Portuguese|Spanish,free,35-44,F,Exam,2025-08
HT_016128,2025-06-29,Germany,Arabic,Spanish|Korean,free,18-24,F,Immigration,2025-06
HT_016129,2025-09-18,UK,Dutch,Japanese|Korean|Arabic,premium,18-24,F,Exam,2025-09
HT_016130,2025-05-31,UK,Korean,Spanish|Arabic|English,free,25-34,M,Immigration,2025-05
HT_016131,2025-12-19,Canada,English,Chinese|Dutch,free,25-34,F,Travel,2025-12
HT_016132,2025-09-16,China,Spanish,Japanese|Korean|Italian,free,18-24,M,Hobby,2025-09
HT_016133,2025-04-24,Japan,Arabic,Chinese|Portuguese|Dutch,free,35-44,M,Hobby,2025-04
HT_016134,2025-10-04,Japan,Russian,Korean|Italian|German,premium,25-34,M,Exam,2025-10
HT_016135,2026-02-08,Japan,German,Spanish|Italian,free,18-24,F,Immigration,2026-02
HT_016136,2026-01-27,Canada,Chinese,Spanish|Russian,free,25-34,F,Exam,2026-01
HT_016137,2025-05-31,Germany,French,Chinese|Portuguese,free,25-34,Other,Business,2025-05
HT_016138,2025-09-30,Germany,German,Portuguese,free,35-44,F,Business,2025-09
HT_016139,2025-05-28,Australia,Japanese,Italian|Portuguese,free,35-44,F,Travel,2025-05
HT_016140,2025-07-23,France,Italian,French,free,25-34,M,Business,2025-07
HT_016141,2026-03-24,Australia,Portuguese,Italian|French|Arabic,free,25-34,Other,Travel,2026-03
HT_016142,2025-10-08,South Korea,Dutch,Portuguese|Russian,free,25-34,M,Exam,2025-10
HT_016143,2026-03-04,UK,German,Chinese|Portuguese|English,free,18-24,Other,Immigration,2026-03
HT_016144,2026-02-12,Japan,Arabic,French,free,35-44,Other,Exam,2026-02
HT_016145,2025-09-13,Japan,Korean,French|Arabic,free,25-34,M,Hobby,2025-09
HT_016146,2025-10-16,UK,Korean,Portuguese|Japanese,premium,45+,Other,Exam,2025-10
HT_016147,2025-07-08,South Korea,Korean,Russian,free,18-24,F,Business,2025-07
HT_016148,2025-09-08,China,Portuguese,French|Russian|German,free,35-44,F,Business,2025-09
HT_016149,2026-01-12,Australia,Chinese,Japanese|Spanish|Arabic,free,35-44,F,Exam,2026-01
HT_016150,2025-07-18,Canada,French,Italian|English|Chinese,free,18-24,Other,Exam,2025-07
HT_016151,2025-08-27,Spain,German,Portuguese|Chinese|Dutch,free,35-44,F,Travel,2025-08
HT_016152,2025-09-18,Australia,Chinese,Arabic,free,25-34,F,Immigration,2025-09
HT_016153,2025-04-23,Canada,English,Arabic|Japanese,premium,18-24,F,Immigration,2025-04
HT_016154,2026-01-07,Germany,Chinese,Portuguese|Japanese,free,18-24,F,Business,2026-01
HT_016155,2026-02-03,Japan,Korean,Arabic,free,25-34,M,Immigration,2026-02
HT_016156,2025-09-15,China,German,Spanish|Arabic,premium,18-24,M,Immigration,2025-09
HT_016157,2025-07-07,Canada,French,Spanish|Chinese,free,45+,Other,Business,2025-07
HT_016158,2026-02-12,Spain,Arabic,Dutch|English,free,45+,M,Exam,2026-02
HT_016159,2025-10-01,UK,Dutch,Portuguese,free,18-24,Other,Business,2025-10
HT_016160,2025-07-20,South Korea,Portuguese,Arabic,premium,18-24,F,Hobby,2025-07
HT_016161,2025-08-12,UK,French,Japanese,premium,25-34,M,Exam,2025-08
HT_016162,2025-09-18,Spain,Arabic,Russian|Spanish|English,free,18-24,M,Business,2025-09
HT_016163,2026-02-11,South Korea,Japanese,Arabic|Russian,free,45+,Other,Immigration,2026-02
HT_016164,2025-08-27,Japan,Japanese,Russian,free,45+,F,Business,2025-08
HT_016165,2025-09-23,UK,Arabic,Italian,free,35-44,Other,Travel,2025-09
HT_016166,2025-07-22,South Korea,Russian,French|German,free,25-34,F,Exam,2025-07
HT_016167,2025-05-13,South Korea,Russian,Italian|Korean|Spanish,free,18-24,F,Travel,2025-05
HT_016168,2025-07-19,USA,Japanese,Arabic|Korean,free,35-44,F,Business,2025-07
HT_016169,2026-02-02,USA,German,Portuguese,free,18-24,F,Hobby,2026-02
HT_016170,2026-04-11,Spain,English,Arabic|Korean|German,free,18-24,F,Exam,2026-04
HT_016171,2025-11-12,USA,Korean,Dutch|Chinese|French,free,25-34,F,Travel,2025-11
HT_016172,2025-10-21,Australia,Portuguese,Arabic|Spanish|Italian,free,18-24,Other,Hobby,2025-10
HT_016173,2026-01-28,China,Italian,English|Japanese,free,18-24,M,Exam,2026-01
HT_016174,2025-07-20,South Korea,Arabic,Chinese|German|Italian,free,18-24,Other,Travel,2025-07
HT_016175,2026-03-14,Germany,German,French|Russian,free,25-34,Other,Travel,2026-03
HT_016176,2026-01-05,China,Chinese,Spanish|English|French,free,45+,M,Business,2026-01
HT_016177,2025-09-11,USA,German,French|Dutch,premium,18-24,F,Business,2025-09
HT_016178,2025-09-04,South Korea,Spanish,German,free,45+,Other,Business,2025-09
HT_016179,2025-05-05,France,Arabic,Japanese|Korean,free,25-34,Other,Exam,2025-05
HT_016180,2026-01-09,Germany,Arabic,Japanese|English,free,18-24,Other,Hobby,2026-01
HT_016181,2026-04-05,Canada,German,Italian,free,35-44,M,Immigration,2026-04
HT_016182,2025-12-02,Australia,German,Arabic,free,18-24,M,Hobby,2025-12
HT_016183,2025-05-31,China,Russian,Portuguese,free,25-34,F,Exam,2025-05
HT_016184,2025-09-14,South Korea,Arabic,French,free,35-44,Other,Business,2025-09
HT_016185,2026-02-11,Spain,Italian,French|Japanese,free,18-24,M,Exam,2026-02
HT_016186,2025-09-18,France,Japanese,Korean,free,18-24,M,Travel,2025-09
HT_016187,2025-08-19,Australia,Italian,Chinese|English,free,25-34,Other,Hobby,2025-08
HT_016188,2026-02-02,Japan,Dutch,Japanese|Portuguese,free,45+,M,Business,2026-02
HT_016189,2025-09-11,USA,Chinese,Dutch,premium,35-44,Other,Business,2025-09
HT_016190,2026-01-26,Mexico,Korean,French|Chinese,free,35-44,F,Travel,2026-01
HT_016191,2026-01-17,Mexico,Italian,German|Arabic|Korean,free,18-24,F,Immigration,2026-01
HT_016192,2025-04-27,Australia,French,Chinese|Spanish,premium,25-34,F,Travel,2025-04
HT_016193,2025-09-09,France,Korean,Arabic,free,35-44,F,Travel,2025-09
HT_016194,2025-08-27,USA,Dutch,Korean,free,18-24,M,Hobby,2025-08
HT_016195,2026-04-10,Spain,German,Chinese,free,25-34,Other,Travel,2026-04
HT_016196,2025-06-25,Canada,Italian,Korean,premium,18-24,Other,Hobby,2025-06
HT_016197,2025-06-06,Mexico,English,Korean|Spanish,free,25-34,M,Hobby,2025-06
HT_016198,2025-11-21,Japan,Japanese,Dutch,free,18-24,Other,Business,2025-11
HT_016199,2025-08-23,UK,English,Spanish,free,25-34,M,Exam,2025-08
HT_016200,2025-10-02,Australia,Portuguese,English|Korean|Arabic,free,18-24,M,Business,2025-10
HT_016201,2025-11-08,Spain,English,German|Chinese,free,35-44,F,Exam,2025-11
HT_016202,2025-10-20,Canada,Portuguese,English|German,free,18-24,F,Hobby,2025-10
HT_016203,2025-05-06,UK,Russian,English|Arabic|Italian,free,25-34,F,Business,2025-05
HT_016204,2025-05-20,Mexico,Portuguese,Japanese|French|Arabic,free,18-24,M,Travel,2025-05
HT_016205,2025-11-25,Germany,French,Italian|Russian,premium,25-34,M,Hobby,2025-11
HT_016206,2026-03-28,USA,German,English|Chinese,premium,35-44,F,Hobby,2026-03
HT_016207,2025-05-18,UK,Russian,French|Spanish|Arabic,free,18-24,Other,Travel,2025-05
HT_016208,2025-12-11,Germany,Italian,Korean,free,35-44,F,Hobby,2025-12
HT_016209,2025-06-13,Brazil,Japanese,Russian|Korean|Chinese,free,25-34,Other,Hobby,2025-06
HT_016210,2026-01-28,Brazil,Italian,Portuguese|Korean|French,free,18-24,Other,Hobby,2026-01
HT_016211,2026-01-07,Spain,French,Dutch,free,25-34,Other,Exam,2026-01
HT_016212,2025-09-03,Canada,Italian,French|Russian|German,free,45+,Other,Immigration,2025-09
HT_016213,2026-02-28,Spain,Portuguese,Spanish|Italian,free,35-44,F,Immigration,2026-02
HT_016214,2025-07-06,Australia,Dutch,Russian|Spanish|German,free,45+,Other,Exam,2025-07
HT_016215,2025-12-14,Spain,Russian,Japanese|Chinese,free,18-24,Other,Business,2025-12
HT_016216,2026-03-29,UK,Dutch,Portuguese|Korean|English,free,25-34,Other,Travel,2026-03
HT_016217,2025-06-05,UK,Italian,German|Korean,free,25-34,Other,Exam,2025-06
HT_016218,2025-10-03,Germany,Italian,French,free,25-34,F,Exam,2025-10
HT_016219,2025-09-16,Canada,Russian,Portuguese,free,25-34,M,Business,2025-09
HT_016220,2025-04-23,Japan,German,Portuguese,premium,25-34,M,Exam,2025-04
HT_016221,2026-02-10,Japan,French,German|Portuguese,free,45+,M,Travel,2026-02
HT_016222,2026-01-18,Australia,Italian,Dutch|Russian|Chinese,free,18-24,F,Immigration,2026-01
HT_016223,2026-02-13,Japan,Russian,German|Arabic,free,18-24,Other,Business,2026-02
HT_016224,2026-03-15,Spain,Korean,Spanish,free,18-24,M,Travel,2026-03
HT_016225,2025-05-17,Germany,Spanish,Italian|English|German,premium,35-44,M,Hobby,2025-05
HT_016226,2025-10-10,Japan,Japanese,German,premium,25-34,Other,Hobby,2025-10
HT_016227,2025-05-06,Mexico,German,Chinese|Arabic|Dutch,free,18-24,F,Immigration,2025-05
HT_016228,2025-08-20,Mexico,French,Arabic|Russian,free,18-24,Other,Immigration,2025-08
HT_016229,2025-06-15,Japan,German,Italian|Portuguese|Dutch,free,35-44,Other,Exam,2025-06
HT_016230,2026-03-14,Australia,English,Korean|Arabic|Dutch,free,25-34,M,Hobby,2026-03
HT_016231,2025-12-11,Germany,Dutch,English|Korean|Spanish,free,25-34,M,Exam,2025-12
HT_016232,2025-11-16,South Korea,Korean,French,free,35-44,Other,Exam,2025-11
HT_016233,2026-02-01,Mexico,Chinese,Japanese|Korean|Italian,free,25-34,M,Exam,2026-02
HT_016234,2025-09-20,Japan,English,German|Russian|Dutch,free,35-44,Other,Travel,2025-09
HT_016235,2025-12-17,Japan,Chinese,Korean,free,35-44,F,Hobby,2025-12
HT_016236,2025-08-16,Spain,Chinese,German|Spanish|Italian,free,25-34,F,Exam,2025-08
HT_016237,2025-05-22,Mexico,Dutch,Spanish|Chinese|Italian,premium,25-34,F,Exam,2025-05
HT_016238,2025-11-09,Brazil,English,Portuguese|Korean|Italian,free,25-34,Other,Exam,2025-11
HT_016239,2025-08-09,China,Italian,German|Dutch|English,free,18-24,M,Exam,2025-08
HT_016240,2025-10-05,France,French,Spanish,free,45+,M,Immigration,2025-10
HT_016241,2025-07-29,Japan,English,Dutch,free,25-34,M,Travel,2025-07
HT_016242,2025-06-11,Australia,Russian,Arabic|Chinese|Korean,free,18-24,M,Immigration,2025-06
HT_016243,2025-09-11,Mexico,German,Dutch|Korean|English,free,25-34,M,Hobby,2025-09
HT_016244,2025-07-10,South Korea,Portuguese,Russian|Italian|Korean,free,18-24,M,Exam,2025-07
HT_016245,2026-02-16,Spain,Chinese,Japanese|English,premium,18-24,M,Exam,2026-02
HT_016246,2025-07-14,Canada,Russian,Chinese|Spanish|Italian,free,18-24,Other,Hobby,2025-07
HT_016247,2025-06-27,South Korea,Arabic,Dutch|Russian,free,18-24,M,Travel,2025-06
HT_016248,2025-07-30,Australia,Dutch,Italian,free,35-44,F,Travel,2025-07
HT_016249,2026-01-03,UK,Japanese,Chinese,free,25-34,Other,Business,2026-01
HT_016250,2025-11-09,Germany,Arabic,German|Russian|Japanese,free,35-44,Other,Immigration,2025-11
HT_016251,2026-03-11,South Korea,Spanish,French,free,18-24,M,Travel,2026-03
HT_016252,2025-07-29,Japan,French,Chinese|Arabic|German,free,18-24,F,Immigration,2025-07
HT_016253,2026-01-17,Japan,Dutch,Chinese|French,free,18-24,M,Exam,2026-01
HT_016254,2025-10-01,Spain,Italian,Japanese|French|English,free,18-24,F,Exam,2025-10
HT_016255,2026-04-02,Canada,Arabic,Chinese|Spanish|Japanese,free,25-34,Other,Immigration,2026-04
HT_016256,2026-04-05,USA,Dutch,English,free,25-34,F,Exam,2026-04
HT_016257,2025-11-19,France,Dutch,Korean,free,18-24,M,Exam,2025-11
HT_016258,2025-07-13,USA,Korean,Japanese|Dutch|French,premium,35-44,F,Exam,2025-07
HT_016259,2025-10-13,China,Portuguese,Korean|English|Italian,free,18-24,F,Business,2025-10
HT_016260,2026-03-15,USA,Spanish,Dutch|English,free,35-44,M,Travel,2026-03
HT_016261,2025-05-10,Australia,Arabic,Chinese|Spanish|Japanese,free,18-24,Other,Hobby,2025-05
HT_016262,2026-03-07,UK,German,Dutch,free,25-34,Other,Exam,2026-03
HT_016263,2025-07-03,UK,Arabic,Korean|Russian|Italian,free,35-44,M,Exam,2025-07
HT_016264,2025-10-27,Australia,German,English|Italian|Russian,free,25-34,M,Exam,2025-10
HT_016265,2025-11-30,UK,Dutch,Arabic|Spanish|English,free,18-24,M,Business,2025-11
HT_016266,2026-02-11,USA,Portuguese,Arabic|French,free,35-44,M,Business,2026-02
HT_016267,2026-03-16,China,Korean,Dutch,free,35-44,Other,Exam,2026-03
HT_016268,2025-11-07,France,Chinese,Dutch,free,18-24,Other,Immigration,2025-11
HT_016269,2026-03-28,South Korea,Arabic,Korean|Spanish|Chinese,free,18-24,M,Travel,2026-03
HT_016270,2026-01-12,Spain,Russian,Italian,free,45+,Other,Business,2026-01
HT_016271,2025-12-15,China,Italian,English|Russian,free,18-24,F,Immigration,2025-12
HT_016272,2025-12-20,USA,German,Dutch|Japanese|Arabic,premium,35-44,F,Travel,2025-12
HT_016273,2025-05-30,Mexico,Arabic,Italian|German|Dutch,premium,18-24,Other,Exam,2025-05
HT_016274,2025-08-21,Brazil,English,Arabic,free,35-44,Other,Hobby,2025-08
HT_016275,2025-09-25,Brazil,Japanese,Spanish|Russian,free,18-24,F,Immigration,2025-09
HT_016276,2025-09-19,Australia,French,German,premium,25-34,F,Exam,2025-09
HT_016277,2026-01-29,Japan,German,Spanish|Russian,free,18-24,Other,Exam,2026-01
HT_016278,2025-12-11,Australia,Italian,French,free,18-24,Other,Immigration,2025-12
HT_016279,2025-05-12,France,Portuguese,English|Japanese|French,free,18-24,M,Immigration,2025-05
HT_016280,2025-06-28,Spain,English,Dutch|Italian|French,free,25-34,M,Hobby,2025-06
HT_016281,2025-11-30,South Korea,Chinese,Russian,premium,18-24,Other,Immigration,2025-11
HT_016282,2025-07-09,Germany,German,Japanese|Spanish|Russian,free,35-44,F,Exam,2025-07
HT_016283,2025-12-15,Spain,Italian,German|Portuguese,free,25-34,M,Travel,2025-12
HT_016284,2025-12-07,Australia,German,Russian|Italian|Korean,free,25-34,F,Immigration,2025-12
HT_016285,2026-03-20,Japan,English,Korean|Chinese|Dutch,free,25-34,Other,Travel,2026-03
HT_016286,2025-05-16,France,Japanese,Russian|Arabic,free,18-24,M,Hobby,2025-05
HT_016287,2026-02-09,Australia,Italian,French|Arabic|Korean,premium,35-44,M,Immigration,2026-02
HT_016288,2026-02-12,USA,French,Chinese,free,18-24,M,Business,2026-02
HT_016289,2025-08-12,France,French,Arabic|Korean,free,25-34,M,Exam,2025-08
HT_016290,2025-08-25,France,Russian,Spanish|Korean|German,free,35-44,F,Hobby,2025-08
HT_016291,2025-08-16,Mexico,Japanese,Italian|Russian|French,free,25-34,M,Immigration,2025-08
HT_016292,2026-01-17,Australia,Arabic,Chinese,free,25-34,M,Travel,2026-01
HT_016293,2025-04-16,Spain,Russian,Chinese|Italian|Arabic,free,35-44,Other,Business,2025-04
HT_016294,2025-12-27,Canada,English,Korean,free,18-24,F,Immigration,2025-12
HT_016295,2025-09-21,USA,Spanish,Italian|English,free,25-34,F,Hobby,2025-09
HT_016296,2025-09-11,South Korea,German,Dutch|Japanese|Arabic,premium,18-24,M,Hobby,2025-09
HT_016297,2025-08-22,China,Korean,Italian|German|English,free,25-34,F,Business,2025-08
HT_016298,2025-08-28,Australia,Japanese,German|Portuguese,free,18-24,Other,Exam,2025-08
HT_016299,2026-03-18,Japan,Chinese,Spanish|Italian|Portuguese,free,35-44,M,Hobby,2026-03
HT_016300,2026-02-06,Japan,Italian,Russian|Arabic,premium,25-34,F,Exam,2026-02
HT_016301,2025-06-26,USA,German,Dutch|French,free,25-34,Other,Hobby,2025-06
HT_016302,2026-03-03,Spain,Italian,Arabic,free,45+,M,Exam,2026-03
HT_016303,2026-01-30,Germany,Korean,Arabic,free,18-24,F,Exam,2026-01
HT_016304,2026-02-20,Canada,Italian,Spanish|Arabic,free,18-24,F,Business,2026-02
HT_016305,2026-02-23,Japan,Italian,Russian|Japanese,free,18-24,M,Immigration,2026-02
HT_016306,2025-12-23,South Korea,Spanish,French,free,25-34,Other,Exam,2025-12
HT_016307,2025-04-14,Japan,Chinese,German|Russian|Italian,free,25-34,F,Travel,2025-04
HT_016308,2025-05-07,South Korea,Russian,German|Spanish,free,18-24,Other,Business,2025-05
HT_016309,2026-03-11,South Korea,English,Chinese|Japanese,free,18-24,M,Exam,2026-03
HT_016310,2025-06-23,Japan,Chinese,Portuguese|French|Spanish,free,18-24,F,Exam,2025-06
HT_016311,2025-11-06,Mexico,Japanese,Chinese|Russian,free,25-34,M,Hobby,2025-11
HT_016312,2025-07-08,Spain,German,Russian|Chinese,free,45+,F,Travel,2025-07
HT_016313,2025-10-11,Canada,Italian,Arabic|French|Chinese,free,18-24,M,Hobby,2025-10
HT_016314,2025-10-05,France,Dutch,Russian|Korean,premium,35-44,F,Exam,2025-10
HT_016315,2026-01-19,South Korea,Japanese,Arabic|Dutch|Chinese,free,18-24,M,Immigration,2026-01
HT_016316,2026-02-25,France,Chinese,German|Portuguese|French,free,18-24,F,Travel,2026-02
HT_016317,2025-04-26,France,Dutch,English,premium,18-24,M,Travel,2025-04
HT_016318,2025-11-12,Brazil,Dutch,Arabic,free,18-24,F,Travel,2025-11
HT_016319,2026-01-06,South Korea,Spanish,Portuguese,premium,25-34,M,Exam,2026-01
HT_016320,2026-03-24,Japan,French,Chinese,premium,25-34,F,Exam,2026-03
HT_016321,2025-04-14,Canada,Portuguese,Dutch|Italian|Chinese,premium,18-24,F,Exam,2025-04
HT_016322,2025-04-17,Australia,Arabic,Russian,free,25-34,Other,Immigration,2025-04
HT_016323,2025-07-02,USA,Japanese,German,premium,25-34,Other,Immigration,2025-07
HT_016324,2025-05-04,China,Portuguese,Arabic|Spanish,free,25-34,Other,Immigration,2025-05
HT_016325,2025-07-16,UK,Chinese,Russian|Italian|Korean,free,35-44,M,Business,2025-07
HT_016326,2026-01-02,USA,Russian,Chinese,free,25-34,F,Hobby,2026-01
HT_016327,2026-02-09,Germany,Chinese,French|Russian,free,18-24,M,Travel,2026-02
HT_016328,2025-09-04,Spain,Spanish,German|Chinese,free,45+,F,Hobby,2025-09
HT_016329,2025-10-31,Canada,Arabic,Chinese|Japanese|Korean,free,18-24,M,Immigration,2025-10
HT_016330,2025-12-29,Japan,Portuguese,German|Korean|Chinese,free,25-34,F,Business,2025-12
HT_016331,2025-10-11,Australia,Spanish,French|Dutch,free,25-34,Other,Immigration,2025-10
HT_016332,2025-05-27,Brazil,French,Chinese|Dutch|German,free,35-44,M,Hobby,2025-05
HT_016333,2025-05-23,France,Russian,Arabic|Chinese|French,free,25-34,F,Immigration,2025-05
HT_016334,2025-07-25,UK,Portuguese,Dutch,free,35-44,Other,Business,2025-07
HT_016335,2026-03-25,USA,English,Russian|Chinese|Portuguese,free,25-34,F,Immigration,2026-03
HT_016336,2026-03-04,Spain,Arabic,Russian|Japanese|Dutch,premium,25-34,Other,Exam,2026-03
HT_016337,2026-03-19,Canada,Arabic,Russian|French,free,25-34,M,Business,2026-03
HT_016338,2025-11-10,Mexico,French,Dutch|Italian|Korean,premium,25-34,F,Travel,2025-11
HT_016339,2025-06-05,Japan,English,Dutch|German,free,18-24,Other,Travel,2025-06
HT_016340,2025-09-06,South Korea,Arabic,Italian|Chinese|Dutch,free,25-34,Other,Travel,2025-09
HT_016341,2026-03-19,Australia,Russian,Portuguese,free,25-34,F,Travel,2026-03
HT_016342,2025-06-23,USA,French,Japanese,free,18-24,Other,Travel,2025-06
HT_016343,2025-08-26,Australia,Chinese,French,free,18-24,M,Travel,2025-08
HT_016344,2026-01-23,Australia,English,Portuguese|Russian|Dutch,premium,25-34,Other,Travel,2026-01
HT_016345,2025-07-05,Brazil,Italian,Japanese,free,18-24,M,Business,2025-07
HT_016346,2025-07-01,USA,Arabic,English|Spanish,free,18-24,Other,Travel,2025-07
HT_016347,2026-02-26,Spain,Japanese,Russian,free,25-34,Other,Travel,2026-02
HT_016348,2026-01-31,Brazil,Portuguese,Italian|Japanese|French,free,18-24,M,Immigration,2026-01
HT_016349,2026-02-03,Australia,Spanish,Arabic|Chinese,free,45+,M,Immigration,2026-02
HT_016350,2026-03-02,South Korea,Chinese,Russian,free,18-24,F,Travel,2026-03
HT_016351,2025-09-17,France,English,German,free,18-24,F,Hobby,2025-09
HT_016352,2025-11-14,USA,English,Dutch|Chinese,free,25-34,M,Hobby,2025-11
HT_016353,2026-02-05,France,English,Arabic|Italian,free,18-24,M,Hobby,2026-02
HT_016354,2026-03-10,China,Portuguese,Chinese|French|Spanish,free,45+,Other,Exam,2026-03
HT_016355,2025-10-04,France,Japanese,French|English|German,free,25-34,Other,Travel,2025-10
HT_016356,2025-12-09,Japan,Japanese,Chinese|Korean,premium,18-24,M,Hobby,2025-12
HT_016357,2025-07-18,Brazil,Portuguese,English|Japanese|Chinese,free,25-34,M,Immigration,2025-07
HT_016358,2025-12-02,USA,Spanish,Dutch|Korean,free,25-34,Other,Exam,2025-12
HT_016359,2025-08-14,China,Russian,Korean|Arabic,free,18-24,M,Immigration,2025-08
HT_016360,2025-06-12,Japan,Spanish,German|Italian|Japanese,free,45+,F,Exam,2025-06
HT_016361,2025-06-23,Brazil,French,Spanish|Chinese,free,35-44,M,Travel,2025-06
HT_016362,2025-11-30,South Korea,Japanese,Spanish,free,25-34,Other,Business,2025-11
HT_016363,2025-10-12,South Korea,Portuguese,Italian|English|Spanish,free,25-34,M,Immigration,2025-10
HT_016364,2025-05-25,France,English,Portuguese|Spanish,free,18-24,Other,Immigration,2025-05
HT_016365,2025-09-02,Germany,Arabic,Korean|Dutch|German,free,18-24,M,Business,2025-09
HT_016366,2025-10-03,Australia,Japanese,Spanish,premium,18-24,Other,Business,2025-10
HT_016367,2026-02-05,Canada,Chinese,German|Portuguese|English,free,18-24,Other,Exam,2026-02
HT_016368,2025-11-18,UK,Korean,Japanese,free,35-44,F,Immigration,2025-11
HT_016369,2025-11-15,Canada,Chinese,Italian,free,18-24,M,Immigration,2025-11
HT_016370,2025-11-07,Australia,German,Korean|Portuguese|Japanese,premium,25-34,M,Travel,2025-11
HT_016371,2025-05-01,Germany,Arabic,Korean|Italian|Chinese,premium,25-34,F,Hobby,2025-05
HT_016372,2025-06-28,Mexico,German,Dutch|Japanese,free,18-24,Other,Travel,2025-06
HT_016373,2025-11-27,Germany,English,Korean|Arabic,free,35-44,M,Business,2025-11
HT_016374,2025-11-27,UK,German,Chinese|Spanish,free,25-34,F,Immigration,2025-11
HT_016375,2025-08-06,Spain,Italian,Russian|Japanese,free,25-34,F,Business,2025-08
HT_016376,2026-02-11,Japan,Dutch,German|Italian|Spanish,free,25-34,Other,Business,2026-02
HT_016377,2025-05-19,Japan,Russian,German|French|English,premium,18-24,F,Exam,2025-05
HT_016378,2025-05-08,Brazil,Dutch,German|English,free,45+,F,Business,2025-05
HT_016379,2026-03-08,Mexico,Spanish,Korean|Italian|French,free,35-44,Other,Hobby,2026-03
HT_016380,2025-05-15,Canada,Arabic,Chinese|Japanese|Italian,free,25-34,M,Business,2025-05
HT_016381,2025-10-04,Brazil,Dutch,Japanese|Korean|Spanish,free,35-44,M,Exam,2025-10
HT_016382,2026-02-06,UK,Portuguese,Italian|English|Russian,premium,18-24,F,Business,2026-02
HT_016383,2025-06-27,Mexico,Arabic,Dutch|German,free,25-34,Other,Hobby,2025-06
HT_016384,2025-07-17,Brazil,German,Arabic|Chinese|Dutch,free,35-44,M,Business,2025-07
HT_016385,2025-04-17,South Korea,English,Arabic|Portuguese,premium,18-24,M,Hobby,2025-04
HT_016386,2026-01-04,UK,German,Arabic|Dutch,free,18-24,Other,Travel,2026-01
HT_016387,2025-11-26,China,Italian,Arabic|Spanish,free,35-44,F,Hobby,2025-11
HT_016388,2025-10-23,Brazil,Chinese,German,free,25-34,M,Immigration,2025-10
HT_016389,2025-11-25,USA,English,Spanish|Russian|Japanese,free,18-24,F,Travel,2025-11
HT_016390,2025-09-30,France,Chinese,Dutch|Korean,free,18-24,Other,Travel,2025-09
HT_016391,2025-12-07,Japan,Korean,German|Portuguese,free,18-24,F,Business,2025-12
HT_016392,2026-01-16,France,Arabic,German,free,18-24,F,Travel,2026-01
HT_016393,2026-02-04,Brazil,Italian,Russian|Japanese,free,18-24,Other,Exam,2026-02
HT_016394,2025-04-13,Mexico,Dutch,Spanish,free,18-24,Other,Travel,2025-04
HT_016395,2025-05-17,Mexico,Japanese,Spanish,free,18-24,F,Immigration,2025-05
HT_016396,2025-08-23,South Korea,English,Russian|Japanese,free,25-34,F,Exam,2025-08
HT_016397,2026-03-27,Germany,Russian,Arabic|Spanish,free,35-44,F,Immigration,2026-03
HT_016398,2026-01-18,South Korea,Russian,Chinese|Portuguese,free,35-44,Other,Hobby,2026-01
HT_016399,2025-04-23,South Korea,Italian,Spanish,premium,18-24,Other,Exam,2025-04
HT_016400,2025-06-04,USA,Portuguese,German|Russian,free,25-34,F,Business,2025-06
HT_016401,2025-07-13,Mexico,English,Portuguese,free,25-34,F,Hobby,2025-07
HT_016402,2026-03-11,USA,English,Korean|French|Portuguese,free,35-44,Other,Business,2026-03
HT_016403,2025-08-15,France,Chinese,Italian|Spanish,free,25-34,F,Immigration,2025-08
HT_016404,2026-02-20,Brazil,Italian,Chinese|French,free,45+,Other,Immigration,2026-02
HT_016405,2025-05-19,UK,Spanish,Portuguese|Korean|French,free,25-34,F,Business,2025-05
HT_016406,2025-11-07,Australia,Portuguese,German|Dutch|Spanish,free,18-24,F,Business,2025-11
HT_016407,2026-03-21,Mexico,Dutch,Korean|French,free,35-44,Other,Travel,2026-03
HT_016408,2026-03-27,Brazil,Spanish,Italian|Korean,free,45+,M,Travel,2026-03
HT_016409,2025-12-17,Spain,Russian,German|Italian,free,45+,F,Hobby,2025-12
HT_016410,2025-11-17,South Korea,Arabic,Italian,premium,18-24,F,Hobby,2025-11
HT_016411,2025-05-10,Australia,French,Spanish,free,25-34,F,Hobby,2025-05
HT_016412,2025-10-10,Brazil,Korean,Portuguese|English|Arabic,free,25-34,M,Business,2025-10
HT_016413,2025-12-16,Brazil,Portuguese,English|Russian|Japanese,free,25-34,Other,Business,2025-12
HT_016414,2026-03-02,Australia,French,Chinese|German,free,18-24,F,Business,2026-03
HT_016415,2025-12-28,China,Italian,Dutch,premium,18-24,Other,Hobby,2025-12
HT_016416,2025-11-23,Germany,English,German|Spanish,free,25-34,F,Business,2025-11
HT_016417,2025-07-01,Brazil,Russian,French,free,25-34,M,Immigration,2025-07
HT_016418,2025-10-21,Germany,Korean,Dutch|Portuguese,free,18-24,M,Hobby,2025-10
HT_016419,2025-09-21,Mexico,Italian,Japanese|Dutch|Arabic,free,35-44,M,Business,2025-09
HT_016420,2025-06-12,Germany,English,Dutch|Russian|Chinese,free,45+,Other,Business,2025-06
HT_016421,2025-12-19,South Korea,French,Chinese|German,free,18-24,Other,Travel,2025-12
HT_016422,2025-11-02,Australia,German,Korean,free,35-44,Other,Hobby,2025-11
HT_016423,2025-11-17,France,Dutch,German,free,18-24,M,Immigration,2025-11
HT_016424,2025-12-26,USA,Portuguese,Spanish|Russian,free,35-44,Other,Hobby,2025-12
HT_016425,2025-10-04,Spain,Chinese,Arabic|Italian,free,18-24,Other,Immigration,2025-10
HT_016426,2025-11-14,Australia,Italian,Chinese|Spanish|Arabic,free,18-24,Other,Travel,2025-11
HT_016427,2026-02-02,USA,Portuguese,Spanish|Dutch,free,25-34,Other,Business,2026-02
HT_016428,2026-03-30,Japan,German,Arabic|Italian|Chinese,free,25-34,F,Immigration,2026-03
HT_016429,2025-10-31,Brazil,Dutch,Italian|Japanese|Arabic,free,45+,M,Travel,2025-10
HT_016430,2025-11-04,UK,Korean,Dutch|Japanese|Russian,free,45+,Other,Exam,2025-11
HT_016431,2025-08-21,Japan,Dutch,Russian|Japanese,free,18-24,M,Immigration,2025-08
HT_016432,2025-10-02,China,Spanish,Korean,free,18-24,F,Hobby,2025-10
HT_016433,2025-10-09,Germany,Arabic,French,premium,25-34,F,Immigration,2025-10
HT_016434,2026-01-11,Brazil,Korean,Italian,free,18-24,Other,Hobby,2026-01
HT_016435,2026-03-27,China,Japanese,French,premium,35-44,Other,Business,2026-03
HT_016436,2025-10-15,France,Portuguese,French|English,premium,18-24,M,Exam,2025-10
HT_016437,2025-07-23,South Korea,English,Arabic|Japanese|French,free,35-44,Other,Exam,2025-07
HT_016438,2025-10-01,South Korea,Arabic,Chinese|Japanese|Russian,free,25-34,M,Exam,2025-10
HT_016439,2026-01-28,Australia,German,Portuguese|Japanese|Arabic,free,18-24,F,Immigration,2026-01
HT_016440,2026-03-29,South Korea,Dutch,Japanese|Spanish,free,35-44,Other,Immigration,2026-03
HT_016441,2026-02-22,Australia,Italian,Korean,free,18-24,M,Exam,2026-02
HT_016442,2025-10-17,Australia,English,Korean|Arabic,premium,25-34,Other,Business,2025-10
HT_016443,2025-06-02,Germany,French,Dutch|Portuguese,premium,18-24,M,Exam,2025-06
HT_016444,2025-05-18,China,Korean,Chinese|Spanish,free,18-24,M,Immigration,2025-05
HT_016445,2025-06-12,Canada,French,Italian,free,25-34,M,Business,2025-06
HT_016446,2025-06-16,Germany,Italian,English|Spanish,free,18-24,M,Exam,2025-06
HT_016447,2025-06-05,Mexico,Dutch,French,free,35-44,F,Business,2025-06
HT_016448,2026-01-14,USA,Korean,Russian|Italian|German,free,35-44,Other,Immigration,2026-01
HT_016449,2026-04-02,Germany,English,Arabic|Japanese,free,35-44,F,Exam,2026-04
HT_016450,2026-01-26,South Korea,Spanish,Russian|English|Korean,premium,18-24,F,Exam,2026-01
HT_016451,2025-08-25,USA,Japanese,Spanish|English|Dutch,free,25-34,Other,Travel,2025-08
HT_016452,2025-04-19,Spain,Chinese,Italian|Spanish,premium,25-34,Other,Immigration,2025-04
HT_016453,2026-03-07,UK,Italian,Korean,free,25-34,Other,Exam,2026-03
HT_016454,2025-08-14,Brazil,English,Korean,free,25-34,M,Travel,2025-08
HT_016455,2025-11-23,Germany,Arabic,Portuguese,free,25-34,M,Exam,2025-11
HT_016456,2025-05-27,Spain,English,Dutch,free,18-24,M,Hobby,2025-05
HT_016457,2025-06-07,UK,Portuguese,Dutch,free,18-24,Other,Hobby,2025-06
HT_016458,2026-02-05,Spain,Portuguese,Chinese|Japanese,free,25-34,M,Immigration,2026-02
HT_016459,2025-11-07,Mexico,Spanish,Portuguese|Korean,free,18-24,M,Immigration,2025-11
HT_016460,2025-08-12,China,Dutch,Arabic|Spanish|French,free,25-34,F,Hobby,2025-08
HT_016461,2025-10-17,France,Chinese,Arabic|Korean|Italian,free,18-24,Other,Immigration,2025-10
HT_016462,2026-01-24,Germany,English,Chinese,free,35-44,Other,Exam,2026-01
HT_016463,2025-08-27,Canada,Spanish,English|Arabic|French,free,18-24,F,Business,2025-08
HT_016464,2026-01-11,Japan,French,Italian,free,35-44,M,Immigration,2026-01
HT_016465,2025-12-17,Australia,Russian,English|Portuguese|Japanese,premium,25-34,M,Travel,2025-12
HT_016466,2025-10-17,USA,French,Korean|Chinese|Italian,free,25-34,Other,Travel,2025-10
HT_016467,2025-10-25,Japan,Portuguese,Russian|Chinese|Arabic,free,35-44,Other,Travel,2025-10
HT_016468,2025-06-04,France,Russian,French|Portuguese|Italian,free,18-24,M,Travel,2025-06
HT_016469,2025-12-17,China,Russian,Korean,free,25-34,Other,Business,2025-12
HT_016470,2025-04-20,Canada,Japanese,French,free,35-44,M,Immigration,2025-04
HT_016471,2025-04-22,Canada,Spanish,Dutch,free,25-34,Other,Exam,2025-04
HT_016472,2025-11-13,South Korea,French,German|Russian,premium,18-24,M,Travel,2025-11
HT_016473,2026-03-30,France,Arabic,Portuguese|German|Russian,free,25-34,F,Immigration,2026-03
HT_016474,2025-09-02,China,Russian,English|Dutch,free,25-34,Other,Exam,2025-09
HT_016475,2025-04-27,Canada,German,Arabic|Russian,free,25-34,Other,Travel,2025-04
HT_016476,2025-11-21,USA,French,Chinese|Russian|Portuguese,free,35-44,F,Immigration,2025-11
HT_016477,2025-07-25,Spain,Korean,Japanese|Arabic|Chinese,free,18-24,Other,Business,2025-07
HT_016478,2025-04-30,Canada,Italian,Chinese|French|Japanese,free,18-24,F,Immigration,2025-04
HT_016479,2025-10-16,Mexico,Russian,Arabic|French|Dutch,free,25-34,F,Hobby,2025-10
HT_016480,2025-05-09,South Korea,Arabic,German|Korean|Russian,free,25-34,Other,Exam,2025-05
HT_016481,2025-10-22,USA,Italian,French|Korean,premium,18-24,Other,Immigration,2025-10
HT_016482,2026-02-20,France,Portuguese,English|Italian|French,free,18-24,M,Travel,2026-02
HT_016483,2025-08-09,Japan,Portuguese,French|German,premium,25-34,Other,Business,2025-08
HT_016484,2025-06-19,UK,Portuguese,Korean|Dutch|Japanese,premium,25-34,Other,Immigration,2025-06
HT_016485,2025-09-19,Mexico,Korean,Arabic|Portuguese,premium,18-24,Other,Travel,2025-09
HT_016486,2025-09-29,China,French,English|German|Arabic,free,35-44,Other,Exam,2025-09
HT_016487,2025-06-09,Canada,Korean,English|Russian|Italian,free,35-44,F,Travel,2025-06
HT_016488,2025-11-18,China,Dutch,Korean,free,18-24,F,Immigration,2025-11
HT_016489,2025-10-15,China,Arabic,Japanese,free,25-34,F,Business,2025-10
HT_016490,2025-07-28,Canada,Japanese,Portuguese,free,25-34,Other,Business,2025-07
HT_016491,2026-03-23,Spain,Dutch,Korean|French,free,18-24,F,Immigration,2026-03
HT_016492,2026-04-03,South Korea,Japanese,Portuguese|Spanish|Arabic,free,18-24,F,Immigration,2026-04
HT_016493,2025-07-26,UK,German,Japanese|Chinese,free,18-24,M,Hobby,2025-07
HT_016494,2025-05-02,Spain,Korean,Spanish|Arabic,free,18-24,M,Immigration,2025-05
HT_016495,2025-11-19,South Korea,Japanese,Portuguese|English|Italian,free,45+,M,Hobby,2025-11
HT_016496,2025-08-31,South Korea,Korean,Chinese,free,35-44,Other,Hobby,2025-08
HT_016497,2025-08-29,Germany,Chinese,Japanese,free,25-34,M,Immigration,2025-08
HT_016498,2025-11-23,Brazil,Korean,Arabic|Italian,free,25-34,F,Business,2025-11
HT_016499,2026-03-26,Brazil,French,Arabic|English,premium,25-34,Other,Business,2026-03
HT_016500,2025-05-13,Australia,Korean,Japanese,premium,18-24,Other,Business,2025-05
HT_016501,2025-12-25,Australia,French,English,free,35-44,Other,Exam,2025-12
HT_016502,2025-05-05,France,Chinese,French|Arabic|Italian,free,25-34,M,Exam,2025-05
HT_016503,2025-11-11,Japan,Portuguese,Arabic|Japanese|Korean,free,18-24,Other,Hobby,2025-11
HT_016504,2025-09-22,UK,Italian,German|Arabic|Japanese,premium,35-44,Other,Travel,2025-09
HT_016505,2026-03-22,Brazil,German,French|Chinese|Japanese,free,25-34,M,Business,2026-03
HT_016506,2025-07-20,France,French,Chinese,free,25-34,Other,Hobby,2025-07
HT_016507,2025-10-28,China,Japanese,Spanish|English|Dutch,free,18-24,M,Travel,2025-10
HT_016508,2026-03-21,Spain,German,French,free,25-34,F,Business,2026-03
HT_016509,2026-02-06,South Korea,Chinese,English|Dutch,free,18-24,F,Business,2026-02
HT_016510,2025-11-28,China,French,Spanish|German,premium,25-34,M,Hobby,2025-11
HT_016511,2025-06-07,USA,Korean,Chinese|Italian,free,18-24,M,Exam,2025-06
HT_016512,2025-11-27,Germany,French,Spanish|Italian,free,25-34,Other,Hobby,2025-11
HT_016513,2025-06-27,USA,Russian,English,free,35-44,F,Immigration,2025-06
HT_016514,2025-08-21,South Korea,Italian,Portuguese|Dutch|Arabic,free,18-24,M,Business,2025-08
HT_016515,2025-12-04,South Korea,Korean,Chinese|Spanish,free,45+,F,Business,2025-12
HT_016516,2025-12-25,Australia,French,German|Japanese,free,35-44,Other,Hobby,2025-12
HT_016517,2025-05-08,Canada,French,Portuguese|Italian,premium,25-34,M,Travel,2025-05
HT_016518,2025-12-02,Mexico,French,Spanish|Korean,free,18-24,M,Hobby,2025-12
HT_016519,2026-03-15,UK,French,Russian|Chinese,free,18-24,F,Business,2026-03
HT_016520,2025-05-10,USA,Italian,Spanish|English,free,35-44,Other,Business,2025-05
HT_016521,2025-04-25,USA,German,Russian|French,free,18-24,Other,Immigration,2025-04
HT_016522,2025-08-15,China,English,Korean|Russian|Italian,free,25-34,F,Business,2025-08
HT_016523,2026-04-12,Spain,Spanish,French|German|Korean,free,18-24,F,Exam,2026-04
HT_016524,2025-10-02,South Korea,Chinese,German|Japanese,premium,18-24,M,Travel,2025-10
HT_016525,2026-03-25,South Korea,Korean,Italian|Spanish|Russian,free,18-24,F,Exam,2026-03
HT_016526,2026-03-29,Spain,Dutch,Russian,free,25-34,M,Hobby,2026-03
HT_016527,2025-12-17,Mexico,Spanish,Italian|Chinese|Russian,premium,18-24,Other,Hobby,2025-12
HT_016528,2025-05-04,South Korea,Italian,Chinese|Korean|Portuguese,free,25-34,M,Travel,2025-05
HT_016529,2025-11-25,USA,Italian,Chinese|Arabic|Spanish,free,25-34,Other,Hobby,2025-11
HT_016530,2025-10-25,USA,English,Japanese,premium,18-24,M,Hobby,2025-10
HT_016531,2026-01-16,Germany,Spanish,Italian,free,25-34,Other,Exam,2026-01
HT_016532,2025-07-11,UK,Spanish,German|Japanese|English,free,25-34,Other,Travel,2025-07
HT_016533,2025-08-06,Australia,French,English|Italian|Portuguese,free,25-34,M,Business,2025-08
HT_016534,2025-12-28,Japan,Russian,English|Italian|Chinese,free,18-24,M,Exam,2025-12
HT_016535,2025-09-11,Germany,Russian,Arabic|German,free,25-34,F,Hobby,2025-09
HT_016536,2026-02-02,Japan,Chinese,Korean|Arabic,premium,18-24,F,Exam,2026-02
HT_016537,2026-03-26,Germany,Korean,German|Portuguese,free,18-24,Other,Hobby,2026-03
HT_016538,2025-08-12,USA,German,Spanish|Portuguese|Arabic,free,45+,Other,Travel,2025-08
HT_016539,2025-11-18,Spain,Japanese,Portuguese|Russian,free,18-24,F,Travel,2025-11
HT_016540,2025-09-07,USA,Dutch,Italian|Arabic,free,18-24,F,Immigration,2025-09
HT_016541,2025-09-03,Canada,Italian,Portuguese|Dutch,free,25-34,F,Immigration,2025-09
HT_016542,2025-10-09,France,German,Chinese,premium,25-34,F,Immigration,2025-10
HT_016543,2025-04-30,USA,Korean,French|German|English,free,18-24,M,Exam,2025-04
HT_016544,2026-02-01,China,Italian,Spanish,free,18-24,F,Exam,2026-02
HT_016545,2026-02-02,South Korea,English,Korean|Portuguese,free,25-34,F,Travel,2026-02
HT_016546,2025-05-25,USA,Italian,Russian|French|Dutch,free,25-34,M,Immigration,2025-05
HT_016547,2026-01-10,Australia,English,Italian|Arabic,free,35-44,M,Business,2026-01
HT_016548,2025-06-22,China,Dutch,Portuguese|Korean,premium,25-34,Other,Immigration,2025-06
HT_016549,2025-11-17,Australia,Russian,Spanish|English|Italian,premium,18-24,Other,Business,2025-11
HT_016550,2026-02-27,South Korea,French,Spanish,premium,45+,M,Immigration,2026-02
HT_016551,2025-06-02,Australia,Spanish,Korean|Italian|Japanese,free,35-44,M,Business,2025-06
HT_016552,2025-05-21,USA,Arabic,German|Korean|Russian,free,35-44,Other,Hobby,2025-05
HT_016553,2025-05-26,Germany,French,English|German,free,35-44,Other,Travel,2025-05
HT_016554,2025-07-29,Brazil,German,Russian|French|Chinese,free,18-24,Other,Immigration,2025-07
HT_016555,2025-11-11,Canada,Dutch,German,free,25-34,F,Travel,2025-11
HT_016556,2025-06-09,Canada,Russian,Japanese|Spanish|Chinese,free,18-24,Other,Immigration,2025-06
HT_016557,2025-06-19,South Korea,Portuguese,Korean|Dutch,free,25-34,F,Travel,2025-06
HT_016558,2025-07-30,Spain,Japanese,Italian|Russian,premium,25-34,M,Hobby,2025-07
HT_016559,2025-07-29,Germany,Arabic,Portuguese|Italian|French,free,25-34,M,Immigration,2025-07
HT_016560,2025-10-14,Australia,German,Japanese|Dutch,free,35-44,Other,Exam,2025-10
HT_016561,2025-09-16,South Korea,Portuguese,Chinese|Spanish|Russian,premium,35-44,Other,Travel,2025-09
HT_016562,2025-10-07,Spain,German,Arabic|English|Dutch,free,35-44,M,Exam,2025-10
HT_016563,2025-06-23,China,Portuguese,Italian|Korean,free,18-24,Other,Immigration,2025-06
HT_016564,2025-05-09,UK,Portuguese,Italian|Russian,free,25-34,M,Hobby,2025-05
HT_016565,2025-09-29,Australia,Spanish,Korean|Japanese|German,free,18-24,Other,Exam,2025-09
HT_016566,2025-11-08,USA,Arabic,Japanese,premium,25-34,F,Immigration,2025-11
HT_016567,2026-02-03,UK,Arabic,French|German|Italian,free,45+,Other,Immigration,2026-02
HT_016568,2025-12-15,France,French,German,free,18-24,Other,Immigration,2025-12
HT_016569,2025-08-27,China,Arabic,Portuguese,free,25-34,Other,Hobby,2025-08
HT_016570,2026-04-04,Germany,Dutch,Japanese|French,premium,45+,F,Business,2026-04
HT_016571,2025-06-25,Australia,Chinese,Russian|French,premium,25-34,F,Travel,2025-06
HT_016572,2025-12-10,Mexico,Arabic,Japanese|Dutch,free,18-24,F,Business,2025-12
HT_016573,2026-04-11,South Korea,Italian,Portuguese|Arabic|Chinese,premium,18-24,Other,Business,2026-04
HT_016574,2025-08-28,Mexico,Portuguese,Arabic|Korean|German,free,18-24,F,Immigration,2025-08
HT_016575,2025-08-16,UK,Chinese,Spanish|Russian,free,35-44,F,Business,2025-08
HT_016576,2025-12-07,China,French,Portuguese|Korean|Chinese,free,25-34,Other,Business,2025-12
HT_016577,2026-03-28,UK,Japanese,Korean|Portuguese,free,18-24,F,Exam,2026-03
HT_016578,2026-02-16,Spain,Russian,Dutch|Arabic,free,35-44,M,Immigration,2026-02
HT_016579,2025-08-02,Spain,French,Korean,premium,25-34,Other,Exam,2025-08
HT_016580,2025-05-14,Japan,Dutch,Korean,free,35-44,F,Business,2025-05
HT_016581,2025-10-19,Spain,Russian,German|Chinese|French,free,35-44,M,Business,2025-10
HT_016582,2025-04-19,USA,German,French,free,25-34,Other,Hobby,2025-04
HT_016583,2025-06-12,Spain,Chinese,Arabic|Dutch|Spanish,premium,25-34,F,Exam,2025-06
HT_016584,2025-08-02,South Korea,Korean,Dutch|Italian,free,18-24,Other,Business,2025-08
HT_016585,2025-09-13,Spain,Italian,English|Dutch,free,35-44,F,Exam,2025-09
HT_016586,2026-03-05,Spain,Korean,Dutch,free,35-44,F,Travel,2026-03
HT_016587,2026-03-15,Brazil,Arabic,Spanish|Chinese|Korean,premium,18-24,Other,Exam,2026-03
HT_016588,2025-06-15,China,French,Dutch|Korean,free,25-34,F,Travel,2025-06
HT_016589,2026-01-02,Spain,Russian,Italian,free,25-34,Other,Immigration,2026-01
HT_016590,2026-01-06,Germany,Japanese,Arabic|Korean,free,18-24,M,Immigration,2026-01
HT_016591,2025-07-01,Brazil,English,Portuguese|French,free,25-34,M,Hobby,2025-07
HT_016592,2026-03-22,Mexico,German,Spanish|Chinese|Dutch,premium,18-24,Other,Hobby,2026-03
HT_016593,2026-03-26,Brazil,English,French|Japanese,free,25-34,F,Exam,2026-03
HT_016594,2025-10-10,China,Korean,Russian|Dutch|English,free,18-24,F,Exam,2025-10
HT_016595,2026-02-05,Australia,Russian,English,free,25-34,Other,Exam,2026-02
HT_016596,2026-04-10,USA,Russian,Japanese,free,25-34,Other,Exam,2026-04
HT_016597,2025-05-21,Spain,English,German,free,35-44,M,Hobby,2025-05
HT_016598,2025-06-26,Spain,English,Korean,free,25-34,Other,Exam,2025-06
HT_016599,2025-06-10,Australia,English,Portuguese|Japanese,premium,18-24,Other,Exam,2025-06
HT_016600,2025-08-22,Brazil,Korean,Chinese,free,25-34,M,Exam,2025-08
HT_016601,2026-02-20,USA,Dutch,Spanish,free,25-34,F,Hobby,2026-02
HT_016602,2025-12-03,Brazil,German,Spanish|Japanese|Chinese,free,18-24,F,Business,2025-12
HT_016603,2025-06-23,Spain,Italian,Arabic|Dutch,free,25-34,F,Immigration,2025-06
HT_016604,2025-11-04,Japan,English,Japanese,free,18-24,M,Hobby,2025-11
HT_016605,2026-02-21,France,Chinese,Korean|Dutch,premium,35-44,Other,Travel,2026-02
HT_016606,2026-02-18,Germany,Portuguese,Russian|Italian,free,25-34,Other,Exam,2026-02
HT_016607,2025-08-12,Mexico,Spanish,Japanese|English,free,18-24,F,Travel,2025-08
HT_016608,2025-12-17,UK,Korean,French,premium,35-44,M,Hobby,2025-12
HT_016609,2025-12-01,France,English,Arabic|Spanish,premium,25-34,F,Travel,2025-12
HT_016610,2025-12-28,Australia,French,English|Korean,premium,18-24,M,Hobby,2025-12
HT_016611,2026-03-16,Japan,Dutch,French|Korean,free,18-24,F,Hobby,2026-03
HT_016612,2025-06-07,Australia,Portuguese,English,free,25-34,Other,Exam,2025-06
HT_016613,2025-12-29,Spain,German,Chinese|Dutch,free,18-24,Other,Hobby,2025-12
HT_016614,2026-02-15,Australia,Dutch,Arabic,free,18-24,M,Travel,2026-02
HT_016615,2025-07-08,Spain,Dutch,Korean|Portuguese|Spanish,free,35-44,Other,Travel,2025-07
HT_016616,2025-10-02,Spain,Chinese,Japanese|Portuguese,free,25-34,Other,Immigration,2025-10
HT_016617,2025-10-30,Spain,English,Chinese|Japanese,free,25-34,M,Immigration,2025-10
HT_016618,2026-04-06,China,French,Dutch|Portuguese,free,18-24,F,Immigration,2026-04
HT_016619,2025-05-31,Canada,Chinese,Spanish,free,25-34,F,Exam,2025-05
HT_016620,2026-02-07,France,Spanish,Italian,free,25-34,M,Hobby,2026-02
HT_016621,2026-03-16,Mexico,Korean,Japanese|Russian|Dutch,free,18-24,Other,Travel,2026-03
HT_016622,2025-05-07,Canada,Korean,Japanese|German|Italian,free,18-24,F,Business,2025-05
HT_016623,2026-04-07,Japan,Arabic,Chinese,free,45+,M,Travel,2026-04
HT_016624,2025-08-20,China,Italian,Korean,free,18-24,F,Travel,2025-08
HT_016625,2025-10-12,China,Spanish,Japanese|Korean,premium,25-34,M,Business,2025-10
HT_016626,2025-07-17,France,English,Japanese|Arabic|German,premium,18-24,M,Business,2025-07
HT_016627,2026-02-09,Japan,Spanish,Portuguese|French,free,45+,F,Hobby,2026-02
HT_016628,2026-03-22,USA,Arabic,German|Spanish,free,18-24,F,Hobby,2026-03
HT_016629,2025-09-20,Brazil,Arabic,German,free,25-34,Other,Travel,2025-09
HT_016630,2026-03-20,Australia,Japanese,German,premium,18-24,Other,Travel,2026-03
HT_016631,2025-04-13,USA,Arabic,Dutch|Japanese|Russian,free,35-44,M,Hobby,2025-04
HT_016632,2026-02-09,UK,French,Dutch,free,25-34,Other,Business,2026-02
HT_016633,2025-11-01,Japan,Portuguese,Japanese|German|Russian,free,35-44,M,Travel,2025-11
HT_016634,2026-01-30,Germany,Japanese,Italian|Dutch|Russian,premium,35-44,Other,Immigration,2026-01
HT_016635,2025-10-28,France,English,Chinese|Russian|Spanish,free,18-24,M,Immigration,2025-10
HT_016636,2025-10-02,South Korea,Japanese,Korean|English|Portuguese,free,45+,F,Exam,2025-10
HT_016637,2026-02-11,South Korea,Dutch,English|Italian,free,35-44,F,Exam,2026-02
HT_016638,2026-01-23,USA,Russian,French|English|Italian,premium,18-24,M,Travel,2026-01
HT_016639,2025-09-30,Germany,English,Portuguese|German,free,18-24,Other,Hobby,2025-09
HT_016640,2025-07-10,France,Russian,German|Japanese,free,35-44,F,Business,2025-07
HT_016641,2025-07-10,China,German,Portuguese|Arabic,free,35-44,F,Business,2025-07
HT_016642,2025-08-28,Mexico,Portuguese,Chinese|English,free,45+,Other,Travel,2025-08
HT_016643,2025-08-19,USA,Korean,Spanish|French|Japanese,free,18-24,F,Immigration,2025-08
HT_016644,2026-01-09,South Korea,Chinese,Dutch,free,18-24,Other,Hobby,2026-01
HT_016645,2025-08-29,USA,Portuguese,Japanese|French,free,35-44,M,Immigration,2025-08
HT_016646,2025-05-14,Canada,Korean,Portuguese|Japanese|Arabic,free,25-34,F,Exam,2025-05
HT_016647,2025-04-15,Australia,German,Russian|Japanese,free,25-34,F,Business,2025-04
HT_016648,2026-02-22,Brazil,Chinese,Japanese|Russian|Spanish,free,18-24,M,Immigration,2026-02
HT_016649,2025-10-16,China,Dutch,Korean|Arabic|French,free,25-34,M,Travel,2025-10
HT_016650,2025-06-01,Spain,Japanese,Portuguese|Dutch,free,25-34,M,Business,2025-06
HT_016651,2025-08-30,France,Chinese,Italian,free,25-34,Other,Immigration,2025-08
HT_016652,2025-12-29,Canada,Korean,German|Portuguese|Japanese,free,18-24,F,Travel,2025-12
HT_016653,2025-10-30,Australia,Spanish,Italian,free,35-44,Other,Hobby,2025-10
HT_016654,2026-02-10,Spain,Japanese,Korean|Chinese|Russian,free,18-24,Other,Exam,2026-02
HT_016655,2026-02-25,Germany,French,Korean|Japanese|German,free,25-34,Other,Travel,2026-02
HT_016656,2025-04-16,France,Arabic,Russian|French,free,25-34,Other,Immigration,2025-04
HT_016657,2025-12-07,Canada,Russian,Dutch|Arabic,free,25-34,M,Hobby,2025-12
HT_016658,2025-04-16,Brazil,Russian,Chinese|German,free,18-24,Other,Travel,2025-04
HT_016659,2025-06-06,South Korea,Japanese,Dutch,free,35-44,M,Hobby,2025-06
HT_016660,2025-06-17,Australia,Spanish,Japanese|English|German,free,25-34,M,Business,2025-06
HT_016661,2026-01-04,Japan,Spanish,Chinese|Arabic,free,18-24,F,Hobby,2026-01
HT_016662,2026-03-17,Australia,Korean,Russian|Portuguese,free,18-24,Other,Business,2026-03
HT_016663,2025-08-16,Canada,Portuguese,Dutch|Spanish,free,18-24,M,Immigration,2025-08
HT_016664,2025-11-10,Brazil,Korean,Italian|Arabic,premium,18-24,F,Hobby,2025-11
HT_016665,2025-10-26,Mexico,Spanish,Chinese|Portuguese,free,25-34,Other,Travel,2025-10
HT_016666,2026-04-05,UK,Italian,Russian|Portuguese,free,25-34,Other,Exam,2026-04
HT_016667,2025-12-26,Canada,Dutch,Italian,free,45+,Other,Hobby,2025-12
HT_016668,2025-05-01,USA,Portuguese,Italian,free,25-34,Other,Immigration,2025-05
HT_016669,2026-03-22,Japan,Dutch,Japanese,free,25-34,F,Immigration,2026-03
HT_016670,2026-03-27,USA,Chinese,Russian,free,18-24,Other,Travel,2026-03
HT_016671,2025-07-26,Canada,German,Chinese|Japanese|Russian,free,18-24,Other,Travel,2025-07
HT_016672,2025-05-16,Spain,Russian,Italian|Chinese,free,25-34,F,Immigration,2025-05
HT_016673,2026-04-12,USA,Italian,Arabic,free,25-34,M,Hobby,2026-04
HT_016674,2025-11-15,France,German,Chinese|French|Russian,free,25-34,Other,Travel,2025-11
HT_016675,2025-05-25,South Korea,Arabic,Italian|Spanish|Dutch,free,18-24,M,Immigration,2025-05
HT_016676,2025-06-28,South Korea,Spanish,Japanese|Korean|French,premium,25-34,M,Travel,2025-06
HT_016677,2026-02-27,Germany,German,Russian|Korean|Japanese,free,35-44,Other,Immigration,2026-02
HT_016678,2025-12-16,Japan,French,Spanish|English|German,free,18-24,F,Immigration,2025-12
HT_016679,2025-04-15,UK,Korean,Spanish,free,45+,Other,Business,2025-04
HT_016680,2025-09-21,Canada,Chinese,German|French|Japanese,free,18-24,M,Business,2025-09
HT_016681,2025-08-20,UK,Portuguese,Chinese,free,18-24,M,Hobby,2025-08
HT_016682,2025-09-19,Spain,Korean,Arabic|Spanish,free,18-24,Other,Travel,2025-09
HT_016683,2025-10-25,Germany,Korean,English|Spanish|French,premium,25-34,Other,Business,2025-10
HT_016684,2025-05-27,USA,Portuguese,Italian|Japanese|Russian,free,45+,M,Hobby,2025-05
HT_016685,2026-04-10,Mexico,Italian,German,free,25-34,Other,Hobby,2026-04
HT_016686,2026-03-02,Mexico,English,Italian|Portuguese,free,18-24,F,Exam,2026-03
HT_016687,2026-04-12,Mexico,Japanese,French|German,free,35-44,M,Travel,2026-04
HT_016688,2025-12-19,Mexico,Portuguese,Arabic|Japanese,free,45+,Other,Immigration,2025-12
HT_016689,2025-07-05,China,Spanish,Korean,free,25-34,F,Exam,2025-07
HT_016690,2025-10-26,USA,Portuguese,Japanese|Italian,free,18-24,Other,Business,2025-10
HT_016691,2025-11-02,Canada,Dutch,English|Spanish|Japanese,free,18-24,F,Business,2025-11
HT_016692,2025-12-19,France,Chinese,Dutch|Italian|Japanese,free,35-44,F,Business,2025-12
HT_016693,2025-11-13,Japan,Korean,German|Arabic|Japanese,free,18-24,M,Immigration,2025-11
HT_016694,2025-12-20,Spain,Chinese,French|German,free,35-44,F,Hobby,2025-12
HT_016695,2025-08-26,Spain,Italian,Dutch|German|Portuguese,free,18-24,F,Hobby,2025-08
HT_016696,2025-11-19,China,Japanese,Portuguese|Korean|German,free,18-24,F,Business,2025-11
HT_016697,2026-03-03,Australia,Spanish,English,premium,25-34,F,Business,2026-03
HT_016698,2025-11-11,Germany,Arabic,German,free,25-34,Other,Immigration,2025-11
HT_016699,2026-02-22,South Korea,English,Spanish,free,25-34,F,Immigration,2026-02
HT_016700,2025-06-04,USA,English,Dutch|Korean|German,free,45+,F,Immigration,2025-06
HT_016701,2025-10-21,Australia,Chinese,Italian,free,25-34,F,Travel,2025-10
HT_016702,2025-04-17,Germany,Spanish,Portuguese,free,25-34,F,Business,2025-04
HT_016703,2025-09-21,Australia,Spanish,English|Portuguese|Dutch,free,25-34,Other,Immigration,2025-09
HT_016704,2026-02-13,Australia,Dutch,German,free,45+,Other,Business,2026-02
HT_016705,2025-12-06,Brazil,Korean,English|German,premium,35-44,Other,Hobby,2025-12
HT_016706,2025-06-01,USA,Portuguese,French|Japanese,premium,18-24,Other,Hobby,2025-06
HT_016707,2026-03-11,France,Russian,Japanese,free,35-44,F,Exam,2026-03
HT_016708,2025-09-01,South Korea,English,German,premium,25-34,M,Immigration,2025-09
HT_016709,2025-07-04,Japan,Portuguese,Spanish,premium,25-34,M,Immigration,2025-07
HT_016710,2025-06-03,Australia,German,English,free,35-44,Other,Hobby,2025-06
HT_016711,2026-02-01,Canada,English,Korean,free,35-44,F,Exam,2026-02
HT_016712,2025-06-18,USA,Russian,Japanese|Portuguese|Arabic,free,25-34,F,Hobby,2025-06
HT_016713,2025-10-31,South Korea,Chinese,Arabic|Korean,premium,45+,F,Business,2025-10
HT_016714,2026-03-31,South Korea,Spanish,Arabic|German|Chinese,free,25-34,M,Business,2026-03
HT_016715,2025-04-25,South Korea,German,Chinese|Dutch,free,25-34,Other,Business,2025-04
HT_016716,2026-02-17,Japan,Chinese,Spanish|German|Japanese,free,18-24,Other,Hobby,2026-02
HT_016717,2025-05-08,Spain,Spanish,Russian,premium,18-24,M,Exam,2025-05
HT_016718,2025-04-24,Australia,Italian,German|Japanese|Russian,free,25-34,F,Immigration,2025-04
HT_016719,2026-01-13,Brazil,Korean,German|English,free,25-34,M,Travel,2026-01
HT_016720,2025-09-10,UK,Spanish,German,free,35-44,M,Business,2025-09
HT_016721,2025-10-16,South Korea,Chinese,Arabic|Dutch|French,free,18-24,Other,Immigration,2025-10
HT_016722,2025-12-17,Japan,Italian,French|Spanish|Japanese,premium,25-34,F,Travel,2025-12
HT_016723,2025-08-09,Brazil,Dutch,Spanish|Chinese|German,free,18-24,Other,Hobby,2025-08
HT_016724,2026-01-30,Germany,Portuguese,Russian|Spanish|German,free,18-24,F,Hobby,2026-01
HT_016725,2026-01-12,France,Dutch,Portuguese|Korean|English,premium,35-44,Other,Travel,2026-01
HT_016726,2026-02-12,Spain,Arabic,Spanish|Portuguese|Japanese,free,18-24,F,Travel,2026-02
HT_016727,2026-01-04,Australia,Russian,Korean|Italian|Portuguese,free,45+,F,Business,2026-01
HT_016728,2025-06-21,Brazil,Italian,Arabic|Dutch|English,free,35-44,M,Business,2025-06
HT_016729,2025-08-05,China,Spanish,Korean|Italian,premium,25-34,Other,Hobby,2025-08
HT_016730,2025-06-04,Japan,Italian,Chinese|Portuguese|German,free,18-24,Other,Travel,2025-06
HT_016731,2026-03-14,USA,Spanish,Dutch,free,25-34,F,Immigration,2026-03
HT_016732,2025-05-13,South Korea,French,Russian|English,free,18-24,Other,Immigration,2025-05
HT_016733,2025-06-21,China,Chinese,Russian|Korean,free,35-44,F,Travel,2025-06
HT_016734,2025-08-22,Germany,Chinese,Dutch|Arabic,free,35-44,F,Travel,2025-08
HT_016735,2026-04-01,China,English,Spanish|Dutch,free,18-24,F,Travel,2026-04
HT_016736,2026-02-15,Japan,Portuguese,Japanese|Dutch|Russian,free,25-34,Other,Hobby,2026-02
HT_016737,2025-09-08,Brazil,Italian,French|Russian|English,free,35-44,Other,Exam,2025-09
HT_016738,2025-12-20,Japan,Italian,Korean|Japanese,premium,35-44,F,Hobby,2025-12
HT_016739,2025-09-22,Canada,Chinese,Arabic|Portuguese|German,free,25-34,M,Hobby,2025-09
HT_016740,2026-01-07,Australia,French,Russian|Chinese|Spanish,free,18-24,F,Immigration,2026-01
HT_016741,2026-04-07,France,Chinese,French|Portuguese|English,premium,35-44,Other,Exam,2026-04
HT_016742,2025-05-07,Canada,Chinese,English|French|Portuguese,free,25-34,Other,Travel,2025-05
HT_016743,2025-11-10,Germany,French,Italian|Dutch,free,18-24,Other,Hobby,2025-11
HT_016744,2025-09-29,Japan,Portuguese,Dutch|German|English,free,35-44,M,Travel,2025-09
HT_016745,2025-12-21,Canada,Dutch,French|Italian|Portuguese,free,18-24,Other,Travel,2025-12
HT_016746,2026-03-18,USA,French,Spanish|Arabic|Dutch,free,25-34,Other,Exam,2026-03
HT_016747,2025-10-12,Australia,Chinese,Arabic|Italian,free,18-24,F,Travel,2025-10
HT_016748,2025-05-04,Australia,English,Japanese,free,25-34,M,Travel,2025-05
HT_016749,2025-09-24,Canada,Arabic,English|Korean,free,25-34,Other,Exam,2025-09
HT_016750,2025-08-21,South Korea,Korean,Arabic|Russian|Italian,free,35-44,M,Travel,2025-08
HT_016751,2025-09-25,UK,Russian,English|Chinese,premium,25-34,F,Hobby,2025-09
HT_016752,2025-10-13,Australia,French,Arabic|Japanese|Italian,free,35-44,F,Exam,2025-10
HT_016753,2026-04-05,France,Italian,Japanese|Korean|Spanish,free,18-24,M,Business,2026-04
HT_016754,2025-09-27,Spain,Korean,French|Chinese|German,free,35-44,M,Immigration,2025-09
HT_016755,2025-05-11,UK,French,Korean,free,25-34,Other,Hobby,2025-05
HT_016756,2025-10-22,USA,Korean,Japanese|Arabic,free,18-24,Other,Business,2025-10
HT_016757,2025-06-28,Mexico,Dutch,Japanese,free,25-34,Other,Hobby,2025-06
HT_016758,2026-01-17,Australia,Japanese,French|Italian|Portuguese,free,18-24,F,Hobby,2026-01
HT_016759,2026-02-18,South Korea,French,Russian|German|Arabic,free,18-24,Other,Travel,2026-02
HT_016760,2025-04-13,Spain,Spanish,English|Dutch,free,25-34,M,Business,2025-04
HT_016761,2025-06-19,USA,Chinese,Dutch|Japanese,free,18-24,F,Travel,2025-06
HT_016762,2026-01-30,Germany,Portuguese,Arabic|German,free,35-44,Other,Immigration,2026-01
HT_016763,2025-04-18,Australia,Japanese,Arabic|Spanish|Korean,premium,25-34,F,Hobby,2025-04
HT_016764,2025-08-31,Brazil,German,Russian,premium,25-34,F,Business,2025-08
HT_016765,2026-04-01,France,Arabic,English,free,35-44,Other,Travel,2026-04
HT_016766,2025-12-12,Mexico,Arabic,Japanese,premium,18-24,F,Business,2025-12
HT_016767,2025-04-23,Spain,Korean,German,free,25-34,M,Business,2025-04
HT_016768,2025-10-04,Spain,Spanish,Italian,free,25-34,Other,Immigration,2025-10
HT_016769,2025-08-04,France,German,Arabic|English,free,25-34,Other,Hobby,2025-08
HT_016770,2025-07-26,Brazil,German,French|English|Korean,free,35-44,F,Exam,2025-07
HT_016771,2026-02-01,UK,Spanish,Arabic|Japanese,free,18-24,M,Exam,2026-02
HT_016772,2025-10-29,South Korea,Russian,French,free,18-24,F,Business,2025-10
HT_016773,2025-12-28,UK,Russian,French|Italian,free,25-34,F,Exam,2025-12
HT_016774,2025-11-02,Australia,German,French,free,25-34,Other,Immigration,2025-11
HT_016775,2025-12-27,Japan,English,Russian,free,35-44,F,Exam,2025-12
HT_016776,2025-12-28,Japan,German,Italian|English,free,35-44,F,Immigration,2025-12
HT_016777,2025-07-11,Mexico,French,Japanese|English,premium,25-34,M,Business,2025-07
HT_016778,2025-11-16,Germany,Japanese,Korean,free,25-34,M,Business,2025-11
HT_016779,2025-04-29,France,Arabic,Spanish|Korean,free,18-24,Other,Exam,2025-04
HT_016780,2025-04-25,France,Italian,Dutch|English,free,25-34,M,Immigration,2025-04
HT_016781,2026-01-31,Spain,Chinese,Portuguese,premium,25-34,Other,Hobby,2026-01
HT_016782,2025-06-14,UK,German,Korean,free,25-34,Other,Exam,2025-06
HT_016783,2026-04-11,Australia,French,Italian,free,35-44,F,Hobby,2026-04
HT_016784,2025-12-28,South Korea,Japanese,Arabic|English,free,35-44,M,Hobby,2025-12
HT_016785,2026-03-12,France,English,Korean,free,35-44,M,Hobby,2026-03
HT_016786,2025-12-01,South Korea,Korean,Chinese,free,25-34,Other,Travel,2025-12
HT_016787,2025-08-13,China,Italian,German|Russian|Korean,premium,25-34,F,Travel,2025-08
HT_016788,2026-01-18,Brazil,Japanese,Korean,free,25-34,M,Immigration,2026-01
HT_016789,2025-09-02,Germany,Arabic,Spanish|Japanese,free,45+,Other,Exam,2025-09
HT_016790,2025-06-29,France,Arabic,Japanese,free,45+,Other,Business,2025-06
HT_016791,2025-12-12,Germany,Japanese,English,free,18-24,Other,Travel,2025-12
HT_016792,2025-10-01,Spain,Portuguese,Spanish|English|Dutch,free,18-24,Other,Travel,2025-10
HT_016793,2025-10-25,China,Chinese,Portuguese|Dutch,premium,35-44,M,Business,2025-10
HT_016794,2026-01-20,South Korea,German,Arabic|Japanese,free,25-34,Other,Exam,2026-01
HT_016795,2025-06-21,Canada,Italian,English,premium,25-34,F,Travel,2025-06
HT_016796,2025-09-01,Brazil,English,Chinese|Portuguese,free,18-24,M,Hobby,2025-09
HT_016797,2025-08-29,UK,Japanese,Chinese,free,45+,M,Travel,2025-08
HT_016798,2026-04-07,Brazil,Korean,French,free,18-24,F,Travel,2026-04
HT_016799,2026-02-12,Brazil,Chinese,Spanish|French|Italian,free,25-34,M,Travel,2026-02
HT_016800,2026-01-15,Brazil,Italian,Russian|Dutch|Arabic,free,45+,M,Travel,2026-01
HT_016801,2025-04-22,South Korea,Spanish,Japanese,free,18-24,F,Travel,2025-04
HT_016802,2025-04-19,Australia,Korean,German|Arabic,premium,25-34,F,Exam,2025-04
HT_016803,2025-05-09,Brazil,English,Portuguese,free,25-34,F,Exam,2025-05
HT_016804,2026-02-05,China,Japanese,Russian|Italian|Chinese,free,18-24,Other,Business,2026-02
HT_016805,2026-03-25,Mexico,Spanish,Arabic|French,free,25-34,M,Travel,2026-03
HT_016806,2025-08-01,Spain,Italian,Dutch,free,25-34,M,Business,2025-08
HT_016807,2025-11-14,South Korea,German,Arabic,premium,45+,M,Immigration,2025-11
HT_016808,2026-03-23,Brazil,English,Portuguese,free,18-24,M,Immigration,2026-03
HT_016809,2025-08-20,Canada,Chinese,Korean|Arabic|Italian,free,25-34,M,Business,2025-08
HT_016810,2025-12-31,USA,Spanish,Dutch,free,35-44,F,Travel,2025-12
HT_016811,2025-05-19,USA,French,German|Italian,free,35-44,M,Immigration,2025-05
HT_016812,2026-02-27,Canada,English,Japanese|Italian|French,free,35-44,F,Immigration,2026-02
HT_016813,2025-11-13,Germany,Arabic,Korean,free,25-34,M,Immigration,2025-11
HT_016814,2026-03-23,USA,Dutch,Japanese|Chinese,free,25-34,M,Travel,2026-03
HT_016815,2025-05-07,Canada,Portuguese,Arabic|Japanese|German,free,45+,Other,Hobby,2025-05
HT_016816,2025-04-21,Spain,English,Portuguese|Korean,free,25-34,F,Hobby,2025-04
HT_016817,2026-02-23,Canada,Russian,English|Arabic|Chinese,free,35-44,F,Exam,2026-02
HT_016818,2025-06-01,Canada,Dutch,Korean,free,18-24,Other,Immigration,2025-06
HT_016819,2025-08-16,China,Russian,Chinese|English|Korean,free,25-34,M,Business,2025-08
HT_016820,2025-06-12,UK,English,French|Italian|Spanish,free,25-34,M,Immigration,2025-06
HT_016821,2026-02-18,France,Chinese,Arabic|Korean|Russian,free,18-24,Other,Hobby,2026-02
HT_016822,2025-07-12,Mexico,English,Russian|Chinese,free,25-34,F,Business,2025-07
HT_016823,2025-05-15,USA,English,Arabic|Spanish|Portuguese,free,18-24,Other,Exam,2025-05
HT_016824,2025-09-24,UK,Dutch,Korean|Russian|Chinese,free,18-24,F,Immigration,2025-09
HT_016825,2025-11-15,China,Korean,Arabic|Chinese|Russian,free,25-34,F,Business,2025-11
HT_016826,2025-07-18,UK,French,Korean,free,25-34,M,Immigration,2025-07
HT_016827,2025-07-03,Mexico,Korean,Russian|German,free,18-24,Other,Hobby,2025-07
HT_016828,2026-01-12,Canada,Italian,Dutch,free,25-34,Other,Business,2026-01
HT_016829,2025-05-09,Mexico,German,Dutch|Russian|Italian,free,25-34,Other,Exam,2025-05
HT_016830,2025-05-23,Brazil,Chinese,Russian|German,free,25-34,Other,Hobby,2025-05
HT_016831,2025-04-14,Germany,Chinese,Dutch,free,45+,M,Hobby,2025-04
HT_016832,2025-10-13,Japan,French,Chinese,free,25-34,F,Hobby,2025-10
HT_016833,2025-10-27,Australia,Korean,Chinese|Spanish|Dutch,free,35-44,M,Business,2025-10
HT_016834,2026-02-20,Spain,Spanish,Dutch|Russian,free,25-34,F,Travel,2026-02
HT_016835,2025-10-24,Spain,Japanese,Spanish|Italian,premium,25-34,Other,Hobby,2025-10
HT_016836,2025-08-27,Canada,Russian,Arabic,free,18-24,M,Hobby,2025-08
HT_016837,2026-01-04,Brazil,Japanese,Arabic|Portuguese|German,free,18-24,F,Business,2026-01
HT_016838,2025-09-21,Brazil,Japanese,Dutch|Portuguese,free,25-34,Other,Exam,2025-09
HT_016839,2026-02-14,Spain,English,Portuguese|Chinese,free,35-44,M,Business,2026-02
HT_016840,2025-11-22,South Korea,Arabic,English|French,free,25-34,M,Hobby,2025-11
HT_016841,2025-11-16,Mexico,Russian,Italian|Spanish|Arabic,free,18-24,M,Travel,2025-11
HT_016842,2026-02-15,Brazil,Dutch,French|English|Japanese,free,35-44,F,Hobby,2026-02
HT_016843,2026-01-08,USA,Arabic,Korean,free,25-34,Other,Exam,2026-01
HT_016844,2026-01-04,Australia,Korean,Portuguese|Italian,free,35-44,M,Immigration,2026-01
HT_016845,2026-03-08,Canada,Korean,Spanish|Chinese,free,18-24,M,Business,2026-03
HT_016846,2025-05-31,Canada,Chinese,Italian|Spanish|Portuguese,free,25-34,Other,Business,2025-05
HT_016847,2025-12-10,Spain,Russian,Chinese|Arabic,premium,25-34,M,Immigration,2025-12
HT_016848,2026-01-12,South Korea,Spanish,Italian|French|Dutch,premium,18-24,F,Exam,2026-01
HT_016849,2025-09-22,Canada,Portuguese,Spanish|Korean,free,25-34,F,Immigration,2025-09
HT_016850,2025-10-01,Spain,Arabic,Spanish|Japanese|Chinese,premium,18-24,M,Exam,2025-10
HT_016851,2025-09-20,UK,Korean,Portuguese,free,18-24,M,Travel,2025-09
HT_016852,2025-04-24,Mexico,Russian,French,free,35-44,F,Immigration,2025-04
HT_016853,2025-09-10,Canada,Japanese,Russian,free,25-34,F,Travel,2025-09
HT_016854,2025-09-22,France,Dutch,Spanish,free,45+,M,Hobby,2025-09
HT_016855,2026-01-24,Germany,Spanish,Italian|Korean|Dutch,free,25-34,F,Travel,2026-01
HT_016856,2025-09-12,Canada,Korean,Portuguese,free,18-24,F,Immigration,2025-09
HT_016857,2025-08-21,Brazil,Italian,Japanese|Spanish|Arabic,free,25-34,F,Hobby,2025-08
HT_016858,2026-02-09,Japan,Russian,French|Spanish,premium,35-44,F,Travel,2026-02
HT_016859,2025-05-13,Brazil,English,Spanish|French|Dutch,free,45+,M,Travel,2025-05
HT_016860,2025-08-15,France,Korean,Portuguese,free,25-34,F,Exam,2025-08
HT_016861,2025-06-18,Germany,French,English|Italian|Spanish,premium,18-24,Other,Immigration,2025-06
HT_016862,2026-01-01,USA,Arabic,Italian|Russian,free,35-44,F,Business,2026-01
HT_016863,2025-11-13,South Korea,Russian,Chinese,premium,35-44,M,Business,2025-11
HT_016864,2025-10-29,UK,Japanese,Dutch|French|English,free,45+,F,Exam,2025-10
HT_016865,2025-09-07,Germany,French,Japanese|Spanish|Russian,free,18-24,F,Hobby,2025-09
HT_016866,2025-10-23,Mexico,Arabic,Spanish|Chinese|Dutch,free,18-24,Other,Exam,2025-10
HT_016867,2025-06-03,Canada,Arabic,English|Portuguese,free,35-44,Other,Hobby,2025-06
HT_016868,2025-06-17,USA,Portuguese,Dutch|Arabic,free,18-24,M,Exam,2025-06
HT_016869,2025-09-04,USA,Italian,Spanish|German|Chinese,free,25-34,Other,Hobby,2025-09
HT_016870,2025-11-24,South Korea,Italian,Portuguese|Korean|Japanese,free,25-34,M,Hobby,2025-11
HT_016871,2025-04-19,Japan,Russian,Arabic|Spanish,free,25-34,M,Hobby,2025-04
HT_016872,2025-05-07,France,Japanese,French|Dutch,free,25-34,F,Travel,2025-05
HT_016873,2026-02-22,South Korea,Chinese,English|Spanish,free,35-44,F,Travel,2026-02
HT_016874,2026-03-03,South Korea,Portuguese,Chinese|English|Italian,free,35-44,F,Exam,2026-03
HT_016875,2025-09-22,Germany,Portuguese,Korean,free,25-34,Other,Immigration,2025-09
HT_016876,2025-05-19,Spain,Russian,Spanish|English|Arabic,premium,25-34,M,Exam,2025-05
HT_016877,2026-03-19,China,English,Korean,free,25-34,F,Hobby,2026-03
HT_016878,2025-10-10,UK,Arabic,Korean|Spanish,premium,25-34,Other,Business,2025-10
HT_016879,2025-10-30,Australia,Italian,Portuguese,free,18-24,F,Hobby,2025-10
HT_016880,2026-03-23,Japan,Dutch,Spanish|French|Italian,free,18-24,M,Exam,2026-03
HT_016881,2026-03-20,Spain,Italian,Portuguese|Russian|Korean,free,25-34,Other,Immigration,2026-03
HT_016882,2025-11-09,Mexico,Chinese,German,free,25-34,Other,Immigration,2025-11
HT_016883,2026-03-29,Brazil,French,Arabic,free,35-44,F,Travel,2026-03
HT_016884,2026-03-07,China,Italian,Dutch,free,25-34,Other,Immigration,2026-03
HT_016885,2025-09-06,South Korea,Portuguese,English,free,35-44,Other,Business,2025-09
HT_016886,2026-01-06,Australia,Dutch,Portuguese,free,25-34,M,Exam,2026-01
HT_016887,2026-02-05,USA,Japanese,Spanish|Dutch|English,free,18-24,F,Business,2026-02
HT_016888,2025-08-06,UK,English,Portuguese|Arabic|Spanish,premium,25-34,F,Business,2025-08
HT_016889,2025-07-26,South Korea,Japanese,Portuguese,free,25-34,Other,Exam,2025-07
HT_016890,2026-01-13,USA,Korean,French|Dutch|Spanish,free,18-24,M,Immigration,2026-01
HT_016891,2026-01-27,Brazil,Portuguese,German|French|Japanese,free,18-24,Other,Exam,2026-01
HT_016892,2025-12-03,Brazil,Korean,Japanese|Dutch,free,25-34,M,Travel,2025-12
HT_016893,2025-09-03,Germany,Portuguese,French|Korean|Arabic,free,35-44,Other,Exam,2025-09
HT_016894,2025-04-25,Australia,Italian,Arabic|Korean,premium,25-34,M,Hobby,2025-04
HT_016895,2026-04-05,South Korea,Italian,French,free,45+,F,Business,2026-04
HT_016896,2025-12-13,Mexico,Russian,Portuguese,premium,18-24,M,Hobby,2025-12
HT_016897,2026-03-19,China,Russian,Spanish|English,free,25-34,Other,Travel,2026-03
HT_016898,2025-12-03,Spain,Spanish,Italian|Korean,free,18-24,F,Travel,2025-12
HT_016899,2025-10-09,Australia,French,German|Portuguese,free,18-24,M,Business,2025-10
HT_016900,2025-12-18,USA,German,Chinese,free,35-44,M,Hobby,2025-12
HT_016901,2026-01-24,Brazil,Spanish,German|Russian|Portuguese,free,25-34,F,Exam,2026-01
HT_016902,2025-12-18,UK,Arabic,Italian|Russian,free,35-44,M,Hobby,2025-12
HT_016903,2025-05-16,China,English,Russian|Portuguese|Korean,free,18-24,M,Business,2025-05
HT_016904,2026-02-05,Spain,Spanish,Korean|French|German,free,25-34,M,Business,2026-02
HT_016905,2025-05-28,Australia,Arabic,Portuguese|English,free,45+,Other,Travel,2025-05
HT_016906,2025-05-27,Brazil,Spanish,Arabic|English|French,free,25-34,Other,Travel,2025-05
HT_016907,2025-08-22,France,Chinese,Spanish|Russian,premium,18-24,F,Travel,2025-08
HT_016908,2026-04-02,Canada,French,Russian|Arabic,free,45+,Other,Immigration,2026-04
HT_016909,2025-06-10,Brazil,French,Italian|German,free,25-34,M,Immigration,2025-06
HT_016910,2025-11-20,Germany,English,Chinese|German,premium,18-24,F,Exam,2025-11
HT_016911,2025-11-10,UK,Dutch,Chinese,premium,25-34,M,Exam,2025-11
HT_016912,2025-07-17,Australia,Japanese,Russian|Spanish|English,free,25-34,Other,Travel,2025-07
HT_016913,2025-10-06,South Korea,French,Spanish|German,free,18-24,F,Hobby,2025-10
HT_016914,2025-05-04,France,Chinese,French|Japanese|Spanish,free,35-44,F,Travel,2025-05
HT_016915,2025-06-05,Germany,English,Dutch|Russian,free,25-34,M,Immigration,2025-06
HT_016916,2025-12-11,Canada,German,English|Italian|French,free,25-34,M,Immigration,2025-12
HT_016917,2025-08-28,Spain,Dutch,Russian|Korean,free,35-44,M,Travel,2025-08
HT_016918,2025-12-28,Australia,German,Japanese|Korean|Portuguese,premium,45+,Other,Business,2025-12
HT_016919,2025-08-17,France,French,Italian|German|Japanese,free,35-44,M,Hobby,2025-08
HT_016920,2025-08-13,Spain,Portuguese,Spanish|Russian|Italian,free,35-44,Other,Hobby,2025-08
HT_016921,2025-07-28,Germany,Japanese,Italian|English|French,free,35-44,Other,Exam,2025-07
HT_016922,2025-04-17,Spain,Portuguese,Korean|Japanese|Spanish,premium,18-24,F,Hobby,2025-04
HT_016923,2026-03-13,Brazil,Korean,Dutch,free,18-24,F,Business,2026-03
HT_016924,2025-10-07,South Korea,Chinese,French|Arabic|Dutch,free,18-24,F,Immigration,2025-10
HT_016925,2026-03-05,Brazil,Russian,German,free,35-44,Other,Immigration,2026-03
HT_016926,2026-03-21,China,Spanish,Russian|Dutch,free,35-44,Other,Travel,2026-03
HT_016927,2025-08-10,China,Dutch,Japanese|Italian,free,25-34,Other,Travel,2025-08
HT_016928,2025-04-25,Japan,Russian,German|Portuguese,free,18-24,Other,Immigration,2025-04
HT_016929,2026-01-20,South Korea,English,Chinese|Italian|Russian,free,25-34,F,Travel,2026-01
HT_016930,2026-01-19,South Korea,Chinese,Japanese,premium,25-34,F,Travel,2026-01
HT_016931,2026-01-23,Brazil,Korean,Arabic|Chinese,free,45+,M,Business,2026-01
HT_016932,2025-10-11,Germany,Korean,Spanish,free,18-24,M,Hobby,2025-10
HT_016933,2025-06-19,France,Italian,Dutch,free,25-34,Other,Immigration,2025-06
HT_016934,2025-10-08,UK,Spanish,Japanese,premium,35-44,M,Hobby,2025-10
HT_016935,2026-03-06,Mexico,Portuguese,Japanese,free,35-44,M,Immigration,2026-03
HT_016936,2025-10-01,UK,Japanese,Chinese,free,25-34,F,Immigration,2025-10
HT_016937,2025-11-13,USA,Korean,French|Arabic,free,18-24,M,Exam,2025-11
HT_016938,2025-05-16,USA,Chinese,German|Russian,free,25-34,F,Travel,2025-05
HT_016939,2025-06-21,Germany,Italian,French|Portuguese|Russian,free,45+,Other,Hobby,2025-06
HT_016940,2025-04-13,France,Russian,Spanish|Korean|English,free,18-24,M,Exam,2025-04
HT_016941,2025-10-29,South Korea,English,Portuguese|Chinese|Russian,free,25-34,M,Exam,2025-10
HT_016942,2026-03-15,France,Japanese,Portuguese|Chinese|German,free,25-34,M,Business,2026-03
HT_016943,2025-09-28,South Korea,Chinese,Arabic,premium,18-24,M,Immigration,2025-09
HT_016944,2025-12-03,Brazil,Arabic,Russian|Japanese,free,25-34,M,Business,2025-12
HT_016945,2026-03-28,UK,Japanese,French|Italian,free,45+,M,Exam,2026-03
HT_016946,2025-12-30,South Korea,Arabic,German|French|English,premium,18-24,F,Hobby,2025-12
HT_016947,2025-05-02,China,Portuguese,Arabic,free,35-44,M,Travel,2025-05
HT_016948,2026-01-12,South Korea,Dutch,Russian|English,premium,18-24,Other,Hobby,2026-01
HT_016949,2025-11-27,Spain,Chinese,Italian,free,35-44,M,Hobby,2025-11
HT_016950,2025-07-20,South Korea,Dutch,Portuguese,free,35-44,M,Travel,2025-07
HT_016951,2025-08-22,France,Korean,Arabic|Italian|Spanish,free,18-24,Other,Business,2025-08
HT_016952,2025-06-13,Brazil,Japanese,Korean,free,25-34,M,Travel,2025-06
HT_016953,2025-05-24,Japan,French,German,free,18-24,M,Business,2025-05
HT_016954,2025-05-06,Germany,Russian,Portuguese|German,premium,25-34,Other,Travel,2025-05
HT_016955,2025-11-26,Spain,Japanese,German|Portuguese,free,18-24,M,Travel,2025-11
HT_016956,2025-04-23,USA,Russian,Spanish,free,45+,M,Immigration,2025-04
HT_016957,2025-12-21,Japan,Dutch,French|Chinese,premium,18-24,F,Immigration,2025-12
HT_016958,2026-03-21,Germany,Japanese,French|English,free,25-34,Other,Business,2026-03
HT_016959,2025-05-09,Brazil,Italian,Portuguese,free,18-24,F,Exam,2025-05
HT_016960,2025-07-12,China,Japanese,English|Russian|Dutch,free,35-44,M,Exam,2025-07
HT_016961,2026-01-31,South Korea,Italian,German|Russian|French,free,18-24,Other,Immigration,2026-01
HT_016962,2026-02-19,China,Korean,Italian|Russian|English,free,45+,M,Business,2026-02
HT_016963,2025-08-17,USA,German,Chinese|Portuguese|Korean,premium,25-34,Other,Exam,2025-08
HT_016964,2026-04-07,USA,Italian,French|Russian|Korean,free,25-34,Other,Business,2026-04
HT_016965,2025-09-09,Mexico,Japanese,Italian|English|German,free,18-24,M,Travel,2025-09
HT_016966,2025-12-22,Mexico,Arabic,Portuguese,premium,25-34,F,Exam,2025-12
HT_016967,2026-02-28,Japan,German,Korean|Italian|Portuguese,free,25-34,F,Business,2026-02
HT_016968,2025-09-16,China,Russian,Japanese|Italian,premium,35-44,F,Hobby,2025-09
HT_016969,2025-06-02,Brazil,Dutch,Spanish|Italian,free,35-44,Other,Business,2025-06
HT_016970,2025-08-04,Mexico,Dutch,Spanish|Chinese|Italian,free,35-44,F,Travel,2025-08
HT_016971,2025-11-06,Brazil,Chinese,Portuguese|French,premium,18-24,Other,Exam,2025-11
HT_016972,2025-06-22,Brazil,Russian,Korean|Chinese,free,18-24,F,Hobby,2025-06
HT_016973,2026-03-08,China,Chinese,German,free,35-44,Other,Exam,2026-03
HT_016974,2025-08-07,Brazil,German,Dutch|English,free,25-34,Other,Travel,2025-08
HT_016975,2025-10-21,France,German,Korean,free,45+,F,Business,2025-10
HT_016976,2025-07-27,France,Portuguese,Spanish,free,18-24,Other,Hobby,2025-07
HT_016977,2026-04-09,UK,Arabic,Italian|Japanese|Dutch,free,25-34,M,Business,2026-04
HT_016978,2026-02-26,France,Spanish,Chinese|Japanese,free,45+,M,Exam,2026-02
HT_016979,2025-11-09,Japan,English,Dutch|Russian|German,free,25-34,F,Business,2025-11
HT_016980,2025-11-21,USA,Italian,German|Spanish,free,18-24,Other,Business,2025-11
HT_016981,2025-06-26,China,Chinese,English,free,45+,M,Exam,2025-06
HT_016982,2026-03-29,Japan,French,Italian|Spanish,free,18-24,F,Hobby,2026-03
HT_016983,2025-08-27,Mexico,Arabic,German|Japanese|Dutch,free,18-24,F,Exam,2025-08
HT_016984,2025-06-24,South Korea,Italian,Portuguese|English,free,35-44,Other,Business,2025-06
HT_016985,2025-08-12,Mexico,Chinese,Portuguese|Italian,free,18-24,M,Exam,2025-08
HT_016986,2025-12-09,Australia,Chinese,German|English,free,25-34,Other,Hobby,2025-12
HT_016987,2026-01-16,Australia,Chinese,Russian|English,free,25-34,M,Hobby,2026-01
HT_016988,2026-02-18,Mexico,Chinese,Dutch|Korean|Spanish,free,45+,Other,Exam,2026-02
HT_016989,2025-08-05,Japan,English,Chinese|Italian|Russian,free,25-34,Other,Immigration,2025-08
HT_016990,2026-02-05,USA,Japanese,Chinese|Arabic|Korean,free,25-34,F,Travel,2026-02
HT_016991,2025-07-03,Australia,Arabic,Italian|Portuguese,free,18-24,Other,Immigration,2025-07
HT_016992,2025-11-03,France,English,Korean,free,45+,M,Business,2025-11
HT_016993,2025-07-18,Canada,Portuguese,Chinese|French|Dutch,free,18-24,M,Business,2025-07
HT_016994,2026-01-16,Germany,Italian,Portuguese|Spanish|German,free,45+,Other,Travel,2026-01
HT_016995,2026-01-14,China,Spanish,Japanese|German,free,25-34,M,Travel,2026-01
HT_016996,2025-05-19,UK,Arabic,Spanish|German,free,25-34,Other,Travel,2025-05
HT_016997,2026-02-13,Australia,German,Spanish|Russian,free,25-34,F,Immigration,2026-02
HT_016998,2026-02-02,South Korea,Portuguese,French,free,25-34,M,Immigration,2026-02
HT_016999,2025-11-21,South Korea,Arabic,Dutch,free,25-34,Other,Immigration,2025-11
HT_017000,2026-01-18,South Korea,Spanish,Japanese|Arabic,free,18-24,Other,Business,2026-01
HT_017001,2025-09-09,Canada,Spanish,Russian,free,18-24,M,Immigration,2025-09
HT_017002,2025-05-06,Mexico,Italian,Korean|Dutch,free,25-34,M,Hobby,2025-05
HT_017003,2025-05-07,USA,Japanese,Chinese|Spanish|Russian,free,18-24,F,Travel,2025-05
HT_017004,2026-03-19,USA,Spanish,French|Dutch,free,18-24,F,Immigration,2026-03
HT_017005,2025-09-18,Japan,Dutch,Spanish|Russian,free,25-34,M,Business,2025-09
HT_017006,2025-11-30,South Korea,Arabic,Dutch|German,premium,25-34,M,Business,2025-11
HT_017007,2025-06-25,Germany,Japanese,French|Arabic|German,free,18-24,M,Exam,2025-06
HT_017008,2025-08-12,Germany,Russian,French,free,35-44,F,Immigration,2025-08
HT_017009,2025-10-27,Germany,Korean,Portuguese|Dutch,free,18-24,Other,Hobby,2025-10
HT_017010,2026-04-03,France,German,French,premium,18-24,Other,Business,2026-04
HT_017011,2025-06-27,Mexico,French,Italian,free,18-24,F,Business,2025-06
HT_017012,2026-03-29,China,Chinese,Spanish,premium,18-24,F,Exam,2026-03
HT_017013,2026-04-07,Australia,Arabic,Japanese,premium,35-44,Other,Business,2026-04
HT_017014,2025-07-25,Mexico,French,Italian,free,18-24,Other,Hobby,2025-07
HT_017015,2025-08-30,UK,German,Japanese,free,18-24,M,Travel,2025-08
HT_017016,2026-03-20,Japan,Arabic,Chinese,free,25-34,M,Hobby,2026-03
HT_017017,2026-03-14,Japan,English,Italian,free,45+,F,Exam,2026-03
HT_017018,2026-04-03,Mexico,French,German|Russian|Chinese,free,25-34,Other,Hobby,2026-04
HT_017019,2026-03-27,Mexico,Chinese,Italian,free,18-24,M,Exam,2026-03
HT_017020,2025-08-24,Japan,English,Arabic|Japanese,free,35-44,F,Business,2025-08
HT_017021,2025-11-22,Mexico,Spanish,Arabic|German,free,18-24,M,Hobby,2025-11
HT_017022,2025-05-03,Mexico,German,English|Chinese,free,18-24,F,Travel,2025-05
HT_017023,2025-12-31,Canada,Arabic,English,free,25-34,Other,Travel,2025-12
HT_017024,2025-09-06,UK,Spanish,English,premium,18-24,M,Hobby,2025-09
HT_017025,2025-09-21,China,Portuguese,Arabic|French,free,18-24,F,Business,2025-09
HT_017026,2025-07-13,Germany,Chinese,Japanese,free,18-24,Other,Hobby,2025-07
HT_017027,2026-01-29,Spain,Italian,Japanese|English|Arabic,free,35-44,Other,Travel,2026-01
HT_017028,2025-11-08,USA,Portuguese,Japanese|Russian,free,25-34,M,Travel,2025-11
HT_017029,2026-02-16,China,Russian,French|Spanish,free,25-34,F,Business,2026-02
HT_017030,2025-12-10,France,Arabic,Italian|Russian,premium,25-34,Other,Exam,2025-12
HT_017031,2025-10-16,UK,Spanish,English|German|Dutch,free,35-44,M,Hobby,2025-10
HT_017032,2025-05-20,Canada,Chinese,Japanese|Korean,free,45+,F,Immigration,2025-05
HT_017033,2026-01-15,Germany,French,Spanish,free,18-24,F,Travel,2026-01
HT_017034,2025-10-01,France,Russian,French,free,25-34,Other,Travel,2025-10
HT_017035,2025-08-23,UK,Arabic,Korean|Russian,free,18-24,Other,Immigration,2025-08
HT_017036,2025-11-15,Japan,Arabic,Spanish|Korean|German,free,25-34,F,Business,2025-11
HT_017037,2025-08-24,Spain,Portuguese,Korean|Chinese|Russian,premium,18-24,M,Exam,2025-08
HT_017038,2025-08-05,China,German,Arabic,free,18-24,F,Business,2025-08
HT_017039,2026-01-03,Japan,Japanese,Portuguese|English|Chinese,free,25-34,F,Travel,2026-01
HT_017040,2026-03-20,Canada,Italian,Korean|French|Chinese,free,18-24,Other,Hobby,2026-03
HT_017041,2025-11-09,Mexico,Russian,French|Japanese,free,25-34,Other,Travel,2025-11
HT_017042,2025-09-22,Brazil,Russian,Chinese|Dutch|Arabic,free,25-34,Other,Immigration,2025-09
HT_017043,2025-12-08,South Korea,Russian,Japanese,free,25-34,Other,Travel,2025-12
HT_017044,2025-05-26,USA,German,Russian|Spanish,free,25-34,M,Travel,2025-05
HT_017045,2025-08-12,Brazil,Dutch,German,premium,35-44,F,Immigration,2025-08
HT_017046,2025-07-16,Germany,English,Japanese,free,25-34,F,Exam,2025-07
HT_017047,2025-12-25,Germany,French,Chinese,premium,35-44,Other,Immigration,2025-12
HT_017048,2025-12-26,Brazil,Portuguese,Spanish,free,18-24,F,Exam,2025-12
HT_017049,2025-05-31,Mexico,Italian,Chinese|French,free,18-24,Other,Travel,2025-05
HT_017050,2026-01-24,China,Russian,English|French|Italian,free,45+,Other,Immigration,2026-01
HT_017051,2026-02-09,Japan,Arabic,Russian|French|German,free,35-44,F,Exam,2026-02
HT_017052,2026-04-11,France,Korean,French|Spanish|Chinese,premium,25-34,Other,Immigration,2026-04
HT_017053,2025-12-18,Japan,Japanese,Chinese,free,35-44,Other,Hobby,2025-12
HT_017054,2025-12-16,Mexico,Chinese,Korean|Italian|Arabic,free,25-34,Other,Immigration,2025-12
HT_017055,2026-02-03,Spain,Italian,Russian|Chinese|French,free,25-34,F,Hobby,2026-02
HT_017056,2026-02-02,France,German,Korean,free,25-34,Other,Business,2026-02
HT_017057,2025-05-22,Canada,Arabic,Chinese,premium,25-34,Other,Hobby,2025-05
HT_017058,2026-02-07,USA,English,German,free,18-24,Other,Exam,2026-02
HT_017059,2025-11-05,Canada,German,English|Arabic,premium,35-44,F,Travel,2025-11
HT_017060,2025-11-23,USA,Portuguese,Arabic|Chinese|Russian,free,18-24,M,Travel,2025-11
HT_017061,2026-04-04,China,Dutch,Chinese|Italian,premium,18-24,F,Hobby,2026-04
HT_017062,2025-04-23,UK,Arabic,Dutch|English|Portuguese,free,25-34,M,Exam,2025-04
HT_017063,2026-04-07,Brazil,Japanese,German|Dutch,free,18-24,F,Travel,2026-04
HT_017064,2026-01-30,China,Italian,Arabic,premium,35-44,Other,Travel,2026-01
HT_017065,2025-04-15,Brazil,Korean,Portuguese|Japanese,free,18-24,F,Travel,2025-04
HT_017066,2026-01-03,Brazil,Portuguese,German,free,18-24,Other,Immigration,2026-01
HT_017067,2025-09-04,Canada,Japanese,Italian|Portuguese,free,35-44,F,Hobby,2025-09
HT_017068,2025-04-14,Japan,Portuguese,Spanish|French,free,25-34,F,Travel,2025-04
HT_017069,2025-12-16,Brazil,Russian,Arabic|Chinese,free,25-34,M,Hobby,2025-12
HT_017070,2025-10-04,Australia,Dutch,Russian|Arabic|Spanish,free,18-24,M,Exam,2025-10
HT_017071,2025-12-31,China,English,Arabic,free,25-34,M,Hobby,2025-12
HT_017072,2026-03-06,Brazil,French,Chinese|Portuguese|English,free,25-34,Other,Exam,2026-03
HT_017073,2025-09-01,France,German,Italian|Spanish|Portuguese,free,25-34,F,Exam,2025-09
HT_017074,2026-01-09,China,Korean,Spanish|English|Italian,free,25-34,M,Travel,2026-01
HT_017075,2025-04-23,Canada,Russian,Chinese,free,25-34,Other,Business,2025-04
HT_017076,2025-06-30,Germany,Korean,English|Arabic,free,35-44,Other,Exam,2025-06
HT_017077,2025-05-29,Brazil,Dutch,Portuguese|German,free,35-44,Other,Exam,2025-05
HT_017078,2025-04-22,Canada,French,Chinese,free,18-24,F,Immigration,2025-04
HT_017079,2025-09-19,China,English,Korean|Chinese|Dutch,free,25-34,M,Business,2025-09
HT_017080,2025-11-22,Australia,Italian,French|Portuguese|Japanese,free,25-34,F,Business,2025-11
HT_017081,2026-02-12,USA,Arabic,German|Russian|Portuguese,free,18-24,M,Business,2026-02
HT_017082,2026-01-27,China,English,French,free,18-24,F,Business,2026-01
HT_017083,2025-07-06,Japan,Dutch,Arabic|Korean,free,25-34,F,Immigration,2025-07
HT_017084,2026-01-12,France,Dutch,Arabic|French|German,free,18-24,M,Hobby,2026-01
HT_017085,2026-03-05,France,Chinese,Italian|Korean,free,18-24,M,Exam,2026-03
HT_017086,2025-07-10,Spain,Dutch,English|Russian|Japanese,free,18-24,Other,Hobby,2025-07
HT_017087,2026-02-18,Japan,Chinese,Dutch,free,18-24,F,Travel,2026-02
HT_017088,2025-07-07,Germany,German,Dutch,premium,45+,F,Hobby,2025-07
HT_017089,2025-07-04,Canada,Japanese,Korean,free,25-34,F,Exam,2025-07
HT_017090,2026-03-01,South Korea,German,French|Italian|English,free,35-44,M,Hobby,2026-03
HT_017091,2025-05-03,Brazil,Italian,Russian|Arabic|German,free,35-44,F,Hobby,2025-05
HT_017092,2025-11-19,Germany,Japanese,Russian,free,25-34,F,Travel,2025-11
HT_017093,2025-05-28,UK,Dutch,Japanese,free,45+,Other,Hobby,2025-05
HT_017094,2026-02-01,Australia,German,Russian,free,18-24,Other,Travel,2026-02
HT_017095,2026-03-24,Brazil,Arabic,Japanese,free,45+,M,Immigration,2026-03
HT_017096,2026-03-05,Australia,Arabic,English|Portuguese|German,free,25-34,Other,Travel,2026-03
HT_017097,2025-11-24,UK,Arabic,English,free,25-34,F,Exam,2025-11
HT_017098,2026-02-16,UK,Arabic,Russian|Dutch,free,25-34,M,Travel,2026-02
HT_017099,2026-01-28,Canada,Portuguese,Arabic|Italian|English,free,18-24,M,Hobby,2026-01
HT_017100,2026-04-09,Japan,German,Japanese|English,free,18-24,F,Business,2026-04
HT_017101,2025-06-27,USA,English,Spanish|Arabic|Portuguese,premium,35-44,M,Hobby,2025-06
HT_017102,2025-11-08,Australia,French,Dutch,free,18-24,F,Business,2025-11
HT_017103,2025-11-25,France,French,Japanese|Dutch,free,18-24,Other,Business,2025-11
HT_017104,2025-11-29,China,Russian,Italian|English|Portuguese,free,18-24,M,Exam,2025-11
HT_017105,2025-09-06,Brazil,Chinese,Spanish,premium,25-34,Other,Exam,2025-09
HT_017106,2025-09-16,China,French,Portuguese|Korean|English,free,18-24,Other,Hobby,2025-09
HT_017107,2025-10-26,China,Portuguese,Spanish|Arabic|French,premium,25-34,Other,Business,2025-10
HT_017108,2025-10-05,Brazil,Portuguese,Italian|English,free,18-24,F,Immigration,2025-10
HT_017109,2026-02-19,France,German,Chinese|English,premium,35-44,F,Business,2026-02
HT_017110,2025-08-01,Mexico,Korean,Portuguese,free,18-24,M,Hobby,2025-08
HT_017111,2026-04-04,Canada,Arabic,Spanish,free,18-24,F,Hobby,2026-04
HT_017112,2025-11-29,Australia,French,Italian,free,25-34,Other,Travel,2025-11
HT_017113,2025-10-20,Canada,English,Portuguese,free,35-44,F,Business,2025-10
HT_017114,2025-08-25,France,Italian,Korean,free,45+,M,Immigration,2025-08
HT_017115,2025-05-05,UK,Chinese,Korean|Dutch,free,18-24,F,Hobby,2025-05
HT_017116,2025-07-23,Germany,Dutch,Korean|Italian,premium,25-34,Other,Exam,2025-07
HT_017117,2026-01-08,China,Arabic,German|Dutch|English,free,25-34,Other,Business,2026-01
HT_017118,2026-03-12,Brazil,German,Japanese|Arabic|English,free,35-44,F,Immigration,2026-03
HT_017119,2025-09-19,Germany,Dutch,German|Russian|Korean,free,18-24,F,Exam,2025-09
HT_017120,2025-09-23,Brazil,French,Russian,free,25-34,M,Business,2025-09
HT_017121,2025-04-30,France,Dutch,Portuguese,free,18-24,F,Exam,2025-04
HT_017122,2025-12-23,South Korea,French,Portuguese|Korean|Japanese,free,25-34,Other,Business,2025-12
HT_017123,2025-04-28,Canada,Arabic,Korean|German|English,free,25-34,M,Immigration,2025-04
HT_017124,2025-11-05,Brazil,Russian,Chinese|English,free,25-34,Other,Travel,2025-11
HT_017125,2025-12-24,USA,Dutch,Arabic,premium,35-44,F,Business,2025-12
HT_017126,2025-04-14,Canada,Italian,Korean|Japanese|English,free,45+,Other,Hobby,2025-04
HT_017127,2025-11-17,Brazil,Russian,Japanese|Italian|French,free,25-34,Other,Hobby,2025-11
HT_017128,2025-04-23,Germany,Italian,Portuguese|English|Dutch,free,18-24,M,Hobby,2025-04
HT_017129,2025-12-16,France,Arabic,Portuguese,free,45+,M,Immigration,2025-12
HT_017130,2026-03-04,Australia,French,Chinese|Italian|Russian,free,25-34,F,Travel,2026-03
HT_017131,2025-08-22,Mexico,Spanish,English|French,free,25-34,F,Immigration,2025-08
HT_017132,2025-08-26,USA,Spanish,Chinese|Portuguese,free,18-24,F,Immigration,2025-08
HT_017133,2025-09-23,Australia,Portuguese,Japanese|Spanish,premium,18-24,M,Exam,2025-09
HT_017134,2026-02-26,France,English,Italian|Russian|Chinese,free,25-34,F,Hobby,2026-02
HT_017135,2025-12-23,USA,Korean,Arabic|English|Russian,free,25-34,M,Travel,2025-12
HT_017136,2025-11-12,Australia,Italian,English,free,18-24,F,Travel,2025-11
HT_017137,2026-02-23,USA,Arabic,Portuguese,free,25-34,M,Hobby,2026-02
HT_017138,2025-11-07,Brazil,Spanish,Korean|Arabic,free,25-34,Other,Travel,2025-11
HT_017139,2025-04-16,France,Arabic,Italian|German|French,free,45+,F,Immigration,2025-04
HT_017140,2025-09-12,Germany,Portuguese,Chinese|Korean|Spanish,free,35-44,F,Hobby,2025-09
HT_017141,2025-12-20,Mexico,Korean,Portuguese|French,premium,25-34,F,Business,2025-12
HT_017142,2025-08-25,France,Arabic,German|Korean,free,25-34,F,Immigration,2025-08
HT_017143,2026-03-23,Brazil,Russian,Italian|Spanish|Portuguese,premium,25-34,Other,Exam,2026-03
HT_017144,2025-10-08,China,Portuguese,English|Italian,free,25-34,Other,Hobby,2025-10
HT_017145,2025-12-26,USA,Russian,Italian|Japanese,free,18-24,M,Immigration,2025-12
HT_017146,2025-11-20,UK,Spanish,Korean|Italian|German,free,25-34,M,Business,2025-11
HT_017147,2025-09-18,USA,Dutch,Russian|French|Japanese,free,18-24,M,Hobby,2025-09
HT_017148,2025-09-30,USA,Chinese,Korean|Russian,free,35-44,M,Travel,2025-09
HT_017149,2025-12-18,Brazil,Dutch,Russian|Japanese|English,free,18-24,M,Immigration,2025-12
HT_017150,2025-08-10,Brazil,Japanese,Portuguese|Italian|English,free,18-24,F,Hobby,2025-08
HT_017151,2025-05-20,USA,Chinese,Portuguese,free,35-44,Other,Exam,2025-05
HT_017152,2026-03-08,Brazil,Spanish,German|Japanese|English,premium,35-44,M,Hobby,2026-03
HT_017153,2025-12-09,China,Arabic,Dutch|English|Japanese,free,18-24,F,Travel,2025-12
HT_017154,2026-01-10,China,Japanese,Korean|Dutch|French,free,25-34,F,Business,2026-01
HT_017155,2025-07-25,Japan,English,Russian|Arabic,free,18-24,F,Business,2025-07
HT_017156,2026-02-09,France,French,German|Korean|Arabic,free,35-44,F,Immigration,2026-02
HT_017157,2025-06-20,UK,English,Korean|Italian|Dutch,premium,18-24,Other,Exam,2025-06
HT_017158,2025-05-07,Spain,French,Japanese|Spanish,premium,25-34,Other,Immigration,2025-05
HT_017159,2025-08-12,France,Spanish,Italian,free,18-24,M,Immigration,2025-08
HT_017160,2025-08-05,China,German,Japanese|English|Italian,free,25-34,Other,Immigration,2025-08
HT_017161,2025-10-11,China,Spanish,German,free,25-34,M,Hobby,2025-10
HT_017162,2025-09-30,Germany,English,Japanese|Spanish|Portuguese,free,25-34,F,Business,2025-09
HT_017163,2025-04-12,Germany,Chinese,Portuguese,free,25-34,F,Business,2025-04
HT_017164,2026-01-19,Canada,Portuguese,Arabic|Spanish|Chinese,free,45+,F,Business,2026-01
HT_017165,2025-10-31,USA,Dutch,Japanese|Korean,free,25-34,Other,Hobby,2025-10
HT_017166,2026-02-13,Japan,Chinese,French|German|Portuguese,free,18-24,F,Business,2026-02
HT_017167,2025-06-16,Australia,French,Italian|Spanish|Chinese,free,25-34,F,Travel,2025-06
HT_017168,2025-05-09,Australia,German,French|Italian|Japanese,free,25-34,F,Exam,2025-05
HT_017169,2025-09-22,Germany,English,German|Russian|Dutch,free,35-44,M,Business,2025-09
HT_017170,2025-08-14,Brazil,Arabic,French|Russian,free,18-24,M,Hobby,2025-08
HT_017171,2025-05-25,USA,Dutch,Chinese|German,free,18-24,Other,Immigration,2025-05
HT_017172,2025-06-03,Japan,Portuguese,German|French,premium,18-24,F,Travel,2025-06
HT_017173,2025-08-11,France,German,Korean,free,25-34,F,Business,2025-08
HT_017174,2025-05-07,Germany,French,Portuguese|Japanese,free,25-34,Other,Travel,2025-05
HT_017175,2025-05-15,China,Japanese,Italian,premium,35-44,F,Hobby,2025-05
HT_017176,2025-12-31,Australia,Arabic,Japanese|Portuguese|German,free,25-34,Other,Business,2025-12
HT_017177,2025-07-06,Canada,Arabic,Spanish|German|Russian,free,18-24,F,Immigration,2025-07
HT_017178,2025-05-16,China,Chinese,Japanese,free,25-34,M,Exam,2025-05
HT_017179,2025-04-15,France,German,English,free,18-24,M,Exam,2025-04
HT_017180,2026-01-13,France,Spanish,French|Italian|Japanese,free,25-34,F,Exam,2026-01
HT_017181,2025-09-06,South Korea,English,Dutch,premium,25-34,M,Hobby,2025-09
HT_017182,2026-01-22,Canada,Portuguese,Italian|Russian,free,18-24,M,Exam,2026-01
HT_017183,2025-07-01,Australia,Portuguese,French,free,35-44,F,Business,2025-07
HT_017184,2026-03-31,Mexico,Spanish,Portuguese|French,free,18-24,Other,Immigration,2026-03
HT_017185,2026-03-30,South Korea,Chinese,German,free,18-24,F,Travel,2026-03
HT_017186,2025-07-30,Australia,Dutch,French|Italian|Russian,free,35-44,Other,Exam,2025-07
HT_017187,2025-12-15,South Korea,Spanish,Dutch|Chinese|Korean,premium,25-34,F,Exam,2025-12
HT_017188,2025-08-19,Brazil,Chinese,Russian,free,25-34,Other,Hobby,2025-08
HT_017189,2026-03-30,UK,Chinese,Korean|Arabic,free,25-34,M,Exam,2026-03
HT_017190,2025-05-16,Germany,Chinese,German,free,18-24,F,Business,2025-05
HT_017191,2025-12-30,Canada,Japanese,Portuguese|French,free,25-34,F,Hobby,2025-12
HT_017192,2025-05-05,Canada,Japanese,Spanish|Dutch,premium,25-34,F,Hobby,2025-05
HT_017193,2026-01-03,France,Korean,Spanish|Chinese|Japanese,free,25-34,Other,Exam,2026-01
HT_017194,2026-02-11,Spain,German,Italian|Dutch,free,25-34,F,Exam,2026-02
HT_017195,2025-10-15,Spain,Portuguese,German,free,45+,M,Exam,2025-10
HT_017196,2025-08-02,Japan,German,Arabic|Korean|Russian,free,18-24,F,Immigration,2025-08
HT_017197,2026-02-24,Canada,French,Portuguese,free,18-24,F,Exam,2026-02
HT_017198,2026-02-18,USA,Dutch,German|Italian|Arabic,free,18-24,M,Travel,2026-02
HT_017199,2026-01-07,Mexico,English,Dutch,free,18-24,Other,Hobby,2026-01
HT_017200,2026-04-09,Japan,Arabic,English,free,25-34,M,Exam,2026-04
HT_017201,2025-10-05,Spain,English,French,free,25-34,M,Hobby,2025-10
HT_017202,2025-07-28,Germany,Korean,Spanish|Japanese|Dutch,premium,25-34,Other,Exam,2025-07
HT_017203,2025-09-06,Spain,Italian,Arabic|French|Japanese,free,18-24,F,Hobby,2025-09
HT_017204,2026-01-16,Canada,Italian,French|Chinese|Korean,premium,18-24,Other,Travel,2026-01
HT_017205,2025-09-29,Spain,Dutch,Arabic|French,free,18-24,F,Hobby,2025-09
HT_017206,2026-02-13,Brazil,French,Dutch,free,25-34,F,Exam,2026-02
HT_017207,2026-03-05,Germany,French,Japanese|English|Dutch,free,25-34,M,Business,2026-03
HT_017208,2026-03-03,Mexico,Korean,Spanish|Russian|Arabic,free,18-24,Other,Travel,2026-03
HT_017209,2025-11-29,UK,Italian,Arabic,free,25-34,Other,Immigration,2025-11
HT_017210,2025-07-28,Japan,Spanish,German|Italian,premium,25-34,Other,Exam,2025-07
HT_017211,2026-01-07,Brazil,Italian,Arabic|German|Portuguese,free,18-24,F,Hobby,2026-01
HT_017212,2025-05-15,Canada,English,French|Japanese,free,25-34,Other,Immigration,2025-05
HT_017213,2026-01-28,Germany,Italian,Dutch,free,25-34,F,Immigration,2026-01
HT_017214,2026-01-09,South Korea,Arabic,Spanish,premium,25-34,F,Business,2026-01
HT_017215,2025-06-23,China,Chinese,Russian|Spanish|Japanese,free,18-24,F,Business,2025-06
HT_017216,2025-05-02,France,French,Dutch|Italian,free,25-34,Other,Travel,2025-05
HT_017217,2025-07-12,Germany,Arabic,Portuguese|Dutch,free,25-34,F,Hobby,2025-07
HT_017218,2025-12-05,Germany,French,Portuguese|German,free,18-24,F,Travel,2025-12
HT_017219,2025-11-18,USA,German,Dutch,free,25-34,M,Hobby,2025-11
HT_017220,2026-03-15,UK,Spanish,Korean|Dutch|Japanese,free,35-44,F,Travel,2026-03
HT_017221,2026-02-16,Brazil,Chinese,Korean|Italian|Arabic,free,18-24,M,Exam,2026-02
HT_017222,2025-09-19,Japan,English,Russian,premium,18-24,F,Exam,2025-09
HT_017223,2025-09-17,Canada,Italian,Arabic|Dutch,free,18-24,Other,Immigration,2025-09
HT_017224,2025-11-17,Germany,Chinese,Portuguese,free,25-34,Other,Hobby,2025-11
HT_017225,2025-12-31,Germany,French,Japanese|Korean,free,25-34,Other,Hobby,2025-12
HT_017226,2025-09-17,USA,Dutch,Portuguese|French,free,35-44,Other,Business,2025-09
HT_017227,2025-11-15,China,Russian,English,free,35-44,Other,Business,2025-11
HT_017228,2026-03-24,Spain,Chinese,Portuguese|Russian|Korean,free,35-44,Other,Hobby,2026-03
HT_017229,2025-09-01,Brazil,English,French,free,45+,Other,Hobby,2025-09
HT_017230,2025-12-14,Spain,Korean,English,free,18-24,M,Travel,2025-12
HT_017231,2025-09-12,Canada,English,Arabic|Portuguese|Korean,free,25-34,Other,Business,2025-09
HT_017232,2025-08-05,France,Portuguese,French|English|Korean,premium,25-34,Other,Travel,2025-08
HT_017233,2025-06-11,Canada,Spanish,German,free,45+,Other,Hobby,2025-06
HT_017234,2025-05-17,France,Korean,French|Arabic|Russian,free,35-44,Other,Immigration,2025-05
HT_017235,2025-08-12,China,Chinese,German|English|Japanese,free,25-34,F,Business,2025-08
HT_017236,2025-09-21,Germany,Spanish,Russian,free,25-34,M,Travel,2025-09
HT_017237,2025-09-09,Japan,Dutch,Arabic|Portuguese,free,25-34,M,Exam,2025-09
HT_017238,2026-03-23,Germany,Italian,Portuguese|Arabic|English,free,25-34,Other,Hobby,2026-03
HT_017239,2025-05-30,South Korea,Russian,Arabic|German,free,45+,M,Business,2025-05
HT_017240,2026-02-02,Germany,Dutch,French|English,free,18-24,F,Immigration,2026-02
HT_017241,2025-10-16,Spain,English,Portuguese|Korean,free,25-34,F,Travel,2025-10
HT_017242,2025-07-05,USA,Arabic,French,premium,18-24,Other,Travel,2025-07
HT_017243,2026-04-09,Germany,Italian,English|Dutch,free,18-24,M,Exam,2026-04
HT_017244,2026-02-04,South Korea,English,Korean,free,25-34,M,Hobby,2026-02
HT_017245,2025-07-14,Japan,Dutch,Spanish|Korean|Italian,free,35-44,M,Exam,2025-07
HT_017246,2025-04-13,Australia,Russian,Spanish,free,25-34,Other,Travel,2025-04
HT_017247,2025-12-07,Brazil,Portuguese,French|Russian|Japanese,free,35-44,Other,Business,2025-12
HT_017248,2025-12-28,Mexico,Chinese,French|Portuguese|German,free,25-34,M,Business,2025-12
HT_017249,2025-06-26,Canada,Arabic,Italian,free,18-24,F,Immigration,2025-06
HT_017250,2025-07-28,China,Portuguese,Italian|English|Japanese,free,25-34,M,Immigration,2025-07
HT_017251,2025-09-30,Germany,Chinese,Japanese|Arabic,free,25-34,Other,Hobby,2025-09
HT_017252,2025-04-24,Japan,Russian,Portuguese|Italian,free,35-44,F,Travel,2025-04
HT_017253,2025-10-26,Germany,Italian,Russian|English|Arabic,free,18-24,Other,Hobby,2025-10
HT_017254,2025-10-02,Spain,Chinese,German|French,premium,25-34,M,Business,2025-10
HT_017255,2025-04-28,Japan,Chinese,English|Dutch,free,18-24,F,Exam,2025-04
HT_017256,2025-08-05,Brazil,Spanish,Korean,free,25-34,M,Travel,2025-08
HT_017257,2025-10-10,Canada,Portuguese,Italian,free,18-24,F,Exam,2025-10
HT_017258,2026-02-21,Germany,Russian,English|Dutch,free,18-24,F,Travel,2026-02
HT_017259,2026-02-10,France,Dutch,Italian,premium,25-34,F,Immigration,2026-02
HT_017260,2025-12-15,USA,English,Spanish,free,35-44,Other,Exam,2025-12
HT_017261,2025-07-03,China,Portuguese,Russian|Italian|Japanese,free,18-24,Other,Hobby,2025-07
HT_017262,2025-05-13,Spain,Russian,Korean|Spanish|Dutch,free,35-44,Other,Exam,2025-05
HT_017263,2025-10-31,Germany,German,Italian|Dutch,free,25-34,Other,Exam,2025-10
HT_017264,2026-02-02,South Korea,Korean,French,premium,18-24,Other,Travel,2026-02
HT_017265,2025-05-17,China,German,Arabic,free,35-44,F,Hobby,2025-05
HT_017266,2026-04-10,Australia,Dutch,Spanish|Korean,free,25-34,Other,Travel,2026-04
HT_017267,2026-03-04,France,Dutch,Russian,premium,18-24,F,Hobby,2026-03
HT_017268,2026-01-16,Japan,German,Portuguese|Spanish|Dutch,free,35-44,Other,Travel,2026-01
HT_017269,2025-09-24,South Korea,Arabic,English|Korean,free,18-24,F,Immigration,2025-09
HT_017270,2025-11-24,South Korea,Spanish,Korean|Portuguese,free,25-34,M,Exam,2025-11
HT_017271,2025-04-17,UK,German,French,free,25-34,Other,Exam,2025-04
HT_017272,2026-02-20,China,Russian,Italian|German,free,18-24,Other,Exam,2026-02
HT_017273,2025-11-23,South Korea,Arabic,Portuguese,free,45+,M,Exam,2025-11
HT_017274,2025-10-28,Germany,Portuguese,Korean|German,premium,25-34,Other,Hobby,2025-10
HT_017275,2026-01-10,USA,Portuguese,Italian|Dutch|French,free,25-34,Other,Business,2026-01
HT_017276,2025-12-26,France,Chinese,Korean|French,free,25-34,F,Travel,2025-12
HT_017277,2025-07-17,Canada,Chinese,Japanese|Italian|French,free,45+,F,Travel,2025-07
HT_017278,2025-10-09,USA,Spanish,Russian,free,25-34,Other,Exam,2025-10
HT_017279,2026-02-12,UK,Chinese,Portuguese|English,free,25-34,F,Immigration,2026-02
HT_017280,2025-07-10,Germany,French,German|English,free,25-34,M,Exam,2025-07
HT_017281,2026-02-26,Spain,Chinese,Arabic|English|Russian,free,18-24,M,Exam,2026-02
HT_017282,2026-02-27,USA,Korean,English|Chinese|French,free,25-34,F,Hobby,2026-02
HT_017283,2025-11-17,South Korea,Arabic,Japanese|English|Spanish,free,18-24,Other,Immigration,2025-11
HT_017284,2025-04-20,Germany,Italian,Chinese|Dutch,free,45+,Other,Hobby,2025-04
HT_017285,2025-12-06,France,Chinese,Spanish|Italian,free,18-24,M,Exam,2025-12
HT_017286,2025-11-04,Mexico,Portuguese,Spanish|Japanese|Arabic,free,18-24,F,Hobby,2025-11
HT_017287,2026-04-08,Brazil,Dutch,Chinese|Italian|English,free,25-34,M,Travel,2026-04
HT_017288,2025-11-20,Japan,Chinese,Dutch|Arabic,free,25-34,M,Travel,2025-11
HT_017289,2025-06-28,USA,English,German|Portuguese|Spanish,free,18-24,M,Hobby,2025-06
HT_017290,2025-11-23,Germany,Portuguese,German|Italian,free,18-24,Other,Immigration,2025-11
HT_017291,2025-10-07,Mexico,German,Spanish|Italian,free,45+,F,Immigration,2025-10
HT_017292,2026-03-11,USA,Italian,Korean,free,18-24,F,Business,2026-03
HT_017293,2026-02-01,France,Chinese,Arabic|French,free,25-34,M,Exam,2026-02
HT_017294,2026-03-26,Japan,English,Japanese,free,35-44,M,Immigration,2026-03
HT_017295,2025-10-25,Spain,German,English,premium,25-34,F,Immigration,2025-10
HT_017296,2025-09-11,UK,Spanish,French,free,25-34,M,Immigration,2025-09
HT_017297,2025-08-01,Spain,Arabic,Portuguese,free,25-34,F,Business,2025-08
HT_017298,2025-07-15,France,Russian,Dutch|Korean|Italian,free,25-34,Other,Business,2025-07
HT_017299,2025-11-14,China,Arabic,Spanish|Korean,free,18-24,F,Exam,2025-11
HT_017300,2026-02-13,USA,Spanish,Korean|Arabic,free,18-24,M,Travel,2026-02
HT_017301,2025-08-02,Spain,Spanish,Italian,free,35-44,Other,Exam,2025-08
HT_017302,2025-12-06,Mexico,Arabic,English|Portuguese,free,25-34,M,Travel,2025-12
HT_017303,2026-02-11,China,English,Japanese|Russian|Chinese,free,18-24,Other,Business,2026-02
HT_017304,2026-02-09,South Korea,Japanese,Spanish,free,35-44,Other,Immigration,2026-02
HT_017305,2025-07-12,Spain,Chinese,Italian|Portuguese|Japanese,free,18-24,Other,Hobby,2025-07
HT_017306,2026-04-08,Brazil,Spanish,Russian|Arabic,free,35-44,Other,Hobby,2026-04
HT_017307,2025-04-20,Canada,Russian,Portuguese|Spanish,free,18-24,M,Travel,2025-04
HT_017308,2025-10-17,Canada,Spanish,French|German,free,25-34,F,Business,2025-10
HT_017309,2025-11-09,China,Japanese,Spanish|Portuguese|Russian,free,18-24,F,Business,2025-11
HT_017310,2026-01-19,UK,Arabic,Korean|Portuguese|Dutch,free,18-24,M,Exam,2026-01
HT_017311,2025-09-02,Australia,Spanish,Korean|Chinese,free,25-34,F,Travel,2025-09
HT_017312,2025-07-23,Japan,Russian,Chinese,premium,25-34,F,Immigration,2025-07
HT_017313,2025-10-27,Germany,French,Dutch,free,25-34,F,Immigration,2025-10
HT_017314,2025-09-26,Japan,Spanish,Italian,premium,25-34,M,Immigration,2025-09
HT_017315,2025-12-19,Spain,Chinese,Dutch|Italian|Arabic,free,25-34,F,Exam,2025-12
HT_017316,2025-06-24,Brazil,Chinese,Portuguese,free,25-34,Other,Business,2025-06
HT_017317,2025-12-05,Spain,German,Japanese|Spanish,free,25-34,F,Travel,2025-12
HT_017318,2025-04-15,Canada,Portuguese,German|Korean,free,35-44,F,Business,2025-04
HT_017319,2026-03-30,South Korea,Dutch,Japanese,free,25-34,Other,Travel,2026-03
HT_017320,2025-07-07,USA,Chinese,Portuguese,free,45+,Other,Travel,2025-07
HT_017321,2025-06-12,UK,Chinese,German|Arabic,free,25-34,Other,Immigration,2025-06
HT_017322,2025-10-15,South Korea,Dutch,German,free,18-24,F,Exam,2025-10
HT_017323,2025-12-20,UK,Italian,French|Portuguese|Korean,free,45+,F,Hobby,2025-12
HT_017324,2025-05-27,France,Chinese,Italian,free,18-24,Other,Exam,2025-05
HT_017325,2026-02-12,Australia,Italian,French|Portuguese|German,free,25-34,M,Business,2026-02
HT_017326,2025-04-30,France,English,Portuguese|French,free,25-34,F,Hobby,2025-04
HT_017327,2025-06-04,Mexico,Korean,French|Chinese|English,free,25-34,F,Hobby,2025-06
HT_017328,2025-10-11,Brazil,Korean,Japanese|Arabic,free,25-34,M,Business,2025-10
HT_017329,2025-06-09,Brazil,Japanese,German,premium,18-24,F,Business,2025-06
HT_017330,2025-11-15,Spain,English,Japanese|Dutch,free,18-24,M,Immigration,2025-11
HT_017331,2025-08-25,Mexico,Korean,English|Arabic|French,free,25-34,Other,Immigration,2025-08
HT_017332,2026-01-04,UK,Arabic,German|Russian|French,free,25-34,F,Immigration,2026-01
HT_017333,2025-05-31,Germany,Italian,French|English|Chinese,premium,25-34,F,Immigration,2025-05
HT_017334,2025-05-21,South Korea,Dutch,Japanese,free,35-44,M,Exam,2025-05
HT_017335,2025-06-16,UK,Spanish,Russian|Dutch|Arabic,free,18-24,M,Immigration,2025-06
HT_017336,2026-02-08,Spain,Japanese,English,free,35-44,Other,Hobby,2026-02
HT_017337,2025-09-07,France,Portuguese,Italian|German|Korean,free,18-24,Other,Exam,2025-09
HT_017338,2025-05-03,UK,Italian,Japanese|Arabic,free,25-34,F,Travel,2025-05
HT_017339,2025-06-13,China,French,Japanese|Chinese|Russian,free,18-24,Other,Hobby,2025-06
HT_017340,2026-03-16,Japan,Japanese,English|Portuguese,premium,25-34,F,Exam,2026-03
HT_017341,2026-03-26,Australia,German,English,free,18-24,M,Travel,2026-03
HT_017342,2025-12-13,Canada,Italian,Japanese|Russian,premium,35-44,Other,Hobby,2025-12
HT_017343,2026-03-18,France,English,French,free,35-44,Other,Business,2026-03
HT_017344,2025-08-16,France,French,Spanish|German|Russian,free,25-34,Other,Exam,2025-08
HT_017345,2025-11-10,Australia,Russian,Chinese|Spanish,free,25-34,M,Exam,2025-11
HT_017346,2026-04-03,Germany,Japanese,Italian,premium,25-34,M,Business,2026-04
HT_017347,2025-04-23,Spain,French,Korean|Russian,free,35-44,Other,Exam,2025-04
HT_017348,2025-08-14,Australia,Chinese,English,free,18-24,Other,Travel,2025-08
HT_017349,2026-03-22,South Korea,Dutch,German|Spanish|Portuguese,free,25-34,M,Hobby,2026-03
HT_017350,2025-06-30,France,Chinese,Japanese|Russian,free,18-24,Other,Hobby,2025-06
HT_017351,2025-07-18,UK,German,Chinese|Korean,premium,35-44,Other,Travel,2025-07
HT_017352,2025-10-08,China,Chinese,English,free,18-24,Other,Hobby,2025-10
HT_017353,2026-04-02,UK,English,Arabic,free,18-24,F,Immigration,2026-04
HT_017354,2026-03-02,China,Korean,Russian|French,free,35-44,M,Exam,2026-03
HT_017355,2025-07-29,Germany,Japanese,Portuguese,free,35-44,F,Hobby,2025-07
HT_017356,2025-10-02,Australia,French,Chinese,free,25-34,F,Exam,2025-10
HT_017357,2026-01-07,France,Korean,Dutch|Spanish|Chinese,free,18-24,F,Business,2026-01
HT_017358,2025-11-27,Australia,Italian,Japanese|Portuguese|Russian,free,18-24,F,Immigration,2025-11
HT_017359,2026-04-09,Australia,Russian,English|Chinese,free,18-24,M,Hobby,2026-04
HT_017360,2026-04-03,South Korea,Japanese,Dutch|Portuguese,free,18-24,F,Immigration,2026-04
HT_017361,2025-12-16,Brazil,Portuguese,Chinese|Arabic|Korean,free,25-34,Other,Business,2025-12
HT_017362,2025-12-05,Spain,French,Chinese,free,35-44,Other,Exam,2025-12
HT_017363,2026-02-08,China,German,Korean|Arabic,free,25-34,M,Hobby,2026-02
HT_017364,2026-03-24,Germany,Portuguese,German,free,18-24,F,Immigration,2026-03
HT_017365,2026-02-06,Australia,Russian,French,free,25-34,M,Immigration,2026-02
HT_017366,2025-05-16,South Korea,English,Italian|Spanish|Chinese,free,35-44,M,Travel,2025-05
HT_017367,2025-06-11,Mexico,Portuguese,Spanish|German,free,18-24,M,Exam,2025-06
HT_017368,2025-11-24,Japan,Chinese,Arabic,free,45+,M,Hobby,2025-11
HT_017369,2026-03-02,Spain,Chinese,Korean,free,18-24,M,Hobby,2026-03
HT_017370,2026-03-23,Spain,English,Korean|Dutch|Arabic,free,18-24,Other,Travel,2026-03
HT_017371,2025-06-09,Australia,Korean,French|English,free,25-34,Other,Immigration,2025-06
HT_017372,2026-04-03,Mexico,Dutch,Russian|French|German,free,35-44,M,Hobby,2026-04
HT_017373,2025-04-19,China,English,Chinese,free,25-34,M,Business,2025-04
HT_017374,2025-10-13,Japan,Italian,Arabic|Japanese|Dutch,free,18-24,F,Business,2025-10
HT_017375,2025-12-28,Canada,Spanish,Portuguese,free,18-24,F,Immigration,2025-12
HT_017376,2025-05-26,Mexico,English,Dutch,free,18-24,F,Travel,2025-05
HT_017377,2025-11-26,UK,Russian,Chinese|English|Portuguese,premium,18-24,F,Hobby,2025-11
HT_017378,2025-10-09,UK,Italian,Chinese|Korean,free,18-24,Other,Immigration,2025-10
HT_017379,2025-10-29,Canada,Portuguese,Arabic|Russian,free,25-34,M,Business,2025-10
HT_017380,2025-08-15,Australia,English,Dutch|Portuguese,free,18-24,Other,Immigration,2025-08
HT_017381,2025-10-08,Canada,Dutch,Arabic,premium,18-24,M,Hobby,2025-10
HT_017382,2025-11-24,Germany,Russian,Korean|French,free,18-24,Other,Exam,2025-11
HT_017383,2026-01-30,Brazil,Portuguese,Dutch|Japanese,free,25-34,F,Travel,2026-01
HT_017384,2025-05-04,China,Arabic,Chinese|French|Japanese,free,45+,Other,Exam,2025-05
HT_017385,2026-01-06,South Korea,Dutch,English|Italian|Japanese,free,25-34,F,Business,2026-01
HT_017386,2026-02-07,Canada,Dutch,English,free,25-34,F,Hobby,2026-02
HT_017387,2025-06-22,Mexico,Korean,Dutch|Spanish|Arabic,premium,45+,M,Travel,2025-06
HT_017388,2025-10-24,China,Japanese,English|Korean,free,45+,Other,Travel,2025-10
HT_017389,2025-10-31,China,Korean,Russian,premium,18-24,Other,Exam,2025-10
HT_017390,2026-02-21,Australia,Spanish,French,free,25-34,M,Immigration,2026-02
HT_017391,2025-09-26,Germany,Chinese,Dutch|Arabic,free,25-34,M,Business,2025-09
HT_017392,2025-09-18,France,Korean,Russian,free,18-24,M,Immigration,2025-09
HT_017393,2025-10-31,Japan,Korean,Portuguese|French,free,25-34,F,Hobby,2025-10
HT_017394,2026-01-29,USA,Arabic,Italian|Russian|Portuguese,premium,18-24,M,Immigration,2026-01
HT_017395,2025-07-12,Spain,Dutch,Spanish|Arabic|French,premium,45+,M,Business,2025-07
HT_017396,2025-11-14,France,English,Spanish|Russian|Dutch,free,35-44,M,Travel,2025-11
HT_017397,2026-03-10,France,English,Portuguese,free,25-34,M,Business,2026-03
HT_017398,2026-03-26,Mexico,Portuguese,Russian,free,35-44,M,Exam,2026-03
HT_017399,2025-11-01,Spain,Italian,Spanish|English,premium,18-24,M,Business,2025-11
HT_017400,2026-03-16,Australia,Chinese,Japanese|French,free,18-24,M,Hobby,2026-03
HT_017401,2025-08-30,Japan,Dutch,Russian|French,free,25-34,Other,Business,2025-08
HT_017402,2025-04-14,China,Russian,English|Korean|Japanese,free,18-24,Other,Immigration,2025-04
HT_017403,2025-08-29,Brazil,Italian,Korean,free,25-34,M,Travel,2025-08
HT_017404,2026-03-28,Japan,Chinese,Japanese,free,18-24,M,Hobby,2026-03
HT_017405,2025-08-01,Spain,Dutch,French,free,25-34,M,Travel,2025-08
HT_017406,2026-04-02,Brazil,Italian,Arabic|English|Dutch,premium,25-34,F,Hobby,2026-04
HT_017407,2025-05-29,France,Japanese,Chinese|English,premium,18-24,Other,Exam,2025-05
HT_017408,2025-10-09,Brazil,English,Portuguese,free,25-34,M,Exam,2025-10
HT_017409,2025-10-04,South Korea,Russian,Japanese|Korean,free,25-34,F,Hobby,2025-10
HT_017410,2025-07-02,France,Dutch,Arabic|Spanish|Japanese,free,25-34,F,Travel,2025-07
HT_017411,2026-03-31,Mexico,Italian,Korean|Chinese,free,25-34,F,Travel,2026-03
HT_017412,2025-07-19,Spain,Italian,Korean|Russian|Chinese,free,35-44,Other,Travel,2025-07
HT_017413,2025-11-22,China,English,German,free,18-24,F,Immigration,2025-11
HT_017414,2026-01-11,Brazil,Portuguese,Chinese,free,45+,Other,Exam,2026-01
HT_017415,2026-03-16,France,Korean,Spanish|Dutch,premium,45+,M,Travel,2026-03
HT_017416,2026-01-05,France,Korean,Dutch,free,25-34,M,Business,2026-01
HT_017417,2025-11-11,USA,French,Italian|Japanese|German,free,35-44,F,Immigration,2025-11
HT_017418,2025-07-18,France,Korean,Dutch|German,free,25-34,F,Travel,2025-07
HT_017419,2026-01-12,Germany,Japanese,Chinese,free,35-44,Other,Travel,2026-01
HT_017420,2025-07-13,Japan,Japanese,Portuguese|English,free,18-24,F,Travel,2025-07
HT_017421,2025-11-09,Brazil,Japanese,Russian|Arabic,premium,18-24,Other,Exam,2025-11
HT_017422,2026-03-18,Mexico,German,Spanish|Russian|Chinese,premium,25-34,F,Exam,2026-03
HT_017423,2026-02-09,France,Portuguese,Chinese|Korean,free,18-24,F,Business,2026-02
HT_017424,2025-04-19,Australia,Spanish,French,premium,18-24,M,Exam,2025-04
HT_017425,2025-10-30,France,Japanese,English,premium,25-34,Other,Business,2025-10
HT_017426,2026-02-11,Mexico,Italian,Chinese|French|Korean,free,18-24,Other,Travel,2026-02
HT_017427,2025-09-14,Australia,Chinese,Russian|Spanish|Portuguese,free,35-44,F,Travel,2025-09
HT_017428,2025-11-25,China,German,Spanish|Russian|Dutch,free,25-34,Other,Hobby,2025-11
HT_017429,2025-06-25,Spain,Russian,English|Chinese,free,18-24,Other,Exam,2025-06
HT_017430,2025-06-28,South Korea,Portuguese,English,free,25-34,M,Exam,2025-06
HT_017431,2025-07-09,USA,Dutch,Korean,free,35-44,M,Immigration,2025-07
HT_017432,2026-03-12,China,Korean,Japanese|Chinese,free,18-24,M,Travel,2026-03
HT_017433,2025-09-19,Japan,French,Dutch|Arabic,premium,35-44,M,Travel,2025-09
HT_017434,2026-01-02,Canada,Japanese,Dutch,free,25-34,M,Hobby,2026-01
HT_017435,2025-07-29,Canada,Japanese,Portuguese|French|Spanish,premium,25-34,F,Immigration,2025-07
HT_017436,2025-10-04,Mexico,Portuguese,French|Spanish|English,free,45+,F,Hobby,2025-10
HT_017437,2025-07-01,Spain,Russian,Dutch,free,25-34,F,Travel,2025-07
HT_017438,2025-05-24,Spain,Chinese,Russian,premium,35-44,F,Hobby,2025-05
HT_017439,2026-01-09,France,English,Russian|Italian|Spanish,free,45+,F,Business,2026-01
HT_017440,2025-12-17,Japan,German,Korean,premium,18-24,Other,Hobby,2025-12
HT_017441,2025-06-25,South Korea,Russian,Korean,free,25-34,M,Business,2025-06
HT_017442,2025-11-30,China,Russian,German|Korean|Portuguese,free,35-44,F,Business,2025-11
HT_017443,2025-10-22,France,Japanese,English|Portuguese,premium,45+,Other,Business,2025-10
HT_017444,2026-03-10,USA,Chinese,Arabic|French,free,25-34,M,Hobby,2026-03
HT_017445,2026-01-18,Australia,Arabic,Japanese,premium,45+,F,Immigration,2026-01
HT_017446,2026-04-01,Australia,Spanish,Arabic|Korean|French,free,18-24,M,Immigration,2026-04
HT_017447,2025-04-14,Australia,Spanish,German|Italian,free,18-24,F,Exam,2025-04
HT_017448,2025-05-27,UK,Russian,Arabic|Portuguese,premium,18-24,F,Immigration,2025-05
HT_017449,2025-04-17,Spain,Chinese,Korean|Arabic|Portuguese,free,18-24,F,Hobby,2025-04
HT_017450,2025-11-14,Spain,German,English|Chinese|Arabic,free,35-44,F,Business,2025-11
HT_017451,2025-06-23,China,German,Korean|Russian|French,free,18-24,Other,Travel,2025-06
HT_017452,2025-08-22,China,Japanese,Chinese|Arabic|Dutch,free,18-24,F,Immigration,2025-08
HT_017453,2025-05-09,Canada,Dutch,Italian|English,free,25-34,Other,Exam,2025-05
HT_017454,2025-10-27,Brazil,Italian,Chinese,free,35-44,M,Business,2025-10
HT_017455,2025-04-21,USA,Italian,Spanish|Dutch,premium,25-34,M,Travel,2025-04
HT_017456,2025-08-29,Japan,Korean,Russian,free,35-44,M,Travel,2025-08
HT_017457,2026-01-13,Germany,Arabic,Spanish,free,25-34,F,Business,2026-01
HT_017458,2025-07-16,USA,Russian,Dutch,free,25-34,Other,Hobby,2025-07
HT_017459,2026-01-12,France,Dutch,Portuguese|English|Japanese,free,35-44,M,Hobby,2026-01
HT_017460,2025-07-11,Germany,Dutch,French|Spanish,free,35-44,M,Business,2025-07
HT_017461,2025-05-20,Brazil,Arabic,Dutch,free,18-24,M,Exam,2025-05
HT_017462,2026-02-21,USA,Chinese,English|German,free,25-34,Other,Business,2026-02
HT_017463,2025-07-10,Australia,Italian,Dutch|Spanish|Russian,free,18-24,Other,Immigration,2025-07
HT_017464,2025-08-22,Japan,English,Dutch,free,18-24,F,Hobby,2025-08
HT_017465,2025-08-10,France,Chinese,Dutch|Korean,free,25-34,M,Travel,2025-08
HT_017466,2025-08-09,Mexico,Dutch,Japanese,free,25-34,Other,Immigration,2025-08
HT_017467,2026-02-28,UK,Portuguese,Dutch|Italian|Japanese,free,35-44,Other,Travel,2026-02
HT_017468,2026-01-05,Japan,Portuguese,French|Russian|Chinese,free,25-34,Other,Travel,2026-01
HT_017469,2025-08-24,Spain,Portuguese,Chinese,free,18-24,M,Immigration,2025-08
HT_017470,2025-05-27,USA,Spanish,Portuguese|Italian,free,25-34,Other,Travel,2025-05
HT_017471,2026-01-14,Spain,French,German|Arabic,premium,18-24,M,Travel,2026-01
HT_017472,2026-02-08,Brazil,English,Korean,free,25-34,Other,Travel,2026-02
HT_017473,2025-11-30,Spain,Portuguese,German|Arabic,premium,35-44,M,Hobby,2025-11
HT_017474,2025-08-27,USA,Portuguese,Korean|Chinese,free,25-34,Other,Hobby,2025-08
HT_017475,2025-08-29,UK,Chinese,Korean|Italian,free,35-44,Other,Business,2025-08
HT_017476,2026-02-07,Germany,Korean,Italian|Russian,free,35-44,F,Business,2026-02
HT_017477,2026-03-19,Brazil,French,Japanese,free,18-24,F,Immigration,2026-03
HT_017478,2025-08-21,Germany,French,Dutch|Portuguese,premium,18-24,Other,Business,2025-08
HT_017479,2026-04-09,Germany,French,Portuguese|Russian|German,free,35-44,M,Immigration,2026-04
HT_017480,2025-10-19,China,Arabic,Italian,free,25-34,Other,Exam,2025-10
HT_017481,2026-04-02,Australia,Italian,Russian|German,free,18-24,F,Hobby,2026-04
HT_017482,2025-05-07,South Korea,German,French|Italian|Portuguese,premium,18-24,M,Exam,2025-05
HT_017483,2026-03-10,Canada,Japanese,Dutch|Chinese|Italian,free,18-24,Other,Business,2026-03
HT_017484,2026-01-03,Mexico,Portuguese,Japanese,free,35-44,F,Exam,2026-01
HT_017485,2025-06-10,Japan,German,Dutch|Spanish,free,35-44,M,Exam,2025-06
HT_017486,2025-11-29,China,Korean,Portuguese,free,35-44,M,Hobby,2025-11
HT_017487,2025-09-27,Australia,Spanish,Chinese,free,35-44,Other,Travel,2025-09
HT_017488,2025-11-14,Brazil,German,Chinese,free,18-24,Other,Immigration,2025-11
HT_017489,2025-12-25,Australia,Arabic,Spanish,free,18-24,F,Business,2025-12
HT_017490,2026-02-19,UK,Korean,Chinese,free,18-24,F,Hobby,2026-02
HT_017491,2025-06-15,China,Italian,Chinese,free,45+,F,Hobby,2025-06
HT_017492,2025-11-16,Australia,Japanese,Dutch,free,18-24,F,Travel,2025-11
HT_017493,2025-06-24,Brazil,Portuguese,Arabic|Spanish|Russian,premium,35-44,F,Immigration,2025-06
HT_017494,2025-06-22,UK,Portuguese,Russian,free,18-24,M,Business,2025-06
HT_017495,2026-03-20,Mexico,German,English|Chinese,premium,25-34,F,Exam,2026-03
HT_017496,2025-11-15,USA,Arabic,Japanese|Chinese|Korean,free,25-34,M,Business,2025-11
HT_017497,2025-08-30,France,Arabic,Dutch,free,18-24,F,Business,2025-08
HT_017498,2026-04-06,Spain,German,Russian|Arabic|English,free,18-24,M,Business,2026-04
HT_017499,2026-02-02,France,Russian,Portuguese|English,premium,18-24,Other,Hobby,2026-02
HT_017500,2025-06-10,Australia,Korean,English|Chinese|Portuguese,free,25-34,Other,Business,2025-06
HT_017501,2025-05-18,UK,German,English|Chinese,free,25-34,Other,Immigration,2025-05
HT_017502,2026-02-02,Mexico,English,German|Italian,free,25-34,Other,Exam,2026-02
HT_017503,2026-03-24,Japan,Dutch,Korean|Spanish,free,45+,Other,Hobby,2026-03
HT_017504,2025-07-09,France,Chinese,Dutch,premium,35-44,M,Travel,2025-07
HT_017505,2026-04-05,South Korea,Korean,German,free,45+,Other,Immigration,2026-04
HT_017506,2025-08-25,Australia,Arabic,Portuguese,free,25-34,F,Business,2025-08
HT_017507,2025-12-26,Spain,French,Russian|Spanish|English,free,25-34,F,Immigration,2025-12
HT_017508,2025-10-30,France,Arabic,English,premium,25-34,F,Immigration,2025-10
HT_017509,2025-10-21,Australia,Chinese,Dutch|Arabic,premium,18-24,M,Hobby,2025-10
HT_017510,2025-09-28,Japan,Chinese,Russian|French|English,free,45+,M,Travel,2025-09
HT_017511,2025-11-10,Brazil,Portuguese,French|English,free,35-44,F,Hobby,2025-11
HT_017512,2025-05-05,Japan,German,Portuguese|Dutch|Arabic,free,35-44,M,Travel,2025-05
HT_017513,2025-09-02,Germany,English,German|Japanese|Italian,premium,18-24,F,Business,2025-09
HT_017514,2025-10-18,Australia,Japanese,Spanish,free,25-34,F,Travel,2025-10
HT_017515,2025-09-15,Australia,Arabic,Korean|Japanese|German,free,35-44,M,Travel,2025-09
HT_017516,2025-11-15,UK,French,Italian,free,25-34,Other,Hobby,2025-11
HT_017517,2025-05-04,South Korea,German,Dutch|Portuguese,free,35-44,Other,Hobby,2025-05
HT_017518,2026-02-06,USA,French,Italian|Spanish|Russian,free,45+,Other,Travel,2026-02
HT_017519,2025-11-25,Canada,English,Italian|Spanish,free,25-34,Other,Travel,2025-11
HT_017520,2026-02-12,South Korea,Chinese,Arabic|Dutch,free,25-34,F,Immigration,2026-02
HT_017521,2025-08-17,Australia,Arabic,English|Chinese,free,45+,M,Immigration,2025-08
HT_017522,2025-10-24,Mexico,Arabic,Chinese|French|Italian,premium,25-34,F,Travel,2025-10
HT_017523,2025-06-11,Canada,Russian,German,premium,18-24,Other,Exam,2025-06
HT_017524,2025-10-26,Germany,Korean,Italian|Chinese|Russian,free,25-34,Other,Exam,2025-10
HT_017525,2025-12-12,Canada,German,Spanish|Chinese|Korean,premium,25-34,M,Immigration,2025-12
HT_017526,2026-01-03,Germany,English,Spanish,free,25-34,M,Business,2026-01
HT_017527,2026-01-24,Mexico,Japanese,Korean,free,25-34,F,Business,2026-01
HT_017528,2026-03-05,South Korea,Portuguese,Chinese,free,35-44,F,Exam,2026-03
HT_017529,2025-09-05,France,Arabic,Dutch,free,18-24,Other,Exam,2025-09
HT_017530,2025-12-02,Brazil,Russian,Japanese|Arabic,free,18-24,M,Exam,2025-12
HT_017531,2025-07-18,USA,Korean,French|Italian,free,25-34,M,Exam,2025-07
HT_017532,2025-08-10,China,German,French|Arabic|Japanese,free,25-34,M,Exam,2025-08
HT_017533,2025-05-21,Spain,French,Japanese|Arabic|Russian,free,18-24,M,Immigration,2025-05
HT_017534,2025-08-13,UK,Dutch,Japanese|Chinese,free,35-44,M,Exam,2025-08
HT_017535,2026-02-27,Australia,Dutch,Arabic,free,25-34,Other,Hobby,2026-02
HT_017536,2025-05-16,Germany,Korean,Spanish,free,35-44,M,Business,2025-05
HT_017537,2026-01-19,Mexico,French,German|Italian|Japanese,free,18-24,F,Travel,2026-01
HT_017538,2025-10-06,Canada,Dutch,Italian|Korean|Chinese,premium,18-24,M,Exam,2025-10
HT_017539,2025-08-27,South Korea,Italian,French|German,free,25-34,F,Hobby,2025-08
HT_017540,2025-08-18,Japan,French,Korean|German|Portuguese,premium,25-34,M,Hobby,2025-08
HT_017541,2026-01-05,Spain,French,Italian|German|Japanese,premium,18-24,M,Travel,2026-01
HT_017542,2025-10-22,Germany,Italian,Chinese|Korean|French,free,35-44,M,Hobby,2025-10
HT_017543,2025-09-13,Mexico,Japanese,Dutch|Russian|Portuguese,free,35-44,F,Exam,2025-09
HT_017544,2026-04-11,France,Spanish,English|Portuguese,premium,25-34,M,Hobby,2026-04
HT_017545,2026-01-10,UK,Russian,Korean,free,35-44,F,Immigration,2026-01
HT_017546,2025-09-10,Brazil,French,German,free,25-34,F,Travel,2025-09
HT_017547,2025-10-30,France,Portuguese,Italian|Russian,free,18-24,M,Travel,2025-10
HT_017548,2025-07-08,Japan,Russian,French|Italian|German,free,45+,F,Immigration,2025-07
HT_017549,2025-04-29,Japan,Italian,Arabic|German|Dutch,free,25-34,F,Hobby,2025-04
HT_017550,2025-06-05,Brazil,English,Spanish|Chinese|Korean,free,18-24,M,Travel,2025-06
HT_017551,2025-08-04,Mexico,French,Japanese|Portuguese|Italian,premium,35-44,F,Hobby,2025-08
HT_017552,2025-10-01,USA,Arabic,English,free,25-34,M,Exam,2025-10
HT_017553,2026-02-19,Germany,Arabic,Spanish,free,25-34,F,Immigration,2026-02
HT_017554,2025-09-21,Canada,Italian,Portuguese|Korean,free,25-34,F,Immigration,2025-09
HT_017555,2025-11-17,Canada,Korean,Japanese,premium,25-34,M,Travel,2025-11
HT_017556,2025-05-30,France,Spanish,French,premium,18-24,M,Exam,2025-05
HT_017557,2026-04-05,USA,Japanese,Spanish,free,18-24,F,Immigration,2026-04
HT_017558,2025-06-01,Spain,French,Portuguese|Spanish,free,18-24,M,Hobby,2025-06
HT_017559,2026-01-22,Australia,Russian,Arabic|German|Korean,free,18-24,M,Business,2026-01
HT_017560,2025-04-15,USA,Russian,French|Chinese|Korean,free,35-44,F,Business,2025-04
HT_017561,2026-02-28,China,German,Korean,premium,25-34,F,Immigration,2026-02
HT_017562,2026-02-25,Japan,Dutch,Chinese|German,premium,25-34,Other,Travel,2026-02
HT_017563,2025-05-24,USA,Spanish,Italian,free,35-44,M,Hobby,2025-05
HT_017564,2025-06-24,Spain,Italian,Dutch|English,free,25-34,Other,Travel,2025-06
HT_017565,2025-09-06,South Korea,Arabic,Spanish|Portuguese,free,18-24,Other,Travel,2025-09
HT_017566,2025-06-01,Brazil,French,Arabic,premium,45+,M,Exam,2025-06
HT_017567,2025-04-25,Brazil,English,German|French,free,35-44,M,Exam,2025-04
HT_017568,2026-01-20,Australia,German,English,premium,18-24,F,Hobby,2026-01
HT_017569,2026-04-10,South Korea,Arabic,German|English,free,18-24,Other,Hobby,2026-04
HT_017570,2025-07-04,Australia,Italian,French|English|Korean,free,35-44,Other,Hobby,2025-07
HT_017571,2025-06-01,Japan,Portuguese,Arabic,free,25-34,Other,Hobby,2025-06
HT_017572,2026-03-24,South Korea,French,Russian,free,45+,F,Immigration,2026-03
HT_017573,2025-12-25,France,Korean,Japanese|Spanish|English,free,25-34,Other,Immigration,2025-12
HT_017574,2026-01-28,South Korea,Dutch,Portuguese,free,25-34,Other,Hobby,2026-01
HT_017575,2026-01-30,Spain,Italian,German,free,18-24,F,Hobby,2026-01
HT_017576,2025-11-23,France,French,Chinese|Korean,free,25-34,F,Travel,2025-11
HT_017577,2026-02-26,China,Arabic,German,free,25-34,Other,Business,2026-02
HT_017578,2026-03-19,Japan,Japanese,Portuguese|Dutch|Russian,free,45+,Other,Business,2026-03
HT_017579,2025-12-24,France,English,French|Korean|Spanish,free,35-44,M,Hobby,2025-12
HT_017580,2025-12-03,Japan,Arabic,French|Russian|Italian,free,18-24,F,Travel,2025-12
HT_017581,2025-11-05,Mexico,Korean,Russian|Arabic,free,35-44,M,Immigration,2025-11
HT_017582,2025-04-26,Mexico,Spanish,German|Italian,free,25-34,F,Immigration,2025-04
HT_017583,2025-04-17,Canada,Chinese,English|French|Russian,free,25-34,F,Business,2025-04
HT_017584,2025-10-27,South Korea,Dutch,French|Portuguese,free,35-44,M,Business,2025-10
HT_017585,2026-02-13,Mexico,Chinese,Italian|Spanish,free,18-24,Other,Immigration,2026-02
HT_017586,2025-12-19,France,English,Dutch|Russian,free,25-34,Other,Travel,2025-12
HT_017587,2026-01-31,Canada,English,Italian|Spanish|Arabic,free,25-34,Other,Travel,2026-01
HT_017588,2025-12-24,Spain,English,Arabic|Portuguese,free,18-24,F,Exam,2025-12
HT_017589,2025-04-22,Spain,Portuguese,Spanish|Japanese,free,18-24,F,Hobby,2025-04
HT_017590,2025-08-21,Brazil,Italian,Spanish|Dutch,premium,25-34,F,Travel,2025-08
HT_017591,2025-10-19,Spain,Chinese,Dutch,premium,25-34,Other,Business,2025-10
HT_017592,2025-06-15,China,Spanish,Italian,premium,35-44,M,Business,2025-06
HT_017593,2026-03-20,Canada,Portuguese,German,free,25-34,F,Hobby,2026-03
HT_017594,2025-10-12,France,Russian,Spanish|English,free,18-24,M,Business,2025-10
HT_017595,2025-12-17,Brazil,French,Arabic|Portuguese|German,free,25-34,F,Business,2025-12
HT_017596,2026-02-11,UK,Russian,Korean|English|Arabic,free,18-24,F,Travel,2026-02
HT_017597,2025-11-06,South Korea,Arabic,English,free,45+,Other,Immigration,2025-11
HT_017598,2025-12-10,Brazil,Russian,Spanish,free,18-24,F,Immigration,2025-12
HT_017599,2025-10-20,Australia,Italian,Spanish,premium,25-34,Other,Hobby,2025-10
HT_017600,2025-11-19,South Korea,Arabic,Korean|Russian,premium,35-44,M,Business,2025-11
HT_017601,2025-06-19,Japan,Korean,Dutch|Portuguese,free,18-24,Other,Immigration,2025-06
HT_017602,2025-06-02,Germany,Korean,Portuguese,premium,25-34,M,Hobby,2025-06
HT_017603,2026-01-12,Australia,Arabic,Chinese,free,25-34,F,Hobby,2026-01
HT_017604,2025-08-04,France,German,English|Russian|Korean,free,18-24,Other,Business,2025-08
HT_017605,2025-07-07,China,English,French,free,25-34,F,Travel,2025-07
HT_017606,2025-11-25,Canada,Japanese,Korean|Arabic|Spanish,free,18-24,F,Business,2025-11
HT_017607,2026-02-28,Canada,Arabic,French|Korean,premium,18-24,Other,Business,2026-02
HT_017608,2025-07-25,Japan,French,German,free,18-24,M,Hobby,2025-07
HT_017609,2025-11-26,USA,Spanish,Dutch,free,35-44,M,Exam,2025-11
HT_017610,2025-07-11,UK,Korean,Spanish,free,18-24,M,Hobby,2025-07
HT_017611,2025-10-26,France,Portuguese,Korean|Dutch|Spanish,free,45+,F,Hobby,2025-10
HT_017612,2025-09-30,Mexico,Japanese,Korean|Italian,premium,25-34,Other,Business,2025-09
HT_017613,2025-06-14,China,Korean,Spanish,free,35-44,F,Business,2025-06
HT_017614,2025-06-29,USA,Italian,German,premium,25-34,M,Immigration,2025-06
HT_017615,2026-01-22,China,Dutch,English|Portuguese,free,25-34,Other,Business,2026-01
HT_017616,2026-02-06,Canada,Italian,Dutch|Korean,free,45+,Other,Business,2026-02
HT_017617,2025-08-21,Mexico,Japanese,German|Spanish|Portuguese,free,35-44,Other,Exam,2025-08
HT_017618,2025-11-11,China,Portuguese,French|Italian|Chinese,free,18-24,M,Travel,2025-11
HT_017619,2025-12-21,UK,Italian,Dutch|Portuguese|French,free,25-34,F,Travel,2025-12
HT_017620,2026-01-11,Japan,Dutch,French|Arabic,free,18-24,M,Business,2026-01
HT_017621,2025-07-26,Mexico,Russian,Arabic|Korean|French,free,35-44,F,Immigration,2025-07
HT_017622,2025-07-05,USA,Russian,Chinese,free,25-34,Other,Business,2025-07
HT_017623,2025-08-16,China,Japanese,German|Italian,free,35-44,F,Hobby,2025-08
HT_017624,2025-04-22,Spain,Korean,Arabic|Dutch,free,18-24,M,Exam,2025-04
HT_017625,2025-07-24,UK,Russian,Chinese|Arabic,premium,35-44,Other,Immigration,2025-07
HT_017626,2025-11-06,UK,Chinese,Korean,free,18-24,Other,Immigration,2025-11
HT_017627,2025-05-18,Australia,Italian,Korean|French,free,25-34,M,Travel,2025-05
HT_017628,2025-11-22,Canada,Spanish,Chinese|German|Italian,free,25-34,M,Travel,2025-11
HT_017629,2025-12-14,Australia,Korean,Italian|Japanese|Arabic,premium,25-34,Other,Hobby,2025-12
HT_017630,2026-03-21,Australia,German,English,free,25-34,F,Travel,2026-03
HT_017631,2025-07-28,Spain,Chinese,Arabic,free,18-24,Other,Immigration,2025-07
HT_017632,2025-10-08,UK,Italian,Chinese|Russian,free,25-34,M,Hobby,2025-10
HT_017633,2025-11-12,China,German,Chinese,free,18-24,Other,Travel,2025-11
HT_017634,2026-02-26,Australia,Chinese,Russian|Italian,free,18-24,F,Travel,2026-02
HT_017635,2026-02-01,South Korea,Portuguese,Chinese|Japanese|Arabic,free,35-44,F,Hobby,2026-02
HT_017636,2025-07-04,USA,Italian,Japanese|Portuguese,free,18-24,F,Exam,2025-07
HT_017637,2025-04-30,USA,Arabic,Japanese|Italian|Spanish,free,18-24,F,Business,2025-04
HT_017638,2025-11-29,Brazil,Korean,German|English|Japanese,premium,18-24,Other,Exam,2025-11
HT_017639,2025-08-02,France,Dutch,French|English|Italian,free,35-44,M,Hobby,2025-08
HT_017640,2026-03-07,Canada,Korean,German|French,free,25-34,M,Hobby,2026-03
HT_017641,2026-03-11,Germany,Dutch,Russian|Korean|Spanish,premium,25-34,Other,Travel,2026-03
HT_017642,2025-04-25,Australia,Dutch,Italian,free,18-24,M,Immigration,2025-04
HT_017643,2025-12-14,USA,English,Italian|Portuguese|Arabic,free,25-34,F,Exam,2025-12
HT_017644,2025-05-15,France,Italian,Japanese|Dutch,free,25-34,F,Travel,2025-05
HT_017645,2025-12-07,Germany,Arabic,Portuguese,free,25-34,M,Hobby,2025-12
HT_017646,2025-07-31,Japan,Spanish,Russian|Arabic,free,25-34,M,Immigration,2025-07
HT_017647,2026-03-15,Canada,Italian,German|Russian,free,25-34,F,Business,2026-03
HT_017648,2025-08-17,Mexico,Portuguese,Japanese,free,18-24,F,Travel,2025-08
HT_017649,2025-07-13,UK,Italian,Chinese,free,18-24,M,Travel,2025-07
HT_017650,2025-10-07,Brazil,Chinese,Arabic|Portuguese|Korean,free,35-44,M,Hobby,2025-10
HT_017651,2025-04-22,South Korea,Portuguese,German|Dutch,free,18-24,F,Travel,2025-04
HT_017652,2026-02-16,USA,English,Italian|Dutch|Korean,premium,25-34,M,Hobby,2026-02
HT_017653,2025-08-25,Spain,German,Russian|Arabic|Spanish,premium,18-24,M,Business,2025-08
HT_017654,2025-10-12,China,Chinese,Spanish|Italian,premium,18-24,F,Immigration,2025-10
HT_017655,2025-06-11,France,Arabic,Chinese,free,18-24,F,Travel,2025-06
HT_017656,2025-08-31,China,Arabic,Chinese|English|Japanese,free,35-44,M,Travel,2025-08
HT_017657,2026-01-28,South Korea,Spanish,Korean,free,25-34,F,Hobby,2026-01
HT_017658,2025-08-25,USA,Spanish,German,premium,25-34,M,Exam,2025-08
HT_017659,2025-11-17,USA,Italian,English|French,free,25-34,M,Exam,2025-11
HT_017660,2025-07-29,France,Russian,Portuguese,free,45+,Other,Travel,2025-07
HT_017661,2025-07-15,China,Korean,Dutch|Chinese,free,25-34,M,Travel,2025-07
HT_017662,2025-05-09,Japan,Chinese,Portuguese,free,35-44,F,Exam,2025-05
HT_017663,2025-07-03,China,Russian,French|Dutch,free,25-34,M,Immigration,2025-07
HT_017664,2026-01-17,China,Dutch,German,free,25-34,F,Hobby,2026-01
HT_017665,2026-03-08,Mexico,Japanese,French|German,free,35-44,M,Immigration,2026-03
HT_017666,2025-12-24,USA,Russian,Portuguese|Italian,premium,25-34,Other,Business,2025-12
HT_017667,2025-09-14,China,German,Dutch,free,25-34,M,Hobby,2025-09
HT_017668,2025-12-19,France,Arabic,Portuguese|Japanese|Spanish,free,35-44,Other,Hobby,2025-12
HT_017669,2025-08-28,Brazil,Dutch,Japanese,premium,18-24,Other,Immigration,2025-08
HT_017670,2025-11-06,Mexico,Korean,Spanish|Chinese,free,35-44,Other,Hobby,2025-11
HT_017671,2025-12-22,Mexico,Dutch,Russian|Arabic|Italian,free,35-44,M,Hobby,2025-12
HT_017672,2025-05-17,Brazil,Spanish,Korean|Dutch,free,25-34,F,Travel,2025-05
HT_017673,2026-04-06,Spain,Portuguese,Chinese|Spanish|Dutch,free,35-44,M,Hobby,2026-04
HT_017674,2025-05-16,Brazil,Japanese,Chinese|Arabic,free,35-44,F,Business,2025-05
HT_017675,2025-07-16,Spain,Italian,Spanish|German|Arabic,free,25-34,F,Travel,2025-07
HT_017676,2025-12-16,Germany,English,Korean|Chinese,free,18-24,Other,Immigration,2025-12
HT_017677,2025-05-21,Australia,Japanese,Chinese|German,free,25-34,F,Immigration,2025-05
HT_017678,2025-09-21,Germany,German,Portuguese|Arabic|Russian,premium,25-34,Other,Exam,2025-09
HT_017679,2026-03-11,Canada,Russian,Japanese|Portuguese,premium,25-34,F,Hobby,2026-03
HT_017680,2025-07-04,Spain,Portuguese,Italian,premium,18-24,Other,Exam,2025-07
HT_017681,2026-04-12,UK,Portuguese,Italian|French|Dutch,free,25-34,Other,Immigration,2026-04
HT_017682,2026-02-07,China,French,English,free,25-34,F,Travel,2026-02
HT_017683,2025-06-24,Mexico,German,Korean|Spanish,free,18-24,M,Business,2025-06
HT_017684,2026-02-11,Australia,Chinese,French,free,35-44,F,Exam,2026-02
HT_017685,2025-07-13,Canada,French,Italian|Russian|Dutch,free,18-24,M,Travel,2025-07
HT_017686,2025-12-16,Germany,English,Spanish|French|Chinese,free,25-34,F,Immigration,2025-12
HT_017687,2025-07-01,Germany,French,English|Japanese|Spanish,free,25-34,F,Exam,2025-07
HT_017688,2026-04-07,Spain,Russian,Dutch|German,free,25-34,Other,Exam,2026-04
HT_017689,2026-03-22,France,French,Arabic|Portuguese,free,25-34,F,Immigration,2026-03
HT_017690,2025-08-10,Germany,Spanish,Dutch|Arabic,free,25-34,F,Immigration,2025-08
HT_017691,2025-12-31,Germany,Dutch,Arabic|German|Russian,free,25-34,F,Hobby,2025-12
HT_017692,2025-07-04,UK,Italian,Chinese|Portuguese|Arabic,free,25-34,F,Travel,2025-07
HT_017693,2025-12-31,Japan,Chinese,German,free,35-44,M,Immigration,2025-12
HT_017694,2025-11-03,Brazil,French,Chinese,free,18-24,M,Hobby,2025-11
HT_017695,2025-06-03,Spain,Russian,Dutch|Chinese|English,free,18-24,Other,Exam,2025-06
HT_017696,2025-09-16,Canada,Russian,Spanish|Korean|Arabic,free,18-24,M,Hobby,2025-09
HT_017697,2025-12-13,Australia,Arabic,Chinese|Portuguese|German,free,35-44,F,Business,2025-12
HT_017698,2025-06-17,Canada,Chinese,Portuguese|Japanese,free,25-34,Other,Travel,2025-06
HT_017699,2025-12-17,South Korea,German,Russian|English|Arabic,free,25-34,Other,Exam,2025-12
HT_017700,2025-09-20,Brazil,Chinese,German,free,25-34,M,Business,2025-09
HT_017701,2026-02-20,Canada,Japanese,Chinese,free,35-44,M,Exam,2026-02
HT_017702,2026-04-09,Canada,Italian,English,free,18-24,M,Hobby,2026-04
HT_017703,2026-03-16,Australia,English,Korean|French|Russian,free,25-34,M,Travel,2026-03
HT_017704,2025-11-11,Australia,Spanish,Korean,free,35-44,F,Immigration,2025-11
HT_017705,2026-03-05,Australia,Japanese,Dutch|French,premium,25-34,F,Travel,2026-03
HT_017706,2026-04-03,UK,Japanese,Spanish|French,free,18-24,M,Hobby,2026-04
HT_017707,2025-06-07,UK,French,German|English,free,18-24,M,Exam,2025-06
HT_017708,2026-03-17,USA,Italian,Japanese|Dutch,free,18-24,Other,Travel,2026-03
HT_017709,2026-01-18,Canada,Chinese,Russian|English,free,18-24,F,Immigration,2026-01
HT_017710,2026-03-21,UK,Dutch,French|Arabic|Chinese,free,35-44,F,Hobby,2026-03
HT_017711,2025-08-22,Mexico,Russian,German,free,25-34,M,Exam,2025-08
HT_017712,2025-11-26,Brazil,Arabic,Italian,free,25-34,F,Business,2025-11
HT_017713,2025-04-24,China,Spanish,English|German,free,45+,M,Immigration,2025-04
HT_017714,2025-05-16,Spain,Dutch,German,free,35-44,Other,Immigration,2025-05
HT_017715,2025-10-14,Mexico,Japanese,Portuguese,free,18-24,F,Hobby,2025-10
HT_017716,2026-02-08,USA,Portuguese,French|Dutch,free,35-44,M,Hobby,2026-02
HT_017717,2026-04-09,South Korea,English,Spanish|German|Portuguese,free,35-44,Other,Exam,2026-04
HT_017718,2025-06-03,Brazil,Spanish,Korean,free,18-24,Other,Business,2025-06
HT_017719,2025-04-24,France,English,German,premium,35-44,F,Exam,2025-04
HT_017720,2025-09-03,Spain,Italian,French|Chinese,free,18-24,Other,Travel,2025-09
HT_017721,2025-08-25,China,French,Chinese|Italian|German,free,18-24,Other,Hobby,2025-08
HT_017722,2026-02-19,Japan,French,Spanish|Arabic,free,18-24,Other,Travel,2026-02
HT_017723,2025-12-04,Germany,Portuguese,Dutch|French,free,25-34,F,Hobby,2025-12
HT_017724,2025-07-17,USA,English,Chinese,free,25-34,M,Business,2025-07
HT_017725,2025-10-03,South Korea,French,Dutch|Spanish,free,18-24,Other,Business,2025-10
HT_017726,2026-03-28,Canada,Japanese,German|Korean,free,18-24,M,Immigration,2026-03
HT_017727,2026-01-12,Canada,Dutch,Chinese,free,18-24,F,Exam,2026-01
HT_017728,2026-02-05,Spain,Dutch,Russian|Chinese,free,18-24,F,Hobby,2026-02
HT_017729,2025-09-09,Australia,Dutch,Portuguese|English|Chinese,free,35-44,F,Exam,2025-09
HT_017730,2025-10-17,Japan,Japanese,Korean,free,18-24,Other,Travel,2025-10
HT_017731,2025-07-16,Australia,Spanish,Portuguese|French,free,35-44,F,Exam,2025-07
HT_017732,2025-11-27,Spain,Portuguese,Spanish|German,premium,35-44,F,Business,2025-11
HT_017733,2026-02-12,UK,Russian,French,free,18-24,F,Travel,2026-02
HT_017734,2025-11-22,Mexico,Portuguese,Chinese|Dutch|Russian,free,18-24,F,Business,2025-11
HT_017735,2025-05-28,South Korea,Japanese,Italian,premium,35-44,M,Hobby,2025-05
HT_017736,2025-04-24,Australia,Spanish,Chinese|Dutch|Arabic,free,18-24,M,Exam,2025-04
HT_017737,2025-07-28,Mexico,French,Dutch|German|Arabic,free,25-34,M,Hobby,2025-07
HT_017738,2026-01-12,Japan,Chinese,English,free,18-24,M,Hobby,2026-01
HT_017739,2025-05-13,China,Portuguese,English,free,18-24,M,Travel,2025-05
HT_017740,2026-04-03,UK,English,French|Chinese|Korean,free,18-24,F,Hobby,2026-04
HT_017741,2025-07-19,UK,Japanese,Russian|French,free,18-24,F,Immigration,2025-07
HT_017742,2026-02-05,Germany,Chinese,Portuguese|Russian,free,25-34,M,Hobby,2026-02
HT_017743,2025-06-11,USA,German,Spanish,free,25-34,M,Travel,2025-06
HT_017744,2026-01-09,South Korea,German,English|Portuguese|Russian,free,25-34,M,Business,2026-01
HT_017745,2025-05-07,Australia,Japanese,Portuguese|German,free,18-24,M,Exam,2025-05
HT_017746,2025-09-14,Germany,English,Italian|Arabic,free,25-34,F,Immigration,2025-09
HT_017747,2025-05-20,Brazil,Arabic,German|English|Dutch,free,18-24,Other,Travel,2025-05
HT_017748,2025-05-18,UK,Dutch,Italian|German|Korean,premium,35-44,M,Hobby,2025-05
HT_017749,2026-02-22,South Korea,Chinese,Korean|Arabic,free,25-34,M,Exam,2026-02
HT_017750,2025-12-14,Brazil,Italian,English|Japanese,free,18-24,Other,Business,2025-12
HT_017751,2025-08-20,USA,French,English|Spanish,free,18-24,F,Exam,2025-08
HT_017752,2026-01-22,UK,German,Arabic|Dutch|Portuguese,free,45+,M,Hobby,2026-01
HT_017753,2025-07-22,South Korea,Portuguese,Spanish|German,free,35-44,Other,Exam,2025-07
HT_017754,2025-06-17,China,English,French|German,free,45+,Other,Immigration,2025-06
HT_017755,2025-08-18,France,Spanish,Dutch,free,18-24,M,Exam,2025-08
HT_017756,2026-02-04,USA,Italian,German|Russian|Chinese,free,25-34,Other,Hobby,2026-02
HT_017757,2026-03-02,Spain,Chinese,Spanish,free,25-34,Other,Immigration,2026-03
HT_017758,2026-02-27,Australia,Portuguese,German|English,free,35-44,F,Hobby,2026-02
HT_017759,2025-07-14,China,English,Portuguese,free,18-24,M,Hobby,2025-07
HT_017760,2026-01-14,Germany,Italian,Portuguese,free,18-24,M,Immigration,2026-01
HT_017761,2025-11-26,South Korea,English,Korean|Japanese|Arabic,free,18-24,M,Business,2025-11
HT_017762,2025-12-16,Brazil,Arabic,Chinese,free,18-24,Other,Hobby,2025-12
HT_017763,2026-01-13,Germany,Arabic,Chinese,free,35-44,F,Immigration,2026-01
HT_017764,2025-11-16,USA,Korean,Dutch|Chinese|English,free,18-24,Other,Immigration,2025-11
HT_017765,2025-05-17,Canada,Korean,Dutch|Portuguese|Arabic,free,18-24,F,Travel,2025-05
HT_017766,2025-11-07,Canada,French,English|Chinese|Spanish,free,25-34,Other,Hobby,2025-11
HT_017767,2025-12-17,China,English,Dutch,free,45+,M,Business,2025-12
HT_017768,2025-04-25,Japan,English,Dutch|German,free,45+,F,Travel,2025-04
HT_017769,2026-03-21,Germany,English,Japanese,free,25-34,M,Business,2026-03
HT_017770,2025-10-01,USA,Russian,Arabic,free,25-34,Other,Immigration,2025-10
HT_017771,2025-12-09,South Korea,Korean,Russian|French,free,35-44,M,Business,2025-12
HT_017772,2025-08-18,USA,Dutch,Spanish,premium,25-34,M,Exam,2025-08
HT_017773,2025-12-06,Spain,Japanese,Spanish|Dutch|French,free,45+,Other,Business,2025-12
HT_017774,2025-06-25,South Korea,Dutch,Arabic|English|German,free,25-34,Other,Hobby,2025-06
HT_017775,2026-03-31,Mexico,Arabic,Spanish|French,free,35-44,F,Hobby,2026-03
HT_017776,2025-11-27,Japan,French,English|German,free,25-34,Other,Exam,2025-11
HT_017777,2026-03-04,China,French,Japanese|English|Spanish,free,18-24,Other,Business,2026-03
HT_017778,2025-12-14,Japan,Russian,Dutch,free,45+,F,Hobby,2025-12
HT_017779,2025-04-18,China,Spanish,Portuguese|Russian,free,25-34,F,Hobby,2025-04
HT_017780,2025-08-22,Mexico,Korean,German|Italian|English,free,25-34,F,Hobby,2025-08
HT_017781,2025-09-25,Mexico,German,Spanish|Arabic|Korean,free,25-34,M,Exam,2025-09
HT_017782,2025-08-23,Germany,German,English|Japanese|Korean,free,45+,M,Exam,2025-08
HT_017783,2026-02-26,Spain,Arabic,Chinese|English|German,free,35-44,M,Exam,2026-02
HT_017784,2026-01-30,UK,German,Chinese|Russian,premium,25-34,M,Exam,2026-01
HT_017785,2025-08-10,Canada,Spanish,Portuguese|French,free,25-34,Other,Travel,2025-08
HT_017786,2026-01-06,Canada,Korean,Dutch|Chinese|Russian,free,25-34,F,Hobby,2026-01
HT_017787,2025-10-09,Germany,Italian,German|Chinese|Dutch,free,25-34,F,Immigration,2025-10
HT_017788,2025-07-14,Japan,Italian,Korean|English|Spanish,free,18-24,Other,Hobby,2025-07
HT_017789,2026-03-03,Mexico,Arabic,German,free,25-34,F,Exam,2026-03
HT_017790,2025-10-14,UK,French,Russian|Arabic|Portuguese,free,45+,M,Immigration,2025-10
HT_017791,2025-08-18,Australia,French,Portuguese|English,free,25-34,Other,Exam,2025-08
HT_017792,2025-08-14,Brazil,Russian,French,free,25-34,F,Hobby,2025-08
HT_017793,2025-07-25,USA,Russian,Korean,free,25-34,M,Hobby,2025-07
HT_017794,2025-09-19,Japan,Russian,Arabic,free,25-34,M,Hobby,2025-09
HT_017795,2025-12-26,Brazil,Russian,Spanish|Dutch,free,18-24,Other,Exam,2025-12
HT_017796,2025-05-26,UK,German,French|Italian|Spanish,free,35-44,Other,Travel,2025-05
HT_017797,2025-12-21,USA,French,English,premium,18-24,Other,Hobby,2025-12
HT_017798,2025-07-09,Mexico,Arabic,French|Chinese|Korean,free,35-44,M,Exam,2025-07
HT_017799,2025-07-04,Canada,German,Chinese,free,25-34,Other,Immigration,2025-07
HT_017800,2026-01-01,Canada,Russian,Portuguese,free,18-24,M,Hobby,2026-01
HT_017801,2025-12-02,Brazil,Japanese,Russian|Chinese,free,18-24,F,Travel,2025-12
HT_017802,2025-10-12,China,Portuguese,Spanish|Italian|Dutch,free,25-34,M,Exam,2025-10
HT_017803,2026-02-28,Germany,Chinese,German|Korean|Italian,free,25-34,M,Travel,2026-02
HT_017804,2026-03-11,Canada,Arabic,Portuguese,free,35-44,F,Travel,2026-03
HT_017805,2026-01-22,Japan,Chinese,Russian|French,free,45+,F,Business,2026-01
HT_017806,2026-02-28,Brazil,Spanish,Russian|Korean,free,25-34,Other,Travel,2026-02
HT_017807,2025-06-19,USA,French,Japanese|Russian,free,35-44,F,Exam,2025-06
HT_017808,2026-02-08,Brazil,Japanese,Dutch|French|English,free,25-34,F,Business,2026-02
HT_017809,2025-10-02,Brazil,Chinese,Russian,free,18-24,F,Travel,2025-10
HT_017810,2026-02-15,Spain,Spanish,Portuguese,free,18-24,F,Exam,2026-02
HT_017811,2025-05-04,Australia,Korean,Dutch|English,free,45+,Other,Immigration,2025-05
HT_017812,2025-11-09,China,Dutch,Russian|Chinese|German,free,35-44,Other,Business,2025-11
HT_017813,2025-08-07,Germany,Italian,French|Dutch|Spanish,free,25-34,M,Immigration,2025-08
HT_017814,2025-08-29,USA,German,Portuguese,free,25-34,M,Business,2025-08
HT_017815,2025-05-02,UK,French,Italian,free,45+,M,Exam,2025-05
HT_017816,2025-12-20,Canada,Japanese,Dutch|English|Arabic,free,18-24,F,Immigration,2025-12
HT_017817,2025-12-24,Spain,Russian,Dutch|Spanish,free,35-44,M,Hobby,2025-12
HT_017818,2025-07-07,Mexico,Dutch,Spanish|Chinese,premium,35-44,Other,Immigration,2025-07
HT_017819,2026-02-21,Canada,Chinese,Japanese|Portuguese,free,25-34,M,Hobby,2026-02
HT_017820,2025-12-29,Japan,German,Spanish,free,18-24,Other,Travel,2025-12
HT_017821,2026-02-11,Mexico,Portuguese,Spanish|French|Russian,free,25-34,M,Immigration,2026-02
HT_017822,2025-05-13,Canada,Japanese,Russian,free,25-34,M,Business,2025-05
HT_017823,2025-09-13,Canada,Korean,Dutch,free,18-24,F,Travel,2025-09
HT_017824,2025-08-31,Mexico,French,Russian|Italian|Arabic,free,25-34,F,Hobby,2025-08
HT_017825,2026-01-23,UK,Portuguese,Spanish,free,25-34,M,Hobby,2026-01
HT_017826,2026-03-01,Germany,Arabic,Chinese|Dutch,free,35-44,F,Business,2026-03
HT_017827,2025-06-10,Brazil,Dutch,French|Chinese,free,18-24,F,Immigration,2025-06
HT_017828,2026-01-12,China,German,French|English,free,18-24,F,Exam,2026-01
HT_017829,2026-03-01,France,Arabic,Italian|Chinese,free,25-34,Other,Immigration,2026-03
HT_017830,2026-04-12,Spain,Spanish,Italian|Russian,free,25-34,Other,Business,2026-04
HT_017831,2025-11-16,Spain,Arabic,Portuguese,premium,35-44,M,Travel,2025-11
HT_017832,2026-03-04,UK,Korean,Dutch,premium,25-34,M,Business,2026-03
HT_017833,2025-11-07,South Korea,Russian,French|Italian,free,18-24,Other,Business,2025-11
HT_017834,2025-11-24,Brazil,Arabic,French|Italian|Russian,free,25-34,Other,Immigration,2025-11
HT_017835,2025-08-08,UK,Dutch,Arabic|French,free,45+,Other,Hobby,2025-08
HT_017836,2025-10-04,Brazil,Korean,Portuguese|Spanish|Dutch,free,35-44,M,Travel,2025-10
HT_017837,2025-05-01,Germany,German,Chinese|Italian|Russian,free,25-34,Other,Business,2025-05
HT_017838,2026-03-22,USA,Spanish,German|Portuguese|Russian,free,18-24,M,Exam,2026-03
HT_017839,2025-12-18,USA,German,English|French,premium,25-34,Other,Immigration,2025-12
HT_017840,2025-11-21,Brazil,Russian,French|Italian,free,25-34,M,Exam,2025-11
HT_017841,2025-11-21,USA,Dutch,French,free,18-24,F,Travel,2025-11
HT_017842,2025-07-15,UK,Spanish,Arabic,free,18-24,F,Exam,2025-07
HT_017843,2025-07-13,Japan,Dutch,Italian|Japanese|French,free,18-24,Other,Exam,2025-07
HT_017844,2026-02-12,Australia,Dutch,Portuguese,premium,25-34,F,Immigration,2026-02
HT_017845,2025-09-09,France,Japanese,English|Italian|Russian,free,35-44,F,Business,2025-09
HT_017846,2026-02-09,Spain,Italian,Dutch,free,25-34,M,Immigration,2026-02
HT_017847,2025-06-18,Brazil,Spanish,Japanese,free,25-34,Other,Hobby,2025-06
HT_017848,2025-08-28,Canada,Korean,Chinese,free,25-34,M,Exam,2025-08
HT_017849,2025-07-16,France,English,Korean|Arabic|Portuguese,free,25-34,Other,Hobby,2025-07
HT_017850,2025-11-11,Germany,Japanese,German,free,25-34,M,Immigration,2025-11
HT_017851,2025-10-22,Canada,Chinese,German|Korean|Arabic,free,25-34,Other,Business,2025-10
HT_017852,2026-01-25,Australia,Russian,Italian,free,25-34,F,Travel,2026-01
HT_017853,2025-04-13,Canada,Russian,Chinese,free,18-24,M,Immigration,2025-04
HT_017854,2025-05-22,South Korea,Japanese,German,free,35-44,M,Hobby,2025-05
HT_017855,2025-09-16,France,Arabic,Chinese,premium,35-44,F,Business,2025-09
HT_017856,2025-04-21,South Korea,Portuguese,French|Korean,free,35-44,M,Hobby,2025-04
HT_017857,2025-07-22,Australia,German,Russian|Portuguese|Dutch,free,18-24,F,Business,2025-07
HT_017858,2025-07-05,Germany,Dutch,Spanish|French,free,35-44,F,Exam,2025-07
HT_017859,2025-10-17,Germany,Dutch,French,free,45+,F,Hobby,2025-10
HT_017860,2025-08-07,South Korea,Dutch,Japanese|French,premium,35-44,M,Hobby,2025-08
HT_017861,2025-12-06,China,Spanish,Korean|Chinese|Portuguese,premium,35-44,Other,Travel,2025-12
HT_017862,2025-07-13,China,Italian,Spanish,free,25-34,M,Business,2025-07
HT_017863,2025-10-25,Australia,Spanish,Arabic,free,35-44,Other,Exam,2025-10
HT_017864,2025-07-09,UK,Japanese,French|Portuguese|Dutch,free,25-34,Other,Immigration,2025-07
HT_017865,2025-08-24,Brazil,German,Italian|French|Spanish,free,25-34,M,Immigration,2025-08
HT_017866,2026-03-08,Germany,Italian,French|Russian,premium,25-34,Other,Travel,2026-03
HT_017867,2025-05-25,Brazil,Japanese,French|Spanish,free,18-24,M,Hobby,2025-05
HT_017868,2026-02-28,Japan,Portuguese,Italian|German|Arabic,free,18-24,Other,Exam,2026-02
HT_017869,2026-01-16,UK,Korean,Dutch|Portuguese,free,18-24,F,Business,2026-01
HT_017870,2025-05-02,Spain,English,Arabic|French,free,35-44,M,Hobby,2025-05
HT_017871,2026-04-06,Brazil,Russian,Japanese,free,18-24,F,Exam,2026-04
HT_017872,2025-05-26,Spain,English,Dutch|French,free,35-44,F,Exam,2025-05
HT_017873,2025-10-27,Germany,Spanish,Japanese|French|Korean,free,18-24,Other,Travel,2025-10
HT_017874,2025-04-25,France,Dutch,Portuguese|Japanese|French,free,25-34,M,Exam,2025-04
HT_017875,2026-03-18,Spain,French,Chinese|Korean,free,45+,M,Immigration,2026-03
HT_017876,2025-06-04,China,English,Japanese,free,18-24,Other,Travel,2025-06
HT_017877,2025-04-17,Canada,Portuguese,English|Korean,free,25-34,Other,Hobby,2025-04
HT_017878,2026-03-26,Australia,Japanese,Portuguese,free,18-24,F,Business,2026-03
HT_017879,2026-04-07,Australia,Spanish,Dutch|Korean,free,35-44,Other,Travel,2026-04
HT_017880,2025-12-01,Australia,Portuguese,Arabic,free,25-34,M,Business,2025-12
HT_017881,2026-04-06,Spain,Chinese,Arabic,free,25-34,Other,Immigration,2026-04
HT_017882,2025-11-07,Canada,English,Italian|German|Portuguese,free,35-44,Other,Travel,2025-11
HT_017883,2025-05-26,Germany,Russian,French|German|Spanish,free,18-24,Other,Exam,2025-05
HT_017884,2025-04-27,Germany,Arabic,Chinese,free,18-24,M,Immigration,2025-04
HT_017885,2025-12-24,Germany,Portuguese,Russian|Italian,free,18-24,Other,Immigration,2025-12
HT_017886,2025-04-22,China,Italian,Dutch,free,18-24,M,Travel,2025-04
HT_017887,2025-08-06,Germany,Italian,English|Arabic,free,35-44,Other,Hobby,2025-08
HT_017888,2025-10-04,South Korea,Italian,Dutch|Japanese|Arabic,free,18-24,Other,Immigration,2025-10
HT_017889,2026-03-03,South Korea,Russian,English|French|Korean,free,18-24,F,Exam,2026-03
HT_017890,2026-02-08,USA,Portuguese,Korean|Italian|German,free,25-34,Other,Hobby,2026-02
HT_017891,2025-08-19,Spain,Arabic,Portuguese,free,35-44,Other,Immigration,2025-08
HT_017892,2025-07-11,Spain,English,Chinese,free,18-24,F,Immigration,2025-07
HT_017893,2026-03-10,Japan,German,Chinese|English,free,18-24,F,Immigration,2026-03
HT_017894,2026-04-08,Canada,Japanese,Dutch,free,18-24,Other,Business,2026-04
HT_017895,2025-06-20,France,Italian,English|French|Arabic,free,25-34,F,Hobby,2025-06
HT_017896,2026-01-15,USA,Chinese,Korean|Spanish|Arabic,free,25-34,M,Immigration,2026-01
HT_017897,2025-10-28,USA,Spanish,Arabic,free,18-24,Other,Immigration,2025-10
HT_017898,2026-01-22,China,French,Spanish|Russian,premium,35-44,M,Hobby,2026-01
HT_017899,2025-11-18,Brazil,English,Italian|Japanese,free,45+,M,Hobby,2025-11
HT_017900,2025-07-26,Japan,Spanish,Dutch|French|Korean,free,25-34,F,Travel,2025-07
HT_017901,2026-01-25,China,German,Dutch,free,35-44,F,Hobby,2026-01
HT_017902,2025-12-18,Spain,English,German|Spanish,free,45+,F,Hobby,2025-12
HT_017903,2025-11-15,Canada,Dutch,Russian|Korean|Italian,free,18-24,Other,Travel,2025-11
HT_017904,2025-08-14,South Korea,Korean,Italian,free,45+,F,Business,2025-08
HT_017905,2025-06-20,China,Korean,Dutch,free,18-24,M,Immigration,2025-06
HT_017906,2026-02-15,Brazil,Italian,Russian,free,18-24,Other,Business,2026-02
HT_017907,2025-10-16,Spain,Korean,French|Dutch,free,25-34,Other,Business,2025-10
HT_017908,2025-04-26,Canada,Spanish,German|Italian,free,25-34,M,Business,2025-04
HT_017909,2025-05-20,China,French,German,free,25-34,Other,Exam,2025-05
HT_017910,2025-08-22,France,Korean,Russian|English,free,25-34,Other,Business,2025-08
HT_017911,2025-10-11,Japan,Portuguese,Italian|Japanese|Chinese,free,25-34,M,Business,2025-10
HT_017912,2026-04-01,Canada,Russian,German,free,25-34,Other,Exam,2026-04
HT_017913,2026-02-16,China,Arabic,English,premium,25-34,F,Travel,2026-02
HT_017914,2025-11-23,Canada,Italian,Arabic|German|Japanese,free,45+,M,Immigration,2025-11
HT_017915,2025-12-15,Australia,English,French|Dutch|Japanese,free,25-34,F,Travel,2025-12
HT_017916,2025-12-20,Canada,Spanish,German|French,free,18-24,F,Exam,2025-12
HT_017917,2026-03-26,Japan,Russian,Korean|Italian|English,free,25-34,F,Business,2026-03
HT_017918,2025-06-26,Australia,German,Arabic|English|Portuguese,free,25-34,M,Immigration,2025-06
HT_017919,2025-11-27,Australia,Italian,Russian|French,free,18-24,Other,Travel,2025-11
HT_017920,2026-02-09,Brazil,Japanese,Dutch,free,25-34,M,Immigration,2026-02
HT_017921,2025-05-31,USA,Italian,French,free,18-24,Other,Hobby,2025-05
HT_017922,2025-10-10,Spain,Chinese,Italian,free,18-24,M,Immigration,2025-10
HT_017923,2025-04-24,Germany,Italian,English|French,free,25-34,F,Immigration,2025-04
HT_017924,2025-07-27,Canada,Portuguese,Russian|German|English,free,25-34,Other,Travel,2025-07
HT_017925,2025-05-24,Germany,Spanish,Italian,free,25-34,M,Immigration,2025-05
HT_017926,2025-11-26,South Korea,Spanish,Korean|English|Arabic,free,35-44,Other,Business,2025-11
HT_017927,2026-03-14,Japan,German,Japanese|French,free,25-34,F,Business,2026-03
HT_017928,2025-09-01,South Korea,Russian,Portuguese,free,18-24,Other,Business,2025-09
HT_017929,2025-08-17,China,Italian,Chinese,free,25-34,F,Travel,2025-08
HT_017930,2025-12-17,Mexico,Russian,Japanese,free,18-24,F,Business,2025-12
HT_017931,2025-06-20,UK,Spanish,Chinese|Italian|Korean,premium,35-44,M,Immigration,2025-06
HT_017932,2026-04-02,Australia,Chinese,Portuguese,free,25-34,M,Immigration,2026-04
HT_017933,2025-06-30,France,Japanese,Korean|Dutch,free,25-34,Other,Exam,2025-06
HT_017934,2025-10-13,Mexico,German,Arabic|Portuguese,free,25-34,Other,Business,2025-10
HT_017935,2025-05-25,Germany,Dutch,Arabic|German|Spanish,free,25-34,F,Hobby,2025-05
HT_017936,2026-03-19,Mexico,Korean,German|Dutch|French,free,45+,M,Immigration,2026-03
HT_017937,2025-08-02,Germany,Portuguese,Korean|English,free,18-24,F,Business,2025-08
HT_017938,2025-10-03,USA,Russian,Arabic,free,18-24,F,Business,2025-10
HT_017939,2026-03-14,UK,Italian,Arabic|Chinese,free,35-44,M,Exam,2026-03
HT_017940,2025-07-25,Brazil,Italian,Korean|Spanish,premium,18-24,M,Immigration,2025-07
HT_017941,2025-08-30,Japan,English,Russian,free,25-34,M,Immigration,2025-08
HT_017942,2025-05-07,Germany,Japanese,Arabic|English,free,18-24,M,Travel,2025-05
HT_017943,2025-10-16,Brazil,Spanish,Korean|French,free,35-44,Other,Immigration,2025-10
HT_017944,2025-10-27,France,Russian,Spanish,free,25-34,M,Immigration,2025-10
HT_017945,2026-04-09,Brazil,German,Italian,free,18-24,Other,Hobby,2026-04
HT_017946,2026-02-16,USA,Dutch,Portuguese,free,25-34,Other,Hobby,2026-02
HT_017947,2026-01-30,China,Dutch,French|Japanese|German,free,35-44,M,Travel,2026-01
HT_017948,2025-07-15,South Korea,Korean,Spanish,free,18-24,M,Hobby,2025-07
HT_017949,2025-11-13,USA,Arabic,Italian|Chinese,free,25-34,M,Business,2025-11
HT_017950,2025-05-26,Brazil,Russian,Italian|Japanese,free,25-34,M,Travel,2025-05
HT_017951,2025-06-02,Mexico,Dutch,Japanese|Russian,free,35-44,M,Travel,2025-06
HT_017952,2026-01-02,South Korea,Korean,Arabic|Spanish,free,18-24,Other,Immigration,2026-01
HT_017953,2025-07-23,Germany,Italian,Russian,premium,35-44,Other,Exam,2025-07
HT_017954,2025-11-02,Spain,Arabic,French,premium,18-24,F,Travel,2025-11
HT_017955,2025-04-23,Australia,Spanish,Korean|Portuguese,free,25-34,M,Hobby,2025-04
HT_017956,2025-07-22,South Korea,French,Japanese|Russian,premium,35-44,F,Immigration,2025-07
HT_017957,2026-02-25,Mexico,German,Arabic,premium,25-34,Other,Business,2026-02
HT_017958,2026-02-18,South Korea,Chinese,Japanese,free,25-34,F,Hobby,2026-02
HT_017959,2025-06-28,France,Russian,English|German,free,25-34,F,Exam,2025-06
HT_017960,2026-03-05,France,Arabic,Korean|English,premium,35-44,Other,Hobby,2026-03
HT_017961,2025-04-13,Spain,Portuguese,Russian|Spanish|German,free,35-44,Other,Hobby,2025-04
HT_017962,2025-06-09,Brazil,French,Korean|Arabic|Chinese,free,25-34,M,Travel,2025-06
HT_017963,2025-10-03,Brazil,Portuguese,Korean,free,18-24,Other,Immigration,2025-10
HT_017964,2025-05-20,South Korea,German,Dutch|French,free,25-34,F,Immigration,2025-05
HT_017965,2025-07-04,Japan,French,German|Korean,free,25-34,F,Hobby,2025-07
HT_017966,2026-01-13,UK,Chinese,Korean|Russian,free,25-34,Other,Exam,2026-01
HT_017967,2026-02-19,USA,Portuguese,Chinese|Spanish|French,free,25-34,Other,Hobby,2026-02
HT_017968,2026-02-28,Germany,Portuguese,Korean|Arabic|English,free,25-34,F,Immigration,2026-02
HT_017969,2025-09-08,Spain,Dutch,Arabic,free,18-24,F,Travel,2025-09
HT_017970,2025-12-30,France,Portuguese,Spanish|German|Dutch,free,35-44,Other,Immigration,2025-12
HT_017971,2025-12-03,China,Japanese,Italian,free,35-44,Other,Travel,2025-12
HT_017972,2025-09-10,Brazil,German,Italian,free,18-24,F,Hobby,2025-09
HT_017973,2025-12-01,Australia,Italian,French|Portuguese|Japanese,free,25-34,M,Business,2025-12
HT_017974,2026-03-15,France,Portuguese,French,free,18-24,Other,Immigration,2026-03
HT_017975,2026-02-17,Mexico,Spanish,Portuguese|English,free,18-24,F,Hobby,2026-02
HT_017976,2025-10-25,South Korea,Spanish,Dutch|Arabic|Russian,free,35-44,F,Travel,2025-10
HT_017977,2025-11-13,Australia,Russian,German|Spanish|Japanese,free,35-44,F,Hobby,2025-11
HT_017978,2025-09-23,UK,English,Spanish,free,25-34,F,Business,2025-09
HT_017979,2025-06-04,UK,Korean,French,premium,25-34,F,Exam,2025-06
HT_017980,2025-06-15,Spain,Portuguese,Arabic,free,35-44,F,Immigration,2025-06
HT_017981,2025-08-06,UK,Chinese,Spanish,free,18-24,M,Business,2025-08
HT_017982,2025-12-16,USA,Dutch,French|Chinese,free,18-24,F,Business,2025-12
HT_017983,2025-05-30,USA,Portuguese,Italian|Chinese,free,25-34,F,Immigration,2025-05
HT_017984,2025-11-19,Australia,Spanish,French|Chinese,free,18-24,Other,Hobby,2025-11
HT_017985,2025-04-18,Spain,Spanish,Korean|Arabic|Russian,free,25-34,M,Travel,2025-04
HT_017986,2025-11-20,Canada,Arabic,Dutch,free,18-24,Other,Immigration,2025-11
HT_017987,2025-10-25,Australia,Russian,German|Chinese,free,35-44,Other,Exam,2025-10
HT_017988,2025-11-20,USA,Spanish,German|Italian|Korean,free,18-24,M,Travel,2025-11
HT_017989,2026-01-27,Canada,Japanese,Portuguese|Korean|Chinese,free,35-44,M,Exam,2026-01
HT_017990,2025-06-19,USA,Dutch,French|Spanish|Chinese,free,18-24,M,Travel,2025-06
HT_017991,2025-10-06,Brazil,Italian,Dutch|French|Japanese,free,18-24,M,Travel,2025-10
HT_017992,2026-02-08,Spain,Japanese,Portuguese|Spanish,free,35-44,M,Immigration,2026-02
HT_017993,2026-01-01,France,German,English,free,25-34,F,Hobby,2026-01
HT_017994,2025-11-03,UK,Arabic,Japanese|Russian,free,45+,Other,Exam,2025-11
HT_017995,2025-06-21,Canada,Japanese,French|Portuguese,premium,35-44,M,Business,2025-06
HT_017996,2025-12-30,South Korea,Spanish,Dutch|German,free,18-24,F,Business,2025-12
HT_017997,2025-05-28,Spain,Italian,English|Dutch,premium,25-34,M,Travel,2025-05
HT_017998,2026-03-17,Germany,Korean,Portuguese,free,25-34,M,Exam,2026-03
HT_017999,2025-09-10,USA,English,Japanese,free,25-34,Other,Hobby,2025-09
HT_018000,2025-05-29,Australia,French,Arabic|Chinese,premium,45+,F,Hobby,2025-05
HT_018001,2025-09-09,USA,English,Japanese|French,premium,35-44,Other,Travel,2025-09
HT_018002,2025-08-18,Canada,Dutch,Korean|English|Chinese,free,25-34,M,Immigration,2025-08
HT_018003,2025-10-25,Japan,Spanish,Dutch|Portuguese|English,free,25-34,F,Travel,2025-10
HT_018004,2025-08-09,South Korea,German,French|Dutch,free,35-44,M,Immigration,2025-08
HT_018005,2025-10-07,Spain,Arabic,Russian|Korean,free,25-34,F,Travel,2025-10
HT_018006,2025-05-25,Australia,Korean,French,free,25-34,F,Exam,2025-05
HT_018007,2026-01-20,Brazil,French,German|Korean|English,free,25-34,F,Immigration,2026-01
HT_018008,2026-04-04,China,French,Korean|Dutch|Arabic,free,25-34,Other,Business,2026-04
HT_018009,2026-02-10,USA,Japanese,Portuguese|German,premium,35-44,Other,Exam,2026-02
HT_018010,2025-08-09,UK,Korean,Italian|English,free,25-34,M,Business,2025-08
HT_018011,2026-03-10,Australia,Dutch,Korean,free,18-24,F,Business,2026-03
HT_018012,2025-12-27,Brazil,Korean,Italian,free,25-34,M,Hobby,2025-12
HT_018013,2025-08-11,Japan,English,German|French|Korean,free,35-44,Other,Business,2025-08
HT_018014,2025-11-14,UK,Korean,Russian|Dutch,premium,25-34,F,Business,2025-11
HT_018015,2025-10-23,France,Japanese,German,free,18-24,Other,Exam,2025-10
HT_018016,2025-12-30,China,Portuguese,Italian,premium,18-24,Other,Business,2025-12
HT_018017,2025-05-03,Spain,French,Russian|German|Japanese,free,18-24,Other,Exam,2025-05
HT_018018,2025-05-26,Brazil,Chinese,German|Korean,free,35-44,M,Exam,2025-05
HT_018019,2025-04-23,Brazil,Arabic,Korean|Russian|Chinese,premium,25-34,F,Immigration,2025-04
HT_018020,2026-01-03,Japan,Portuguese,German,premium,18-24,M,Exam,2026-01
HT_018021,2025-05-04,USA,Spanish,Russian,free,18-24,M,Travel,2025-05
HT_018022,2025-12-20,South Korea,Korean,French|Chinese,free,18-24,Other,Exam,2025-12
HT_018023,2025-11-09,China,Portuguese,Arabic|English,free,18-24,M,Immigration,2025-11
HT_018024,2026-04-09,Mexico,Italian,Russian|Japanese,free,18-24,F,Exam,2026-04
HT_018025,2025-04-23,Germany,French,Arabic|Italian|Korean,free,35-44,F,Immigration,2025-04
HT_018026,2025-12-21,France,Japanese,Korean|Italian|Portuguese,free,25-34,F,Travel,2025-12
HT_018027,2025-08-24,South Korea,Korean,French|Russian|Japanese,free,25-34,Other,Exam,2025-08
HT_018028,2025-10-19,Mexico,Japanese,Russian|German,free,25-34,M,Travel,2025-10
HT_018029,2026-02-23,France,Dutch,English,free,25-34,Other,Business,2026-02
HT_018030,2025-10-21,USA,Korean,Japanese,free,18-24,Other,Business,2025-10
HT_018031,2026-01-03,South Korea,Italian,Chinese|Russian,free,25-34,Other,Immigration,2026-01
HT_018032,2026-02-03,Japan,Portuguese,Korean|Italian,free,18-24,M,Hobby,2026-02
HT_018033,2026-03-14,Australia,Italian,Japanese,free,25-34,Other,Hobby,2026-03
HT_018034,2025-09-16,Australia,English,Spanish|German,free,18-24,Other,Business,2025-09
HT_018035,2025-08-25,South Korea,Russian,German|English|Dutch,free,25-34,M,Business,2025-08
HT_018036,2026-01-24,Mexico,German,Spanish,free,18-24,F,Business,2026-01
HT_018037,2025-04-16,China,French,German|Korean,premium,25-34,Other,Exam,2025-04
HT_018038,2026-02-21,Canada,Korean,Japanese,free,18-24,F,Hobby,2026-02
HT_018039,2025-11-18,South Korea,Portuguese,Dutch,free,18-24,F,Travel,2025-11
HT_018040,2026-03-02,UK,French,Japanese|Russian,premium,25-34,M,Immigration,2026-03
HT_018041,2025-05-23,Brazil,Russian,English,free,18-24,M,Travel,2025-05
HT_018042,2025-09-04,China,Japanese,Chinese|German|English,free,18-24,F,Immigration,2025-09
HT_018043,2025-05-20,Canada,French,Arabic,premium,25-34,Other,Travel,2025-05
HT_018044,2025-10-14,USA,French,Dutch|Arabic|Italian,free,45+,M,Immigration,2025-10
HT_018045,2025-10-12,Japan,Russian,Spanish|Chinese,free,45+,Other,Exam,2025-10
HT_018046,2025-06-23,France,Korean,Chinese|Japanese|French,free,18-24,F,Exam,2025-06
HT_018047,2025-11-17,Spain,Dutch,Portuguese|English|Spanish,premium,25-34,M,Travel,2025-11
HT_018048,2025-04-23,Mexico,German,Korean|Italian|Russian,free,25-34,M,Exam,2025-04
HT_018049,2025-07-26,Canada,Portuguese,French|Chinese,free,25-34,F,Hobby,2025-07
HT_018050,2026-02-16,South Korea,Russian,German|Chinese,free,18-24,F,Exam,2026-02
HT_018051,2026-02-06,China,Dutch,Chinese|German,premium,45+,F,Immigration,2026-02
HT_018052,2025-10-25,Australia,Dutch,Spanish,premium,35-44,F,Hobby,2025-10
HT_018053,2025-11-15,Brazil,Japanese,Dutch|Russian,free,25-34,F,Immigration,2025-11
HT_018054,2025-04-25,Mexico,Dutch,Japanese|Russian,free,25-34,F,Travel,2025-04
HT_018055,2026-01-28,South Korea,English,Dutch|French|Japanese,free,18-24,M,Exam,2026-01
HT_018056,2025-09-13,France,Chinese,Japanese|Dutch,free,35-44,F,Business,2025-09
HT_018057,2026-03-10,Spain,Arabic,German|Dutch|Portuguese,free,25-34,F,Immigration,2026-03
HT_018058,2025-08-01,Mexico,Portuguese,Arabic|Chinese,free,18-24,Other,Immigration,2025-08
HT_018059,2026-01-31,Canada,Arabic,Korean,free,25-34,Other,Business,2026-01
HT_018060,2026-01-23,USA,Arabic,Japanese,free,18-24,Other,Exam,2026-01
HT_018061,2026-02-12,USA,Italian,Portuguese|Spanish,free,45+,Other,Business,2026-02
HT_018062,2025-10-19,Spain,Russian,Dutch|Arabic|Chinese,free,18-24,F,Travel,2025-10
HT_018063,2025-09-22,USA,Italian,Spanish|Russian|English,free,25-34,Other,Immigration,2025-09
HT_018064,2025-06-25,USA,English,Italian,free,35-44,Other,Immigration,2025-06
HT_018065,2025-07-04,Australia,German,Portuguese|French|Dutch,premium,25-34,M,Business,2025-07
HT_018066,2025-11-30,Canada,Arabic,French,premium,25-34,F,Business,2025-11
HT_018067,2026-02-22,South Korea,Japanese,French,free,35-44,F,Travel,2026-02
HT_018068,2025-04-18,Brazil,Japanese,Russian|Spanish|French,free,25-34,M,Exam,2025-04
HT_018069,2025-10-14,UK,Arabic,Italian,free,18-24,F,Travel,2025-10
HT_018070,2026-02-16,Japan,Japanese,Italian,free,25-34,M,Travel,2026-02
HT_018071,2025-07-06,Japan,Arabic,German|Japanese|Russian,free,35-44,M,Hobby,2025-07
HT_018072,2025-08-29,Canada,Dutch,Arabic|Italian|German,free,35-44,F,Exam,2025-08
HT_018073,2025-08-31,South Korea,Dutch,Spanish|Russian,free,18-24,F,Exam,2025-08
HT_018074,2026-01-05,Germany,Portuguese,English|French|Korean,free,25-34,M,Travel,2026-01
HT_018075,2025-11-10,France,French,German|Spanish,free,45+,Other,Travel,2025-11
HT_018076,2025-10-22,Canada,German,Japanese|French|Arabic,free,25-34,M,Hobby,2025-10
HT_018077,2025-06-06,France,Chinese,Italian,free,18-24,Other,Exam,2025-06
HT_018078,2026-01-29,Germany,German,Spanish|Japanese,free,18-24,F,Business,2026-01
HT_018079,2025-11-05,Spain,Japanese,Arabic|Russian,free,35-44,M,Immigration,2025-11
HT_018080,2025-09-20,Australia,Chinese,Russian,free,35-44,M,Exam,2025-09
HT_018081,2025-05-20,China,English,Russian|Chinese,free,35-44,F,Hobby,2025-05
HT_018082,2025-05-02,Canada,Arabic,Spanish|Japanese,free,35-44,M,Immigration,2025-05
HT_018083,2025-08-26,France,Dutch,English|Korean|Chinese,free,45+,Other,Business,2025-08
HT_018084,2025-12-15,France,Japanese,German|Spanish,free,18-24,M,Business,2025-12
HT_018085,2025-07-25,UK,Russian,Dutch|Japanese,free,45+,Other,Travel,2025-07
HT_018086,2026-02-26,South Korea,Spanish,Italian,free,35-44,M,Travel,2026-02
HT_018087,2025-08-18,Spain,Korean,Spanish|Chinese|English,free,18-24,F,Exam,2025-08
HT_018088,2026-03-17,Germany,Arabic,Chinese,free,18-24,F,Travel,2026-03
HT_018089,2025-08-27,UK,French,Korean|Italian|English,premium,45+,Other,Business,2025-08
HT_018090,2025-04-14,China,Dutch,German,free,25-34,F,Travel,2025-04
HT_018091,2025-06-10,Spain,Spanish,Italian|English|German,free,25-34,Other,Hobby,2025-06
HT_018092,2026-01-06,UK,Japanese,Italian|Russian|English,free,25-34,F,Hobby,2026-01
HT_018093,2025-07-22,Mexico,Korean,Portuguese|Japanese|Italian,free,35-44,F,Exam,2025-07
HT_018094,2025-06-11,Mexico,Dutch,Portuguese|Italian,free,25-34,F,Business,2025-06
HT_018095,2025-05-15,Spain,Japanese,Spanish|Portuguese|Chinese,premium,25-34,M,Travel,2025-05
HT_018096,2025-04-19,China,Chinese,French|Japanese,free,35-44,Other,Exam,2025-04
HT_018097,2026-02-03,Brazil,French,Russian|Japanese,free,25-34,F,Exam,2026-02
HT_018098,2025-05-22,Mexico,Chinese,German|Dutch,free,18-24,F,Business,2025-05
HT_018099,2026-01-12,USA,German,Italian,free,25-34,F,Travel,2026-01
HT_018100,2025-08-06,USA,German,English,free,45+,M,Business,2025-08
HT_018101,2025-09-12,China,German,Korean,free,25-34,F,Exam,2025-09
HT_018102,2025-04-21,USA,Italian,French|Russian|Dutch,free,18-24,F,Hobby,2025-04
HT_018103,2025-10-12,Japan,Japanese,German|Korean,free,25-34,Other,Immigration,2025-10
HT_018104,2025-04-26,China,Korean,Portuguese,free,25-34,M,Hobby,2025-04
HT_018105,2025-10-26,Japan,Arabic,Portuguese,free,25-34,F,Exam,2025-10
HT_018106,2025-06-23,Canada,German,Portuguese,free,18-24,Other,Hobby,2025-06
HT_018107,2025-12-25,China,English,Russian|Arabic|Japanese,free,25-34,Other,Travel,2025-12
HT_018108,2025-10-27,South Korea,Dutch,French|Japanese,free,18-24,M,Business,2025-10
HT_018109,2025-07-30,UK,Korean,German|Dutch|Chinese,free,18-24,M,Hobby,2025-07
HT_018110,2026-02-18,Australia,German,Japanese|English,free,18-24,Other,Travel,2026-02
HT_018111,2025-04-24,China,Italian,German,premium,18-24,Other,Exam,2025-04
HT_018112,2026-03-14,Spain,Russian,Japanese,free,18-24,Other,Exam,2026-03
HT_018113,2025-12-11,France,Russian,Portuguese|Korean,free,18-24,F,Immigration,2025-12
HT_018114,2025-06-18,Canada,Chinese,Dutch|Portuguese|Spanish,free,45+,Other,Exam,2025-06
HT_018115,2026-03-05,Mexico,Italian,French|Spanish|Russian,free,35-44,M,Travel,2026-03
HT_018116,2026-03-26,USA,Spanish,Chinese,free,35-44,F,Travel,2026-03
HT_018117,2026-03-19,Mexico,English,Russian,free,25-34,M,Exam,2026-03
HT_018118,2025-06-09,China,Dutch,Japanese|English|Korean,free,18-24,Other,Immigration,2025-06
HT_018119,2025-07-28,Japan,Korean,Arabic|English,free,25-34,M,Business,2025-07
HT_018120,2025-11-05,Spain,Italian,Arabic,free,18-24,Other,Hobby,2025-11
HT_018121,2025-05-02,UK,Arabic,French|Italian|Russian,free,25-34,F,Hobby,2025-05
HT_018122,2026-01-21,UK,Russian,Chinese|Arabic,free,25-34,F,Hobby,2026-01
HT_018123,2025-11-09,China,Chinese,French|Russian|Portuguese,free,35-44,F,Hobby,2025-11
HT_018124,2026-02-09,Canada,Arabic,German,free,35-44,M,Hobby,2026-02
HT_018125,2026-02-03,Spain,Russian,Arabic|English,free,25-34,F,Travel,2026-02
HT_018126,2026-01-28,USA,Chinese,Portuguese|German,free,35-44,M,Business,2026-01
HT_018127,2025-06-22,UK,Korean,Arabic|English,free,25-34,Other,Exam,2025-06
HT_018128,2025-08-09,Canada,English,French,free,25-34,M,Business,2025-08
HT_018129,2025-06-02,Canada,Japanese,Arabic,free,35-44,M,Travel,2025-06
HT_018130,2025-12-23,Germany,German,Dutch,free,18-24,M,Business,2025-12
HT_018131,2026-02-04,Germany,Portuguese,Arabic|French,premium,45+,M,Travel,2026-02
HT_018132,2025-08-05,USA,Russian,Spanish|Japanese,free,25-34,Other,Hobby,2025-08
HT_018133,2025-10-14,Germany,Arabic,Russian|Japanese,free,18-24,M,Immigration,2025-10
HT_018134,2025-11-16,UK,Portuguese,Arabic|German,free,25-34,F,Immigration,2025-11
HT_018135,2026-02-22,South Korea,German,Arabic|Portuguese|Italian,free,25-34,Other,Travel,2026-02
HT_018136,2025-10-19,Brazil,Korean,Russian|Spanish|English,free,35-44,F,Business,2025-10
HT_018137,2025-08-14,Mexico,Portuguese,Arabic|French|Chinese,free,25-34,M,Hobby,2025-08
HT_018138,2025-10-26,China,Portuguese,French|Dutch,premium,25-34,Other,Travel,2025-10
HT_018139,2025-08-07,South Korea,French,Dutch|Korean,free,45+,F,Immigration,2025-08
HT_018140,2025-11-21,France,Chinese,German|Italian|Dutch,free,25-34,Other,Immigration,2025-11
HT_018141,2026-03-18,UK,Chinese,German,free,18-24,Other,Immigration,2026-03
HT_018142,2026-02-05,Germany,English,Dutch|Russian|German,free,25-34,Other,Exam,2026-02
HT_018143,2026-01-17,Australia,French,Russian,free,45+,F,Hobby,2026-01
HT_018144,2025-05-28,Australia,Japanese,Korean|Portuguese|French,premium,18-24,M,Immigration,2025-05
HT_018145,2025-04-19,China,German,Arabic|Spanish|Chinese,free,18-24,F,Hobby,2025-04
HT_018146,2025-08-07,Canada,Dutch,German,free,25-34,M,Business,2025-08
HT_018147,2025-05-20,Australia,Russian,Dutch,free,25-34,Other,Immigration,2025-05
HT_018148,2026-03-20,USA,Japanese,Korean|German,free,25-34,M,Business,2026-03
HT_018149,2025-07-24,South Korea,Japanese,French|Russian,free,25-34,F,Business,2025-07
HT_018150,2025-12-23,Mexico,Portuguese,German,free,35-44,M,Business,2025-12
HT_018151,2025-12-04,France,Japanese,Arabic|Spanish,free,25-34,Other,Travel,2025-12
HT_018152,2026-02-10,France,Korean,Russian,free,25-34,Other,Immigration,2026-02
HT_018153,2025-11-11,Mexico,Arabic,English,free,35-44,M,Business,2025-11
HT_018154,2025-11-07,Canada,German,Portuguese|Chinese,free,25-34,M,Exam,2025-11
HT_018155,2025-08-01,China,Chinese,English|Dutch,premium,18-24,M,Hobby,2025-08
HT_018156,2025-10-27,Mexico,German,Portuguese|Italian|French,free,45+,F,Travel,2025-10
HT_018157,2026-02-04,South Korea,German,French|Korean,premium,18-24,M,Exam,2026-02
HT_018158,2026-01-08,Canada,Arabic,Japanese,free,18-24,F,Exam,2026-01
HT_018159,2025-09-13,China,Portuguese,English,free,25-34,M,Immigration,2025-09
HT_018160,2025-08-31,Japan,Portuguese,English|French,free,18-24,M,Travel,2025-08
HT_018161,2025-12-27,Germany,Japanese,Italian|Spanish,free,25-34,Other,Immigration,2025-12
HT_018162,2026-02-17,China,Japanese,Arabic|Russian|Spanish,free,45+,Other,Hobby,2026-02
HT_018163,2026-02-15,Japan,Arabic,Russian,free,45+,Other,Immigration,2026-02
HT_018164,2025-11-01,Canada,Dutch,German|French|Portuguese,free,18-24,F,Travel,2025-11
HT_018165,2025-09-20,South Korea,German,Italian,free,18-24,Other,Travel,2025-09
HT_018166,2026-03-01,USA,French,Portuguese|Chinese,free,18-24,Other,Travel,2026-03
HT_018167,2025-04-30,Mexico,Dutch,Japanese|Korean,free,25-34,M,Hobby,2025-04
HT_018168,2025-10-30,Mexico,German,Korean,free,18-24,M,Travel,2025-10
HT_018169,2026-02-04,Japan,Chinese,Italian|Russian|Korean,free,25-34,Other,Hobby,2026-02
HT_018170,2026-03-27,Spain,Japanese,Dutch,free,35-44,F,Immigration,2026-03
HT_018171,2025-12-11,Australia,Portuguese,French|Italian,free,25-34,Other,Exam,2025-12
HT_018172,2025-11-22,USA,Italian,Japanese|Russian,free,18-24,F,Hobby,2025-11
HT_018173,2025-05-16,Canada,Italian,Korean|Arabic,free,18-24,Other,Business,2025-05
HT_018174,2026-01-08,South Korea,Dutch,German|Japanese|French,premium,45+,F,Exam,2026-01
HT_018175,2025-07-07,Mexico,Japanese,Arabic|Chinese|French,free,18-24,F,Hobby,2025-07
HT_018176,2026-01-16,Germany,Spanish,Italian|German|Arabic,premium,25-34,M,Exam,2026-01
HT_018177,2025-07-09,France,German,Korean|Dutch,free,45+,Other,Immigration,2025-07
HT_018178,2025-12-15,South Korea,Dutch,Spanish|German|Chinese,free,45+,F,Business,2025-12
HT_018179,2026-01-26,China,English,Chinese|Spanish,free,35-44,Other,Hobby,2026-01
HT_018180,2025-05-28,Germany,Spanish,Arabic|Dutch,free,25-34,F,Hobby,2025-05
HT_018181,2025-09-20,Brazil,German,Dutch,free,35-44,F,Immigration,2025-09
HT_018182,2026-02-08,USA,Japanese,Dutch|Italian,free,18-24,Other,Travel,2026-02
HT_018183,2025-07-19,Mexico,Chinese,Italian|Dutch|Spanish,free,18-24,M,Business,2025-07
HT_018184,2025-09-27,Brazil,Russian,Italian|English|Dutch,premium,25-34,F,Immigration,2025-09
HT_018185,2026-04-02,Japan,Portuguese,Italian|German,free,18-24,Other,Travel,2026-04
HT_018186,2025-06-21,USA,Chinese,French,free,45+,F,Exam,2025-06
HT_018187,2026-01-03,UK,Arabic,Portuguese|English|Japanese,free,25-34,F,Immigration,2026-01
HT_018188,2025-05-21,Japan,Portuguese,Japanese|Korean,free,18-24,M,Immigration,2025-05
HT_018189,2025-10-29,Spain,Arabic,Portuguese|French,free,45+,F,Travel,2025-10
HT_018190,2025-07-11,Brazil,Chinese,French|English,free,18-24,Other,Business,2025-07
HT_018191,2025-06-15,Japan,Chinese,Italian|Russian|English,free,25-34,Other,Exam,2025-06
HT_018192,2026-01-29,Spain,Dutch,French|Arabic,free,18-24,F,Business,2026-01
HT_018193,2025-07-02,Germany,English,Spanish,free,18-24,M,Hobby,2025-07
HT_018194,2025-07-09,Spain,German,Italian,free,18-24,F,Hobby,2025-07
HT_018195,2025-05-22,Spain,Dutch,Arabic,free,25-34,M,Exam,2025-05
HT_018196,2026-01-04,Spain,Arabic,French|German|English,free,25-34,Other,Travel,2026-01
HT_018197,2026-03-15,Japan,English,French|Spanish,free,18-24,Other,Business,2026-03
HT_018198,2025-04-27,Australia,French,Russian|Spanish,free,18-24,F,Business,2025-04
HT_018199,2025-08-18,France,Portuguese,Korean|Chinese,free,45+,M,Business,2025-08
HT_018200,2026-04-12,Australia,German,Spanish,premium,18-24,Other,Business,2026-04
HT_018201,2025-09-03,Mexico,German,Chinese|Italian|Portuguese,free,25-34,M,Hobby,2025-09
HT_018202,2025-05-12,South Korea,Korean,Chinese|Italian,free,25-34,M,Business,2025-05
HT_018203,2025-10-21,Mexico,Italian,Chinese,free,25-34,M,Travel,2025-10
HT_018204,2026-03-13,Mexico,English,Arabic,free,25-34,Other,Hobby,2026-03
HT_018205,2025-06-05,Japan,Russian,German|Portuguese,premium,25-34,Other,Immigration,2025-06
HT_018206,2026-01-08,Germany,German,Dutch|French,free,18-24,M,Business,2026-01
HT_018207,2025-08-18,France,Russian,Dutch|German|Japanese,free,25-34,M,Travel,2025-08
HT_018208,2025-12-20,Japan,French,Portuguese|Arabic|German,free,18-24,M,Hobby,2025-12
HT_018209,2026-04-07,UK,Italian,German,free,45+,Other,Business,2026-04
HT_018210,2025-06-25,Mexico,Portuguese,Japanese|Italian|German,premium,45+,F,Exam,2025-06
HT_018211,2026-04-07,France,Spanish,Dutch|Chinese|Arabic,free,18-24,M,Business,2026-04
HT_018212,2026-02-23,Japan,Italian,Dutch,free,25-34,M,Immigration,2026-02
HT_018213,2025-07-30,UK,Spanish,Arabic|Portuguese|English,free,25-34,F,Immigration,2025-07
HT_018214,2025-12-29,Canada,Russian,Dutch|French|Portuguese,free,18-24,F,Business,2025-12
HT_018215,2025-09-02,China,Korean,Spanish,free,25-34,M,Hobby,2025-09
HT_018216,2025-04-14,China,Japanese,Arabic,free,18-24,F,Hobby,2025-04
HT_018217,2025-09-20,South Korea,Arabic,Italian,premium,25-34,F,Immigration,2025-09
HT_018218,2025-12-21,Japan,Russian,French|Spanish,free,35-44,F,Hobby,2025-12
HT_018219,2026-01-31,UK,English,French,free,25-34,F,Travel,2026-01
HT_018220,2026-02-21,France,Arabic,French|Russian,free,18-24,F,Travel,2026-02
HT_018221,2025-07-13,Spain,Italian,Portuguese,free,18-24,M,Hobby,2025-07
HT_018222,2025-08-29,Spain,German,Italian,free,35-44,F,Immigration,2025-08
HT_018223,2026-03-18,China,German,Dutch|Spanish|English,free,18-24,Other,Travel,2026-03
HT_018224,2025-08-12,Japan,Russian,Arabic|Chinese,free,18-24,Other,Business,2025-08
HT_018225,2025-05-28,Brazil,Russian,French|Dutch|Korean,free,18-24,F,Hobby,2025-05
HT_018226,2025-10-03,UK,German,Italian|Arabic|Dutch,premium,18-24,M,Immigration,2025-10
HT_018227,2026-01-21,UK,Spanish,Arabic|Dutch,free,25-34,M,Exam,2026-01
HT_018228,2025-04-19,UK,Russian,Portuguese|French|German,free,25-34,Other,Business,2025-04
HT_018229,2025-06-24,Spain,Italian,Arabic|Russian,free,25-34,Other,Hobby,2025-06
HT_018230,2025-07-09,Mexico,Spanish,Portuguese,free,45+,M,Immigration,2025-07
HT_018231,2026-01-10,France,Italian,Spanish|French,free,18-24,Other,Immigration,2026-01
HT_018232,2025-10-08,Australia,Arabic,Korean|Russian|Italian,free,25-34,Other,Immigration,2025-10
HT_018233,2025-10-15,Australia,Arabic,Japanese,free,18-24,M,Immigration,2025-10
HT_018234,2025-12-12,France,Arabic,German,premium,25-34,F,Travel,2025-12
HT_018235,2025-09-21,Mexico,Korean,Spanish|German,free,25-34,F,Exam,2025-09
HT_018236,2025-08-01,Australia,Japanese,Korean,free,18-24,F,Exam,2025-08
HT_018237,2025-11-05,Japan,English,German|Italian|Dutch,free,25-34,F,Travel,2025-11
HT_018238,2025-10-02,South Korea,Italian,Korean|Chinese,free,25-34,M,Hobby,2025-10
HT_018239,2025-04-17,Japan,Chinese,French|English|Spanish,free,45+,F,Exam,2025-04
HT_018240,2026-02-06,USA,Russian,Dutch|Italian|Spanish,free,25-34,Other,Hobby,2026-02
HT_018241,2025-06-22,UK,Italian,Arabic|Japanese,free,35-44,Other,Hobby,2025-06
HT_018242,2025-10-03,China,French,German|Japanese,free,25-34,M,Hobby,2025-10
HT_018243,2026-01-03,Germany,Dutch,Russian|Spanish|Korean,premium,25-34,Other,Exam,2026-01
HT_018244,2026-01-31,Mexico,Korean,Russian|French,free,25-34,F,Exam,2026-01
HT_018245,2025-11-30,Japan,French,Italian|English,premium,18-24,F,Business,2025-11
HT_018246,2026-03-31,Germany,Arabic,Portuguese|German|French,free,18-24,F,Business,2026-03
HT_018247,2025-10-28,Japan,Chinese,Portuguese|German,free,18-24,M,Travel,2025-10
HT_018248,2025-09-07,Germany,English,Dutch,free,25-34,F,Hobby,2025-09
HT_018249,2026-04-01,France,French,Korean|Japanese,free,25-34,F,Immigration,2026-04
HT_018250,2025-05-30,Australia,Chinese,Italian|Dutch,free,25-34,F,Hobby,2025-05
HT_018251,2025-06-12,Mexico,German,Chinese|Spanish,premium,25-34,Other,Travel,2025-06
HT_018252,2025-12-30,France,Spanish,German|Korean,free,18-24,Other,Immigration,2025-12
HT_018253,2025-06-06,Canada,Spanish,Japanese|Portuguese|German,free,18-24,F,Exam,2025-06
HT_018254,2025-09-16,USA,Italian,Japanese|Korean,free,25-34,Other,Immigration,2025-09
HT_018255,2025-06-25,South Korea,Russian,Spanish|English,free,25-34,Other,Business,2025-06
HT_018256,2025-06-01,UK,English,Dutch|Russian,free,35-44,Other,Business,2025-06
HT_018257,2025-05-19,Japan,English,Spanish|Japanese|Italian,free,45+,Other,Hobby,2025-05
HT_018258,2025-09-20,France,Italian,French,free,18-24,Other,Business,2025-09
HT_018259,2025-10-01,Brazil,Chinese,French,free,18-24,Other,Immigration,2025-10
HT_018260,2025-10-12,China,Russian,Italian|Arabic,free,18-24,Other,Exam,2025-10
HT_018261,2025-11-23,Spain,English,Dutch|Chinese|Portuguese,free,25-34,F,Travel,2025-11
HT_018262,2026-01-18,Brazil,German,Portuguese|French|Russian,free,25-34,M,Travel,2026-01
HT_018263,2026-03-07,USA,Chinese,Portuguese|Italian|Korean,free,25-34,M,Hobby,2026-03
HT_018264,2026-03-06,USA,German,Portuguese,free,18-24,Other,Immigration,2026-03
HT_018265,2025-04-17,Brazil,Russian,French,free,25-34,M,Immigration,2025-04
HT_018266,2025-10-28,Canada,Chinese,German|Dutch|Italian,free,18-24,M,Immigration,2025-10
HT_018267,2026-02-23,Mexico,Arabic,Korean,premium,18-24,F,Exam,2026-02
HT_018268,2026-03-31,Canada,Spanish,Chinese|English|Russian,free,35-44,M,Immigration,2026-03
HT_018269,2026-01-16,France,French,Japanese,premium,18-24,F,Hobby,2026-01
HT_018270,2025-09-30,Australia,Russian,German|Chinese|Italian,free,18-24,F,Exam,2025-09
HT_018271,2026-01-26,Japan,French,Russian|Korean|Dutch,premium,35-44,M,Immigration,2026-01
HT_018272,2025-09-25,Japan,French,Italian|Japanese|German,free,45+,M,Immigration,2025-09
HT_018273,2025-08-16,Brazil,Spanish,Russian,free,35-44,F,Travel,2025-08
HT_018274,2025-11-17,China,Arabic,Dutch|Japanese,free,25-34,F,Immigration,2025-11
HT_018275,2025-11-03,UK,German,Korean|Spanish|Chinese,free,25-34,Other,Travel,2025-11
HT_018276,2025-08-19,USA,Italian,Dutch,free,25-34,Other,Business,2025-08
HT_018277,2025-05-28,Australia,French,Italian|Japanese,free,25-34,M,Immigration,2025-05
HT_018278,2025-08-01,UK,Korean,Arabic|Chinese,premium,18-24,F,Hobby,2025-08
HT_018279,2025-09-12,Australia,Chinese,Italian|Spanish|German,free,25-34,M,Hobby,2025-09
HT_018280,2025-08-01,Spain,Chinese,Italian,free,25-34,M,Immigration,2025-08
HT_018281,2025-07-14,USA,Dutch,English|Italian,premium,25-34,F,Immigration,2025-07
HT_018282,2025-09-22,Canada,Portuguese,Chinese|Arabic,free,35-44,Other,Travel,2025-09
HT_018283,2025-04-12,Germany,Japanese,Portuguese|Dutch,free,35-44,F,Exam,2025-04
HT_018284,2025-10-13,Mexico,Dutch,Korean,free,25-34,M,Hobby,2025-10
HT_018285,2025-11-06,China,Italian,German|Chinese,premium,18-24,Other,Travel,2025-11
HT_018286,2026-01-19,Germany,Italian,Arabic,free,18-24,F,Exam,2026-01
HT_018287,2026-01-06,Canada,Portuguese,Arabic|Korean|French,free,25-34,Other,Exam,2026-01
HT_018288,2025-09-23,Mexico,Dutch,Chinese|Italian,free,35-44,M,Exam,2025-09
HT_018289,2025-07-19,Canada,Japanese,Korean|English|Chinese,free,18-24,F,Hobby,2025-07
HT_018290,2025-07-30,Australia,Arabic,French|Italian|Japanese,premium,25-34,Other,Hobby,2025-07
HT_018291,2025-11-17,Australia,German,Dutch|Portuguese|Japanese,free,18-24,F,Hobby,2025-11
HT_018292,2025-12-28,Canada,English,Dutch|Portuguese|Spanish,free,25-34,M,Exam,2025-12
HT_018293,2025-06-04,Canada,German,Korean|French|Spanish,free,25-34,Other,Exam,2025-06
HT_018294,2026-02-14,China,Arabic,Portuguese|Japanese|Spanish,free,25-34,M,Immigration,2026-02
HT_018295,2025-11-15,USA,Dutch,Japanese|Spanish|Russian,premium,35-44,M,Exam,2025-11
HT_018296,2026-01-16,Germany,Korean,German|Russian,free,35-44,M,Travel,2026-01
HT_018297,2025-05-01,Brazil,Spanish,Portuguese|Chinese,free,18-24,F,Business,2025-05
HT_018298,2025-07-05,USA,Dutch,German,premium,35-44,M,Immigration,2025-07
HT_018299,2025-08-12,South Korea,Russian,English,free,25-34,M,Exam,2025-08
HT_018300,2026-03-11,Canada,Arabic,Italian,free,45+,M,Hobby,2026-03
HT_018301,2026-01-11,Mexico,Arabic,German|English|Italian,free,45+,F,Business,2026-01
HT_018302,2025-04-29,Germany,Arabic,German|Dutch,free,18-24,Other,Travel,2025-04
HT_018303,2026-01-13,France,Arabic,Portuguese,premium,18-24,F,Travel,2026-01
HT_018304,2026-03-18,Japan,Spanish,Portuguese|Russian|Korean,free,25-34,F,Exam,2026-03
HT_018305,2025-08-16,Germany,Russian,Japanese,free,18-24,M,Business,2025-08
HT_018306,2026-03-06,UK,Italian,Dutch|Spanish,free,35-44,M,Immigration,2026-03
HT_018307,2025-10-13,Mexico,French,English,free,18-24,F,Business,2025-10
HT_018308,2025-11-03,UK,Chinese,Russian|Japanese|Arabic,free,25-34,M,Exam,2025-11
HT_018309,2026-03-07,Canada,Chinese,Russian|Spanish|Portuguese,free,18-24,M,Travel,2026-03
HT_018310,2026-02-03,USA,Italian,German,free,35-44,Other,Travel,2026-02
HT_018311,2025-06-10,France,Italian,Korean,free,35-44,Other,Hobby,2025-06
HT_018312,2025-04-19,UK,Spanish,French|Arabic,free,25-34,Other,Business,2025-04
HT_018313,2025-07-25,Brazil,Dutch,Korean,free,35-44,F,Travel,2025-07
HT_018314,2025-09-06,South Korea,German,Japanese,premium,25-34,M,Business,2025-09
HT_018315,2025-09-06,UK,Korean,English|Japanese|German,free,18-24,Other,Business,2025-09
HT_018316,2026-04-01,South Korea,Portuguese,Chinese|German,free,18-24,F,Business,2026-04
HT_018317,2025-09-12,Mexico,Arabic,Italian|Japanese,free,18-24,M,Hobby,2025-09
HT_018318,2025-12-10,South Korea,Korean,German|Dutch,free,18-24,Other,Immigration,2025-12
HT_018319,2025-08-11,UK,Italian,Russian|Japanese|Dutch,free,25-34,Other,Business,2025-08
HT_018320,2025-09-10,Spain,Portuguese,Russian,free,35-44,M,Exam,2025-09
HT_018321,2025-10-29,Spain,Spanish,Italian,free,35-44,M,Travel,2025-10
HT_018322,2026-03-09,USA,English,Arabic|French|Chinese,free,25-34,Other,Exam,2026-03
HT_018323,2025-04-16,South Korea,English,Russian|Arabic,free,18-24,F,Exam,2025-04
HT_018324,2025-09-21,Australia,English,Spanish|Chinese|Japanese,premium,25-34,F,Business,2025-09
HT_018325,2025-08-11,Mexico,Dutch,Portuguese|Arabic,free,18-24,M,Business,2025-08
HT_018326,2025-09-07,South Korea,Japanese,Chinese|German,free,18-24,M,Exam,2025-09
HT_018327,2025-11-01,France,Chinese,German,free,18-24,Other,Immigration,2025-11
HT_018328,2025-06-03,USA,English,Spanish|Russian|Dutch,free,35-44,M,Immigration,2025-06
HT_018329,2025-12-02,Germany,Arabic,Korean|English|Dutch,free,18-24,M,Immigration,2025-12
HT_018330,2025-10-06,Spain,French,Russian,free,25-34,M,Hobby,2025-10
HT_018331,2025-11-08,France,Arabic,Portuguese|Korean,free,45+,F,Exam,2025-11
HT_018332,2025-07-05,Germany,Russian,Korean,free,35-44,Other,Immigration,2025-07
HT_018333,2025-08-16,Brazil,Dutch,Korean,free,25-34,M,Exam,2025-08
HT_018334,2025-08-20,France,English,French|Dutch,free,18-24,Other,Exam,2025-08
HT_018335,2025-12-29,Japan,Portuguese,Dutch,free,25-34,M,Hobby,2025-12
HT_018336,2025-09-01,France,Russian,French,free,25-34,Other,Exam,2025-09
HT_018337,2025-07-05,Japan,Italian,Japanese|Arabic|Dutch,free,35-44,F,Immigration,2025-07
HT_018338,2025-10-29,Australia,Korean,Russian|German|Italian,premium,18-24,M,Business,2025-10
HT_018339,2025-05-21,Mexico,Spanish,Russian|Portuguese|Chinese,free,35-44,Other,Immigration,2025-05
HT_018340,2025-04-16,Spain,Italian,Arabic|Spanish|German,free,18-24,F,Exam,2025-04
HT_018341,2025-05-05,USA,Arabic,Japanese|Dutch|Italian,free,18-24,F,Hobby,2025-05
HT_018342,2025-08-06,Brazil,Italian,Korean|Portuguese,free,35-44,M,Travel,2025-08
HT_018343,2025-10-01,South Korea,French,Arabic|Chinese,free,35-44,F,Business,2025-10
HT_018344,2025-06-27,France,Japanese,Dutch|English,free,18-24,F,Travel,2025-06
HT_018345,2025-10-28,UK,Chinese,Spanish|English|Portuguese,free,25-34,M,Travel,2025-10
HT_018346,2025-07-08,Australia,Chinese,Dutch,free,18-24,Other,Business,2025-07
HT_018347,2025-06-03,France,Italian,Portuguese,free,45+,Other,Immigration,2025-06
HT_018348,2025-11-14,Brazil,Portuguese,Italian|French,free,25-34,F,Immigration,2025-11
HT_018349,2026-01-04,Japan,English,Spanish|Italian|Russian,free,18-24,Other,Exam,2026-01
HT_018350,2025-11-04,UK,Japanese,Chinese,free,25-34,F,Business,2025-11
HT_018351,2025-11-15,Brazil,Russian,Korean|Dutch,free,25-34,F,Immigration,2025-11
HT_018352,2025-07-15,Mexico,Portuguese,Arabic|Spanish|Japanese,free,18-24,M,Exam,2025-07
HT_018353,2025-08-03,Spain,French,Korean|Russian|English,free,18-24,F,Exam,2025-08
HT_018354,2026-02-22,USA,English,Italian|Portuguese,free,35-44,Other,Exam,2026-02
HT_018355,2026-03-09,France,Arabic,English|Russian|Japanese,free,18-24,M,Travel,2026-03
HT_018356,2025-11-20,Mexico,German,Spanish|Korean|English,premium,35-44,Other,Exam,2025-11
HT_018357,2025-09-25,South Korea,Arabic,Korean,free,18-24,Other,Travel,2025-09
HT_018358,2025-05-19,China,Japanese,Arabic|French,free,18-24,F,Hobby,2025-05
HT_018359,2025-05-31,Germany,Japanese,English|French,free,18-24,F,Immigration,2025-05
HT_018360,2025-08-31,Germany,German,Korean,free,18-24,M,Business,2025-08
HT_018361,2026-03-25,Mexico,Arabic,English,free,25-34,Other,Hobby,2026-03
HT_018362,2025-05-09,Canada,Portuguese,Russian|Dutch,free,25-34,M,Immigration,2025-05
HT_018363,2026-02-10,China,German,Spanish|Russian|French,free,35-44,F,Exam,2026-02
HT_018364,2025-11-20,Canada,Spanish,Arabic|Dutch,free,35-44,M,Immigration,2025-11
HT_018365,2025-11-06,South Korea,Chinese,Spanish|Korean,free,35-44,M,Travel,2025-11
HT_018366,2025-08-27,Mexico,English,Portuguese|Spanish,free,18-24,Other,Immigration,2025-08
HT_018367,2026-01-01,Mexico,English,French|Arabic,free,25-34,F,Exam,2026-01
HT_018368,2025-10-17,Spain,Arabic,Italian|Korean|Portuguese,premium,45+,M,Immigration,2025-10
HT_018369,2026-01-24,Brazil,Japanese,Portuguese|English|French,free,18-24,Other,Business,2026-01
HT_018370,2025-09-09,France,Chinese,Arabic,free,18-24,Other,Business,2025-09
HT_018371,2025-08-25,China,Portuguese,English,free,25-34,M,Hobby,2025-08
HT_018372,2026-03-11,Brazil,English,Arabic|Chinese|Japanese,free,25-34,F,Exam,2026-03
HT_018373,2025-10-16,Germany,Chinese,Portuguese,free,25-34,M,Exam,2025-10
HT_018374,2025-11-09,Canada,Spanish,Chinese,free,18-24,Other,Exam,2025-11
HT_018375,2025-10-05,France,Italian,Spanish|Russian|Arabic,free,45+,M,Hobby,2025-10
HT_018376,2025-04-14,France,Russian,English|Italian|Japanese,free,25-34,Other,Immigration,2025-04
HT_018377,2026-02-14,Spain,Russian,Dutch|Korean|Spanish,free,25-34,M,Travel,2026-02
HT_018378,2026-01-16,USA,Russian,Portuguese|Chinese,free,18-24,F,Immigration,2026-01
HT_018379,2026-03-06,South Korea,Chinese,Spanish,free,18-24,Other,Business,2026-03
HT_018380,2025-08-19,Mexico,Dutch,Portuguese,free,25-34,F,Exam,2025-08
HT_018381,2026-02-18,China,Korean,Russian|Japanese,premium,18-24,M,Travel,2026-02
HT_018382,2026-02-23,Germany,Japanese,Portuguese|Spanish,premium,45+,Other,Immigration,2026-02
HT_018383,2025-09-13,Japan,English,Italian|Japanese|French,free,18-24,F,Travel,2025-09
HT_018384,2025-11-06,Canada,Chinese,Korean|Portuguese,free,25-34,Other,Business,2025-11
HT_018385,2025-11-11,Mexico,Arabic,Russian|Chinese|Portuguese,free,35-44,Other,Exam,2025-11
HT_018386,2026-01-12,Spain,Italian,Russian,free,18-24,F,Immigration,2026-01
HT_018387,2025-10-27,Spain,German,Portuguese,free,18-24,F,Travel,2025-10
HT_018388,2026-01-19,UK,Japanese,Russian|French|Korean,free,18-24,M,Exam,2026-01
HT_018389,2025-05-01,Spain,English,Portuguese,free,25-34,Other,Exam,2025-05
HT_018390,2025-12-14,Spain,Korean,Russian|Japanese|Italian,free,18-24,F,Exam,2025-12
HT_018391,2025-08-10,Spain,Spanish,Chinese|Arabic|Portuguese,free,25-34,Other,Travel,2025-08
HT_018392,2025-07-22,China,Russian,Japanese,premium,25-34,M,Exam,2025-07
HT_018393,2025-05-02,USA,Chinese,Spanish|Arabic,free,35-44,M,Exam,2025-05
HT_018394,2025-09-13,France,Arabic,German|Spanish|Korean,free,25-34,M,Exam,2025-09
HT_018395,2026-03-31,Mexico,Russian,Chinese|Italian,free,25-34,Other,Hobby,2026-03
HT_018396,2025-04-15,France,Russian,Arabic|Chinese,premium,35-44,Other,Immigration,2025-04
HT_018397,2025-08-11,Australia,French,Korean,free,25-34,F,Exam,2025-08
HT_018398,2025-08-19,Germany,Chinese,Portuguese|Japanese|Italian,free,18-24,M,Immigration,2025-08
HT_018399,2026-01-31,France,Spanish,Korean|Russian,free,35-44,F,Hobby,2026-01
HT_018400,2025-09-14,Germany,Japanese,English|Italian,premium,25-34,Other,Immigration,2025-09
HT_018401,2025-05-31,Mexico,Arabic,Russian,free,25-34,Other,Business,2025-05
HT_018402,2026-02-24,China,Korean,Portuguese|Japanese|Spanish,free,25-34,F,Hobby,2026-02
HT_018403,2026-04-10,South Korea,Chinese,Arabic,free,18-24,M,Travel,2026-04
HT_018404,2025-11-08,Japan,English,Chinese|Spanish,free,18-24,F,Travel,2025-11
HT_018405,2025-09-25,Brazil,Portuguese,Arabic|Dutch,premium,18-24,F,Business,2025-09
HT_018406,2026-02-22,Japan,Japanese,Italian,free,35-44,F,Business,2026-02
HT_018407,2026-03-08,France,Portuguese,Russian|German,free,45+,F,Travel,2026-03
HT_018408,2025-12-17,UK,German,Italian,free,18-24,M,Travel,2025-12
HT_018409,2025-10-29,Mexico,Spanish,Chinese,free,25-34,M,Business,2025-10
HT_018410,2025-06-27,China,Arabic,Dutch|Italian|Russian,premium,25-34,F,Immigration,2025-06
HT_018411,2025-09-03,Germany,French,Italian|English|Portuguese,free,45+,Other,Hobby,2025-09
HT_018412,2025-07-19,Japan,Russian,Korean|Dutch|Italian,free,18-24,Other,Business,2025-07
HT_018413,2025-08-23,Canada,Arabic,Dutch|Russian,free,35-44,M,Hobby,2025-08
HT_018414,2025-06-19,UK,Russian,Arabic|English|Italian,free,35-44,Other,Travel,2025-06
HT_018415,2026-03-08,China,French,Japanese|Dutch|German,free,25-34,Other,Immigration,2026-03
HT_018416,2025-11-26,UK,English,Spanish|Korean|Portuguese,free,18-24,M,Exam,2025-11
HT_018417,2025-07-08,China,Portuguese,French,premium,18-24,F,Hobby,2025-07
HT_018418,2025-10-22,Spain,Portuguese,Japanese,free,18-24,Other,Hobby,2025-10
HT_018419,2025-09-23,Mexico,Spanish,Dutch|Japanese,free,25-34,F,Immigration,2025-09
HT_018420,2026-03-18,France,French,Chinese|Korean,free,45+,F,Immigration,2026-03
HT_018421,2025-11-16,Canada,Italian,Dutch|English|French,free,25-34,M,Travel,2025-11
HT_018422,2025-06-06,Mexico,Portuguese,Japanese|French,free,25-34,F,Hobby,2025-06
HT_018423,2025-09-16,Germany,Japanese,Italian,free,18-24,M,Hobby,2025-09
HT_018424,2025-11-17,Spain,German,Korean|Japanese|English,free,18-24,F,Business,2025-11
HT_018425,2026-03-11,Australia,Japanese,Italian|English|Arabic,free,25-34,Other,Immigration,2026-03
HT_018426,2025-06-16,France,Dutch,English|Russian,free,18-24,Other,Travel,2025-06
HT_018427,2025-05-09,Mexico,Arabic,Spanish,free,18-24,M,Exam,2025-05
HT_018428,2025-09-06,Brazil,Spanish,Dutch,free,45+,M,Immigration,2025-09
HT_018429,2026-04-04,Spain,Arabic,English,free,25-34,Other,Immigration,2026-04
HT_018430,2026-03-30,South Korea,Portuguese,Dutch,free,35-44,M,Hobby,2026-03
HT_018431,2025-05-08,China,Italian,Chinese|Japanese|French,free,18-24,Other,Exam,2025-05
HT_018432,2025-08-08,Mexico,French,Spanish|Chinese|German,free,25-34,Other,Immigration,2025-08
HT_018433,2026-01-03,Japan,Russian,German|French|Spanish,free,25-34,F,Hobby,2026-01
HT_018434,2025-06-05,UK,Russian,Dutch|Portuguese|Italian,free,25-34,M,Exam,2025-06
HT_018435,2025-09-21,China,Dutch,English|Russian|Arabic,premium,35-44,Other,Immigration,2025-09
HT_018436,2026-02-08,Brazil,Korean,German|Italian,free,35-44,F,Travel,2026-02
HT_018437,2025-08-26,Canada,Korean,French,free,25-34,F,Hobby,2025-08
HT_018438,2025-12-09,Mexico,Chinese,Russian|Arabic|Japanese,free,18-24,F,Travel,2025-12
HT_018439,2025-08-31,Japan,Italian,Korean|French|Japanese,free,18-24,F,Exam,2025-08
HT_018440,2025-06-01,Brazil,Portuguese,English|Spanish|Japanese,free,45+,Other,Business,2025-06
HT_018441,2025-05-21,France,Russian,Korean|English|Japanese,free,25-34,Other,Business,2025-05
HT_018442,2026-04-06,China,Portuguese,English|Arabic|Italian,free,25-34,Other,Immigration,2026-04
HT_018443,2025-12-28,Brazil,German,Spanish|Chinese,free,45+,Other,Travel,2025-12
HT_018444,2025-10-05,Germany,Italian,Portuguese|Chinese,premium,45+,Other,Immigration,2025-10
HT_018445,2025-06-01,China,Arabic,French|Dutch|English,free,35-44,Other,Hobby,2025-06
HT_018446,2025-05-10,France,French,Chinese,free,25-34,Other,Travel,2025-05
HT_018447,2025-06-15,South Korea,Chinese,Italian|Arabic,free,25-34,F,Hobby,2025-06
HT_018448,2026-02-09,Japan,Spanish,Russian,free,25-34,M,Hobby,2026-02
HT_018449,2025-09-22,Germany,Spanish,English|Russian,free,18-24,Other,Hobby,2025-09
HT_018450,2025-11-18,South Korea,Italian,Russian|Dutch,free,25-34,M,Business,2025-11
HT_018451,2025-08-09,South Korea,Japanese,Italian,free,25-34,F,Business,2025-08
HT_018452,2026-02-18,Japan,Portuguese,Dutch|French,free,45+,F,Travel,2026-02
HT_018453,2025-07-03,China,Arabic,Japanese|German,premium,25-34,Other,Immigration,2025-07
HT_018454,2026-02-15,USA,Spanish,Russian,free,18-24,M,Business,2026-02
HT_018455,2025-10-08,Japan,Japanese,French,free,25-34,Other,Immigration,2025-10
HT_018456,2026-01-23,Mexico,Arabic,English,free,25-34,F,Business,2026-01
HT_018457,2025-07-28,Brazil,English,Arabic|Chinese,free,18-24,F,Business,2025-07
HT_018458,2026-02-25,Canada,German,Arabic|English|Russian,free,35-44,M,Immigration,2026-02
HT_018459,2025-09-27,Brazil,Japanese,Russian|English|French,free,18-24,Other,Immigration,2025-09
HT_018460,2025-08-28,South Korea,Japanese,Russian,free,25-34,F,Exam,2025-08
HT_018461,2025-06-16,Japan,Arabic,Chinese|Russian,free,45+,Other,Hobby,2025-06
HT_018462,2026-03-08,Mexico,Italian,Russian|French|Dutch,free,18-24,F,Business,2026-03
HT_018463,2025-08-09,Australia,German,Italian|Dutch|Chinese,free,25-34,M,Travel,2025-08
HT_018464,2025-09-27,Japan,German,Portuguese,free,18-24,M,Exam,2025-09
HT_018465,2026-01-17,France,French,English,free,25-34,Other,Hobby,2026-01
HT_018466,2026-01-16,France,Spanish,French,free,25-34,F,Hobby,2026-01
HT_018467,2025-11-13,Mexico,English,Dutch|Portuguese,premium,25-34,F,Travel,2025-11
HT_018468,2025-07-07,Brazil,Japanese,Portuguese,free,18-24,Other,Hobby,2025-07
HT_018469,2025-05-07,Spain,Chinese,Japanese|Russian,free,25-34,M,Immigration,2025-05
HT_018470,2026-03-18,Brazil,Korean,Russian,free,35-44,M,Travel,2026-03
HT_018471,2026-03-09,USA,French,English|Russian,free,25-34,M,Immigration,2026-03
HT_018472,2025-11-18,South Korea,Arabic,Dutch,free,35-44,M,Travel,2025-11
HT_018473,2025-12-15,USA,Portuguese,English,free,18-24,M,Hobby,2025-12
HT_018474,2025-05-20,Spain,German,Russian|Arabic,free,35-44,M,Business,2025-05
HT_018475,2026-03-26,UK,French,Korean|English|Portuguese,free,25-34,Other,Hobby,2026-03
HT_018476,2025-12-22,Brazil,English,Dutch|French|German,premium,35-44,Other,Immigration,2025-12
HT_018477,2025-09-22,China,German,Dutch|Russian,free,18-24,F,Business,2025-09
HT_018478,2025-08-31,Spain,French,Russian,free,18-24,M,Exam,2025-08
HT_018479,2025-07-03,Mexico,Spanish,Russian,free,18-24,Other,Travel,2025-07
HT_018480,2025-12-12,UK,Dutch,Spanish|Japanese|Russian,free,25-34,M,Hobby,2025-12
HT_018481,2025-05-02,USA,Spanish,Italian,free,18-24,Other,Exam,2025-05
HT_018482,2026-02-23,Brazil,Russian,Korean|Chinese,free,18-24,Other,Immigration,2026-02
HT_018483,2025-04-28,France,Arabic,Portuguese,free,25-34,M,Travel,2025-04
HT_018484,2025-07-28,Mexico,Russian,French,free,18-24,F,Travel,2025-07
HT_018485,2025-05-25,USA,Spanish,English,free,25-34,F,Travel,2025-05
HT_018486,2025-12-11,Brazil,German,Russian|Italian,free,25-34,Other,Travel,2025-12
HT_018487,2026-04-12,Japan,French,Italian|German|Spanish,free,25-34,M,Hobby,2026-04
HT_018488,2025-11-11,UK,Portuguese,German|Japanese,premium,25-34,M,Travel,2025-11
HT_018489,2026-03-25,Mexico,Arabic,Dutch|English|Japanese,free,25-34,F,Immigration,2026-03
HT_018490,2025-07-15,Australia,Spanish,English|Chinese|French,free,35-44,F,Travel,2025-07
HT_018491,2025-06-21,France,Portuguese,Arabic,free,25-34,F,Hobby,2025-06
HT_018492,2025-06-04,Germany,Korean,Italian|Dutch|Chinese,free,25-34,M,Exam,2025-06
HT_018493,2025-09-24,Japan,French,German|Korean|Japanese,free,25-34,F,Hobby,2025-09
HT_018494,2026-02-28,China,Russian,Korean|Italian,free,35-44,F,Business,2026-02
HT_018495,2025-12-08,Australia,Italian,Dutch|French,free,25-34,Other,Hobby,2025-12
HT_018496,2025-10-18,UK,English,German|Portuguese,free,25-34,Other,Travel,2025-10
HT_018497,2025-05-13,Japan,Italian,German|English|Portuguese,free,18-24,M,Exam,2025-05
HT_018498,2025-08-22,Germany,Arabic,Portuguese|German,free,35-44,Other,Exam,2025-08
HT_018499,2026-01-29,Spain,Korean,Russian,free,18-24,M,Immigration,2026-01
HT_018500,2025-07-23,China,Chinese,Dutch|Japanese|Italian,premium,25-34,F,Business,2025-07
HT_018501,2026-04-10,China,Chinese,Russian|Portuguese|English,free,18-24,Other,Business,2026-04
HT_018502,2026-01-11,USA,Korean,Dutch|Italian|French,premium,25-34,F,Immigration,2026-01
HT_018503,2025-11-19,Spain,French,English,free,18-24,M,Travel,2025-11
HT_018504,2025-06-07,China,English,Dutch|Japanese|Italian,free,45+,Other,Exam,2025-06
HT_018505,2025-12-10,Mexico,French,Chinese|Portuguese|German,free,25-34,M,Travel,2025-12
HT_018506,2025-08-08,Mexico,Dutch,Spanish|Italian,free,35-44,M,Business,2025-08
HT_018507,2025-12-31,Canada,German,Arabic|Italian|Korean,free,25-34,M,Exam,2025-12
HT_018508,2026-03-07,China,English,Korean|German|Spanish,free,45+,M,Hobby,2026-03
HT_018509,2025-09-18,China,Spanish,Dutch|Portuguese,free,18-24,F,Immigration,2025-09
HT_018510,2025-12-15,Brazil,Italian,Japanese|Portuguese,free,18-24,F,Business,2025-12
HT_018511,2026-01-21,Germany,Chinese,German|Spanish|Portuguese,free,18-24,M,Business,2026-01
HT_018512,2025-04-16,Mexico,English,German|Spanish,free,25-34,Other,Hobby,2025-04
HT_018513,2025-05-29,Brazil,Chinese,English|Spanish,free,25-34,M,Business,2025-05
HT_018514,2025-09-01,Mexico,German,Portuguese|Russian,free,25-34,F,Business,2025-09
HT_018515,2025-09-28,Brazil,German,Spanish|Portuguese|French,free,25-34,M,Travel,2025-09
HT_018516,2025-04-14,Germany,Japanese,Korean,premium,18-24,Other,Travel,2025-04
HT_018517,2025-09-22,Australia,Chinese,French,free,18-24,M,Business,2025-09
HT_018518,2025-09-10,France,Japanese,Portuguese|Italian|French,free,35-44,F,Hobby,2025-09
HT_018519,2025-09-10,France,Chinese,Dutch,premium,45+,M,Hobby,2025-09
HT_018520,2026-02-14,UK,Japanese,French|Dutch|Arabic,free,18-24,M,Exam,2026-02
HT_018521,2025-07-03,Japan,Spanish,Italian,free,25-34,Other,Business,2025-07
HT_018522,2025-04-23,Japan,Japanese,Arabic|Korean|Russian,free,35-44,Other,Exam,2025-04
HT_018523,2026-03-11,Australia,Japanese,Italian|Spanish,free,25-34,Other,Exam,2026-03
HT_018524,2025-10-14,Spain,Dutch,English,free,35-44,F,Exam,2025-10
HT_018525,2025-12-29,China,Spanish,Italian,free,25-34,M,Exam,2025-12
HT_018526,2026-01-07,France,French,Japanese|Portuguese,free,25-34,M,Immigration,2026-01
HT_018527,2026-03-20,USA,Korean,Chinese|Spanish,free,25-34,F,Exam,2026-03
HT_018528,2026-03-29,UK,Spanish,Italian|Korean,free,35-44,Other,Exam,2026-03
HT_018529,2025-11-05,South Korea,German,Chinese|Italian,free,35-44,Other,Hobby,2025-11
HT_018530,2025-04-25,USA,Japanese,French|Russian,free,25-34,F,Exam,2025-04
HT_018531,2025-07-30,Mexico,Korean,German|Chinese,free,18-24,F,Business,2025-07
HT_018532,2025-08-08,Canada,Portuguese,German|Spanish,free,45+,M,Travel,2025-08
HT_018533,2026-01-16,Australia,Japanese,French|Russian|German,free,25-34,Other,Hobby,2026-01
HT_018534,2025-08-04,South Korea,Arabic,Dutch,free,35-44,M,Business,2025-08
HT_018535,2025-12-12,UK,English,Korean,free,35-44,F,Travel,2025-12
HT_018536,2025-10-03,Brazil,Portuguese,Spanish|Chinese,free,25-34,F,Exam,2025-10
HT_018537,2025-11-19,Germany,Portuguese,Japanese,free,25-34,F,Hobby,2025-11
HT_018538,2026-03-27,Brazil,Portuguese,Korean,free,25-34,F,Exam,2026-03
HT_018539,2026-01-01,France,Russian,Portuguese|English,free,18-24,M,Hobby,2026-01
HT_018540,2025-11-11,Canada,French,Portuguese|Korean,free,35-44,M,Business,2025-11
HT_018541,2026-03-03,UK,Chinese,Arabic|English|Korean,free,35-44,F,Hobby,2026-03
HT_018542,2025-10-15,Mexico,Arabic,Japanese|Russian,free,25-34,Other,Immigration,2025-10
HT_018543,2026-01-18,Mexico,English,Russian|Japanese,free,35-44,Other,Hobby,2026-01
HT_018544,2025-10-22,Mexico,Italian,Spanish|English|French,free,18-24,Other,Travel,2025-10
HT_018545,2025-09-10,USA,German,Spanish|English,free,25-34,Other,Hobby,2025-09
HT_018546,2025-12-01,UK,Dutch,Japanese|Portuguese,free,35-44,M,Immigration,2025-12
HT_018547,2025-07-22,Mexico,Spanish,German|Arabic|Russian,free,35-44,F,Travel,2025-07
HT_018548,2025-06-22,Japan,Italian,Korean|Russian,free,25-34,Other,Travel,2025-06
HT_018549,2026-03-21,China,English,Russian|Japanese|Dutch,free,25-34,M,Travel,2026-03
HT_018550,2025-10-10,Australia,English,Russian|German|Chinese,free,45+,Other,Travel,2025-10
HT_018551,2025-10-28,Brazil,Spanish,Japanese|Dutch|Korean,free,25-34,M,Exam,2025-10
HT_018552,2025-05-31,Canada,English,Japanese|Dutch,free,18-24,M,Exam,2025-05
HT_018553,2025-11-03,Japan,Arabic,Chinese|Russian|Japanese,free,18-24,M,Business,2025-11
HT_018554,2025-12-17,Mexico,Portuguese,Dutch|Japanese|French,free,18-24,M,Immigration,2025-12
HT_018555,2026-03-03,Spain,Russian,Japanese,free,18-24,M,Travel,2026-03
HT_018556,2026-01-26,China,Japanese,French|Spanish,free,18-24,F,Business,2026-01
HT_018557,2025-08-09,UK,Dutch,English|Japanese|French,free,25-34,F,Business,2025-08
HT_018558,2026-02-15,UK,Korean,Japanese,free,35-44,F,Hobby,2026-02
HT_018559,2026-01-23,USA,Korean,Chinese,free,35-44,M,Exam,2026-01
HT_018560,2025-12-24,Australia,Spanish,Korean,free,25-34,M,Travel,2025-12
HT_018561,2026-03-19,Mexico,German,Portuguese|Italian,free,25-34,F,Immigration,2026-03
HT_018562,2025-08-06,Spain,Korean,Chinese|Italian|Dutch,premium,35-44,M,Travel,2025-08
HT_018563,2026-01-23,Mexico,Korean,Chinese|Arabic,free,35-44,Other,Hobby,2026-01
HT_018564,2026-02-28,Brazil,Arabic,Dutch|Korean|Chinese,free,35-44,Other,Immigration,2026-02
HT_018565,2025-10-12,Germany,Japanese,French,free,35-44,F,Travel,2025-10
HT_018566,2025-10-04,USA,Dutch,Italian,free,25-34,Other,Exam,2025-10
HT_018567,2026-01-17,Spain,Spanish,French|Dutch,free,25-34,F,Immigration,2026-01
HT_018568,2025-12-07,USA,English,French|Portuguese|Italian,free,25-34,Other,Immigration,2025-12
HT_018569,2025-11-18,Brazil,Korean,Chinese|French|German,free,35-44,Other,Immigration,2025-11
HT_018570,2026-04-12,South Korea,Dutch,Korean,free,35-44,Other,Business,2026-04
HT_018571,2025-11-16,China,Spanish,Korean|Russian,free,18-24,F,Hobby,2025-11
HT_018572,2025-09-05,Spain,Spanish,Italian|Korean|French,free,25-34,Other,Travel,2025-09
HT_018573,2025-12-21,Canada,Arabic,French,free,25-34,F,Immigration,2025-12
HT_018574,2025-07-12,Germany,German,Dutch|Italian,free,18-24,Other,Immigration,2025-07
HT_018575,2026-03-05,Mexico,German,Portuguese|Russian|Spanish,free,18-24,M,Exam,2026-03
HT_018576,2026-03-24,Mexico,German,Korean|French,free,35-44,M,Hobby,2026-03
HT_018577,2025-09-10,Spain,English,French|Chinese,premium,25-34,Other,Exam,2025-09
HT_018578,2025-06-28,Japan,Japanese,Dutch|Russian|German,free,18-24,Other,Hobby,2025-06
HT_018579,2025-06-04,China,French,German|Portuguese|Dutch,free,35-44,Other,Travel,2025-06
HT_018580,2025-10-24,Mexico,Russian,Portuguese,free,35-44,Other,Business,2025-10
HT_018581,2025-06-11,Mexico,English,Spanish|Portuguese|Chinese,premium,35-44,M,Travel,2025-06
HT_018582,2025-10-12,Canada,Japanese,Italian,free,25-34,M,Immigration,2025-10
HT_018583,2025-11-13,Japan,Portuguese,German,free,25-34,M,Hobby,2025-11
HT_018584,2025-10-27,Canada,French,German|Arabic|English,free,35-44,M,Exam,2025-10
HT_018585,2025-09-01,France,Korean,Spanish,free,25-34,F,Hobby,2025-09
HT_018586,2026-03-23,South Korea,Chinese,Korean|French|Italian,premium,45+,F,Immigration,2026-03
HT_018587,2025-07-02,China,Japanese,Dutch|Korean,free,25-34,F,Exam,2025-07
HT_018588,2025-12-04,USA,Chinese,Arabic|Korean|Russian,free,25-34,F,Hobby,2025-12
HT_018589,2026-02-04,Australia,Arabic,Korean|Spanish,premium,18-24,F,Travel,2026-02
HT_018590,2025-06-25,Brazil,Chinese,Russian|Spanish,free,25-34,Other,Business,2025-06
HT_018591,2025-11-12,Germany,Japanese,French,free,18-24,Other,Travel,2025-11
HT_018592,2026-02-06,Australia,Russian,Korean|Spanish,free,18-24,M,Hobby,2026-02
HT_018593,2026-02-02,Canada,Dutch,Portuguese|French|Arabic,free,35-44,F,Immigration,2026-02
HT_018594,2026-03-11,UK,Italian,Arabic,free,18-24,Other,Business,2026-03
HT_018595,2025-12-21,Canada,Portuguese,German|English,free,25-34,Other,Exam,2025-12
HT_018596,2025-06-24,Mexico,English,German|Chinese,free,18-24,Other,Hobby,2025-06
HT_018597,2025-10-29,Australia,German,Italian,free,25-34,Other,Travel,2025-10
HT_018598,2025-06-30,Mexico,Japanese,Portuguese|Chinese,free,25-34,M,Immigration,2025-06
HT_018599,2026-03-22,France,Dutch,English|Spanish,free,18-24,F,Exam,2026-03
HT_018600,2025-10-25,South Korea,English,Japanese|Korean,free,18-24,Other,Exam,2025-10
HT_018601,2025-08-20,Japan,Spanish,Italian|Arabic|Chinese,free,25-34,Other,Immigration,2025-08
HT_018602,2026-01-22,USA,Japanese,Italian|Russian|Chinese,free,25-34,Other,Travel,2026-01
HT_018603,2025-08-04,UK,Dutch,Portuguese|German,premium,25-34,Other,Immigration,2025-08
HT_018604,2025-07-17,South Korea,Japanese,Arabic|Italian|English,free,25-34,F,Hobby,2025-07
HT_018605,2025-06-23,Germany,Russian,Portuguese|Korean,free,35-44,M,Business,2025-06
HT_018606,2025-05-26,Canada,Italian,Spanish|Korean,free,25-34,M,Immigration,2025-05
HT_018607,2025-11-25,Australia,English,Italian,free,25-34,M,Travel,2025-11
HT_018608,2025-06-04,Brazil,Italian,Dutch|German,premium,25-34,M,Hobby,2025-06
HT_018609,2025-09-22,USA,Italian,English|Portuguese,premium,18-24,Other,Business,2025-09
HT_018610,2026-02-18,Brazil,German,Spanish|Italian,premium,18-24,F,Travel,2026-02
HT_018611,2025-05-04,Brazil,Portuguese,Dutch|Japanese,free,25-34,M,Exam,2025-05
HT_018612,2025-12-16,Australia,Korean,French|English,free,18-24,Other,Exam,2025-12
HT_018613,2025-07-15,Japan,French,Arabic,premium,25-34,Other,Exam,2025-07
HT_018614,2025-09-06,South Korea,Chinese,English,free,35-44,M,Business,2025-09
HT_018615,2025-04-15,France,Portuguese,German,free,18-24,M,Immigration,2025-04
HT_018616,2025-10-05,Australia,Korean,English|German,free,25-34,Other,Hobby,2025-10
HT_018617,2025-05-31,France,Chinese,German|English|Dutch,free,25-34,Other,Travel,2025-05
HT_018618,2025-05-11,China,Arabic,Dutch,free,18-24,F,Exam,2025-05
HT_018619,2025-12-17,Brazil,German,Russian,free,25-34,M,Business,2025-12
HT_018620,2025-06-28,Germany,German,Japanese|Spanish|Italian,free,18-24,F,Travel,2025-06
HT_018621,2026-04-12,China,German,Spanish|Portuguese|Russian,free,35-44,F,Immigration,2026-04
HT_018622,2025-06-08,South Korea,English,German|Russian,free,25-34,M,Business,2025-06
HT_018623,2025-09-03,Mexico,Italian,Japanese|French,free,35-44,Other,Exam,2025-09
HT_018624,2025-09-26,France,Chinese,Korean|German|Arabic,free,18-24,M,Hobby,2025-09
HT_018625,2025-09-30,Germany,Dutch,Spanish,premium,35-44,F,Immigration,2025-09
HT_018626,2026-01-08,China,Dutch,Russian|Chinese,free,25-34,F,Business,2026-01
HT_018627,2025-08-06,South Korea,Chinese,Dutch|Russian,free,45+,F,Immigration,2025-08
HT_018628,2025-11-13,UK,Korean,French|Portuguese|Chinese,free,25-34,F,Travel,2025-11
HT_018629,2025-10-13,France,Dutch,English|French,free,18-24,Other,Business,2025-10
HT_018630,2025-07-07,China,Portuguese,Spanish|German,free,18-24,Other,Immigration,2025-07
HT_018631,2026-01-07,Australia,Korean,Chinese|Portuguese|English,free,25-34,M,Immigration,2026-01
HT_018632,2026-01-12,USA,Italian,Chinese|French,free,35-44,F,Immigration,2026-01
HT_018633,2025-05-17,USA,Spanish,Dutch|Japanese|Korean,free,18-24,Other,Exam,2025-05
HT_018634,2025-08-29,Spain,Japanese,Italian|Korean,free,25-34,F,Hobby,2025-08
HT_018635,2025-11-18,Germany,English,Japanese,free,25-34,Other,Exam,2025-11
HT_018636,2025-11-18,France,Spanish,English|Chinese,free,18-24,M,Hobby,2025-11
HT_018637,2026-04-04,Japan,Russian,German|Arabic|Japanese,free,25-34,F,Immigration,2026-04
HT_018638,2025-05-25,Spain,Japanese,Chinese|Korean,free,45+,Other,Travel,2025-05
HT_018639,2025-06-05,Australia,Japanese,Arabic,free,18-24,M,Exam,2025-06
HT_018640,2026-03-22,Germany,Spanish,French,free,25-34,F,Business,2026-03
HT_018641,2026-02-27,Spain,English,French|Arabic,premium,35-44,Other,Exam,2026-02
HT_018642,2025-07-28,Germany,English,Japanese,free,18-24,Other,Hobby,2025-07
HT_018643,2025-09-29,Canada,Dutch,Italian|French,free,25-34,F,Travel,2025-09
HT_018644,2025-10-20,South Korea,Japanese,Korean,free,18-24,Other,Travel,2025-10
HT_018645,2025-12-16,Canada,Dutch,Japanese|Arabic,free,25-34,Other,Hobby,2025-12
HT_018646,2025-06-08,USA,French,Spanish|Italian|Russian,free,25-34,M,Immigration,2025-06
HT_018647,2025-12-11,Spain,Dutch,Japanese,free,45+,M,Business,2025-12
HT_018648,2026-02-27,Canada,Italian,Dutch|Arabic,premium,18-24,M,Hobby,2026-02
HT_018649,2026-01-17,Mexico,French,Dutch|Korean|Japanese,free,18-24,M,Immigration,2026-01
HT_018650,2025-10-12,Brazil,Russian,Spanish|Italian|Arabic,free,18-24,Other,Business,2025-10
HT_018651,2026-03-28,South Korea,Korean,Chinese|Arabic,premium,25-34,M,Exam,2026-03
HT_018652,2025-10-07,Spain,French,Italian|Japanese|Dutch,free,18-24,Other,Travel,2025-10
HT_018653,2025-10-05,USA,Russian,Italian,free,18-24,M,Exam,2025-10
HT_018654,2025-07-07,Australia,Dutch,French|English,free,18-24,M,Exam,2025-07
HT_018655,2025-12-09,China,Italian,Japanese|Spanish|Russian,free,18-24,F,Immigration,2025-12
HT_018656,2025-08-17,Brazil,Korean,Chinese,free,18-24,F,Exam,2025-08
HT_018657,2025-08-16,Canada,Korean,German,free,45+,M,Exam,2025-08
HT_018658,2026-03-22,Spain,Dutch,French|Russian,free,18-24,F,Immigration,2026-03
HT_018659,2026-01-23,Japan,English,Russian|Italian,premium,35-44,F,Immigration,2026-01
HT_018660,2025-08-15,Spain,Russian,Italian,free,45+,F,Hobby,2025-08
HT_018661,2025-05-16,UK,Arabic,Korean|Portuguese,free,25-34,F,Business,2025-05
HT_018662,2025-10-10,Mexico,Russian,French|Portuguese,premium,18-24,Other,Travel,2025-10
HT_018663,2025-05-30,Germany,Korean,Japanese,free,18-24,F,Exam,2025-05
HT_018664,2025-08-05,Australia,Chinese,English|Japanese,free,25-34,M,Business,2025-08
HT_018665,2026-03-13,South Korea,Spanish,Italian,free,18-24,F,Immigration,2026-03
HT_018666,2025-08-05,Australia,Japanese,German|French|Chinese,free,25-34,F,Travel,2025-08
HT_018667,2025-04-21,Brazil,Portuguese,Korean|Dutch|Russian,free,25-34,F,Travel,2025-04
HT_018668,2025-09-19,Spain,Spanish,Italian,free,18-24,F,Hobby,2025-09
HT_018669,2026-01-31,Mexico,Japanese,Arabic|Italian,premium,35-44,F,Travel,2026-01
HT_018670,2026-02-18,Germany,Japanese,German|Portuguese,free,45+,F,Business,2026-02
HT_018671,2026-04-10,Spain,English,French,free,25-34,Other,Travel,2026-04
HT_018672,2025-06-14,South Korea,Dutch,Portuguese,premium,35-44,Other,Hobby,2025-06
HT_018673,2025-06-22,Brazil,Korean,German,free,35-44,Other,Immigration,2025-06
HT_018674,2025-09-01,Brazil,German,Dutch|French|Portuguese,premium,25-34,M,Travel,2025-09
HT_018675,2026-02-19,Australia,Portuguese,Dutch|French|Arabic,free,25-34,M,Exam,2026-02
HT_018676,2025-10-17,South Korea,Chinese,Japanese|Italian|Portuguese,free,35-44,F,Business,2025-10
HT_018677,2026-02-16,Germany,French,Russian|Portuguese,free,25-34,M,Travel,2026-02
HT_018678,2025-09-07,Canada,Spanish,Japanese,premium,35-44,Other,Exam,2025-09
HT_018679,2025-11-08,UK,Italian,Russian,premium,18-24,M,Exam,2025-11
HT_018680,2025-05-22,South Korea,German,Italian|Korean,premium,25-34,M,Business,2025-05
HT_018681,2026-03-07,Germany,Portuguese,French,free,18-24,F,Business,2026-03
HT_018682,2025-09-23,Japan,English,French|Russian|German,free,25-34,F,Travel,2025-09
HT_018683,2025-12-03,UK,Russian,Arabic,free,25-34,Other,Immigration,2025-12
HT_018684,2025-04-30,Brazil,Dutch,Portuguese|Italian,free,35-44,F,Business,2025-04
HT_018685,2025-09-05,UK,Korean,Italian|German,free,18-24,F,Business,2025-09
HT_018686,2025-09-09,Canada,Spanish,German|English|Portuguese,free,18-24,F,Business,2025-09
HT_018687,2026-01-18,Mexico,Korean,Portuguese|French|English,free,18-24,M,Exam,2026-01
HT_018688,2026-04-07,Japan,Spanish,German|Korean,free,35-44,F,Exam,2026-04
HT_018689,2026-01-19,Germany,German,Russian|Dutch|French,free,18-24,Other,Hobby,2026-01
HT_018690,2026-02-14,South Korea,Chinese,Korean|Dutch|Portuguese,free,18-24,M,Hobby,2026-02
HT_018691,2025-09-25,Canada,English,Spanish,free,35-44,Other,Travel,2025-09
HT_018692,2025-07-09,Japan,English,German,free,25-34,Other,Business,2025-07
HT_018693,2025-04-29,UK,Japanese,Korean|Chinese|Arabic,free,25-34,M,Hobby,2025-04
HT_018694,2026-04-10,Canada,Italian,Portuguese|Korean|Arabic,free,45+,F,Travel,2026-04
HT_018695,2025-04-12,Brazil,English,French|Spanish|Italian,free,18-24,M,Hobby,2025-04
HT_018696,2026-03-08,Canada,Portuguese,Japanese,premium,25-34,Other,Immigration,2026-03
HT_018697,2025-07-23,Japan,Korean,English|Arabic,free,18-24,M,Hobby,2025-07
HT_018698,2026-03-30,Spain,Chinese,Russian,free,18-24,F,Business,2026-03
HT_018699,2026-03-07,Germany,Korean,Italian|Russian,free,18-24,Other,Travel,2026-03
HT_018700,2026-03-08,UK,Italian,Dutch|Portuguese|Korean,free,25-34,F,Immigration,2026-03
HT_018701,2026-02-16,France,English,Spanish|Arabic|Italian,free,25-34,F,Travel,2026-02
HT_018702,2025-09-23,South Korea,Italian,Arabic,free,25-34,M,Immigration,2025-09
HT_018703,2026-02-11,Spain,German,Korean|French,free,18-24,M,Exam,2026-02
HT_018704,2026-02-13,South Korea,Portuguese,French|German,free,18-24,Other,Travel,2026-02
HT_018705,2025-07-27,Brazil,Russian,English|Korean|Japanese,free,35-44,M,Business,2025-07
HT_018706,2025-07-14,Spain,Chinese,Portuguese,free,25-34,F,Hobby,2025-07
HT_018707,2026-04-07,Brazil,Korean,Chinese|Russian|Japanese,free,18-24,Other,Hobby,2026-04
HT_018708,2026-04-05,Germany,Spanish,Italian|English,free,18-24,F,Business,2026-04
HT_018709,2025-11-16,Germany,Italian,Chinese|German,free,18-24,Other,Hobby,2025-11
HT_018710,2026-03-12,Australia,Italian,Chinese|French,free,25-34,Other,Business,2026-03
HT_018711,2026-01-25,Spain,Japanese,Italian|Russian,premium,25-34,M,Travel,2026-01
HT_018712,2025-04-18,China,Spanish,German,free,25-34,Other,Hobby,2025-04
HT_018713,2025-09-19,Spain,Italian,Russian,free,25-34,Other,Business,2025-09
HT_018714,2025-04-18,South Korea,Arabic,Russian|German|French,premium,18-24,M,Immigration,2025-04
HT_018715,2025-06-13,Brazil,Korean,Arabic|French,free,35-44,M,Travel,2025-06
HT_018716,2025-09-03,Canada,Spanish,Russian|Chinese,free,18-24,M,Travel,2025-09
HT_018717,2025-12-17,Australia,Russian,Italian|Japanese|Dutch,free,45+,F,Exam,2025-12
HT_018718,2025-12-21,Germany,French,Chinese,free,35-44,F,Exam,2025-12
HT_018719,2025-12-23,UK,Arabic,Korean|German|Spanish,premium,35-44,Other,Business,2025-12
HT_018720,2025-07-07,Germany,Arabic,German|Korean,premium,25-34,M,Exam,2025-07
HT_018721,2025-11-13,Canada,Italian,Korean|German,free,25-34,M,Exam,2025-11
HT_018722,2026-02-14,Australia,Italian,Japanese,free,18-24,Other,Hobby,2026-02
HT_018723,2026-01-31,Brazil,French,Italian|Russian|Korean,free,35-44,F,Immigration,2026-01
HT_018724,2025-10-12,France,German,Arabic|French,free,25-34,Other,Travel,2025-10
HT_018725,2025-07-20,Mexico,English,French|Japanese,free,18-24,F,Hobby,2025-07
HT_018726,2026-02-08,France,Italian,Arabic|German|Chinese,free,25-34,M,Immigration,2026-02
HT_018727,2025-09-06,Canada,Arabic,Russian|German,premium,18-24,F,Business,2025-09
HT_018728,2025-06-06,Germany,Korean,German|Japanese|Arabic,premium,18-24,Other,Exam,2025-06
HT_018729,2025-08-06,Brazil,Portuguese,Spanish,free,18-24,M,Exam,2025-08
HT_018730,2026-03-20,Brazil,Korean,French,free,18-24,M,Business,2026-03
HT_018731,2025-04-22,Mexico,Spanish,Italian,free,35-44,Other,Exam,2025-04
HT_018732,2025-12-11,Germany,Dutch,Korean|Russian,free,18-24,F,Exam,2025-12
HT_018733,2025-12-05,Germany,Arabic,Russian|German|Korean,free,35-44,M,Hobby,2025-12
HT_018734,2025-06-02,USA,Japanese,Portuguese,free,18-24,M,Exam,2025-06
HT_018735,2025-06-30,USA,Dutch,French|Japanese,free,25-34,Other,Exam,2025-06
HT_018736,2025-04-20,Australia,Japanese,German|Portuguese|Arabic,premium,25-34,F,Hobby,2025-04
HT_018737,2025-10-05,UK,Spanish,English,free,35-44,F,Immigration,2025-10
HT_018738,2025-09-23,USA,Chinese,Korean,free,18-24,F,Hobby,2025-09
HT_018739,2025-09-10,Australia,German,Chinese|Russian|Spanish,free,25-34,F,Business,2025-09
HT_018740,2025-07-01,Germany,Spanish,German|Russian,premium,35-44,Other,Exam,2025-07
HT_018741,2025-09-27,South Korea,Italian,Chinese,free,25-34,M,Travel,2025-09
HT_018742,2026-03-21,USA,English,Chinese|Russian,free,25-34,Other,Hobby,2026-03
HT_018743,2025-12-31,Spain,Arabic,Spanish,free,25-34,F,Exam,2025-12
HT_018744,2026-01-25,Japan,German,Spanish,free,45+,F,Travel,2026-01
HT_018745,2026-03-06,Germany,French,Italian|Russian,free,18-24,F,Exam,2026-03
HT_018746,2025-07-25,Australia,German,Dutch|Arabic,free,25-34,F,Immigration,2025-07
HT_018747,2026-01-30,UK,Spanish,Dutch|Korean|Chinese,free,25-34,Other,Business,2026-01
HT_018748,2025-06-23,UK,Portuguese,Arabic|English,free,25-34,M,Immigration,2025-06
HT_018749,2025-11-13,USA,French,Italian,free,25-34,Other,Immigration,2025-11
HT_018750,2025-10-04,Canada,Arabic,Russian|Dutch|Chinese,free,18-24,F,Business,2025-10
HT_018751,2025-09-29,USA,Korean,Arabic,free,45+,M,Immigration,2025-09
HT_018752,2025-08-21,Spain,Arabic,Korean|Chinese,free,18-24,M,Immigration,2025-08
HT_018753,2025-09-27,Canada,Arabic,French|Korean|Chinese,free,45+,M,Exam,2025-09
HT_018754,2025-11-17,UK,Spanish,Russian|Arabic|German,free,25-34,Other,Business,2025-11
HT_018755,2025-08-21,France,Dutch,Russian|Chinese,free,18-24,Other,Immigration,2025-08
HT_018756,2025-06-07,Australia,Chinese,English|Dutch|French,free,18-24,M,Immigration,2025-06
HT_018757,2026-04-12,Canada,Italian,Arabic|English|Portuguese,premium,35-44,Other,Hobby,2026-04
HT_018758,2025-07-23,Spain,English,Arabic|Portuguese,free,35-44,M,Immigration,2025-07
HT_018759,2026-02-09,France,Portuguese,Spanish|German|Arabic,premium,35-44,M,Business,2026-02
HT_018760,2025-08-04,UK,Italian,Spanish|Korean,premium,25-34,F,Business,2025-08
HT_018761,2025-08-24,Japan,German,Russian|English|Chinese,free,35-44,F,Business,2025-08
HT_018762,2025-08-15,Canada,English,Korean|German,free,25-34,M,Hobby,2025-08
HT_018763,2025-08-09,UK,Portuguese,Chinese,free,18-24,M,Travel,2025-08
HT_018764,2025-08-21,Mexico,Arabic,Dutch,free,25-34,Other,Business,2025-08
HT_018765,2025-06-19,Spain,German,Portuguese,premium,25-34,F,Hobby,2025-06
HT_018766,2025-06-17,Japan,French,Dutch,free,35-44,Other,Business,2025-06
HT_018767,2025-07-11,Spain,Arabic,Japanese|Italian|French,free,25-34,M,Exam,2025-07
HT_018768,2026-01-27,China,Arabic,Portuguese,premium,25-34,Other,Travel,2026-01
HT_018769,2026-01-12,Spain,Italian,German,free,18-24,M,Hobby,2026-01
HT_018770,2025-11-09,Germany,Korean,Chinese,free,18-24,F,Immigration,2025-11
HT_018771,2025-05-06,France,Italian,French|Korean,premium,25-34,Other,Hobby,2025-05
HT_018772,2026-04-10,Mexico,German,French,free,45+,F,Business,2026-04
HT_018773,2025-12-09,UK,Chinese,Italian,free,25-34,F,Exam,2025-12
HT_018774,2025-07-12,South Korea,Portuguese,French,free,18-24,M,Exam,2025-07
HT_018775,2025-05-24,France,French,Russian,free,18-24,M,Immigration,2025-05
HT_018776,2025-10-13,Brazil,Portuguese,Spanish|Korean,free,18-24,Other,Exam,2025-10
HT_018777,2025-06-19,Spain,Arabic,English,free,35-44,F,Exam,2025-06
HT_018778,2025-07-10,UK,Japanese,Spanish,free,25-34,Other,Immigration,2025-07
HT_018779,2025-12-06,Mexico,French,Italian|Portuguese|Spanish,free,25-34,F,Hobby,2025-12
HT_018780,2025-08-18,Spain,French,English|Italian|Portuguese,free,18-24,M,Immigration,2025-08
HT_018781,2025-05-07,South Korea,Portuguese,Chinese|Korean,free,45+,M,Immigration,2025-05
HT_018782,2025-09-09,Brazil,Dutch,Japanese|Italian|Chinese,free,35-44,M,Exam,2025-09
HT_018783,2025-04-18,Japan,Spanish,Korean|Dutch|German,free,35-44,F,Travel,2025-04
HT_018784,2026-01-29,Japan,Korean,Russian|Arabic,premium,35-44,M,Business,2026-01
HT_018785,2025-11-12,UK,French,English,free,18-24,F,Immigration,2025-11
HT_018786,2025-12-12,USA,Arabic,Japanese,free,25-34,Other,Business,2025-12
HT_018787,2025-10-27,USA,Chinese,Portuguese|Japanese,free,35-44,F,Immigration,2025-10
HT_018788,2025-08-31,Spain,Portuguese,Chinese,free,35-44,M,Exam,2025-08
HT_018789,2025-10-22,Mexico,Spanish,Chinese|Korean|Russian,free,25-34,Other,Business,2025-10
HT_018790,2026-01-13,France,Italian,Dutch|Spanish|Portuguese,premium,18-24,Other,Exam,2026-01
HT_018791,2025-09-25,China,German,Italian|English,free,25-34,M,Hobby,2025-09
HT_018792,2025-05-23,Spain,French,Portuguese|Italian,free,25-34,M,Travel,2025-05
HT_018793,2026-01-15,Spain,Japanese,Italian|Arabic,free,18-24,M,Exam,2026-01
HT_018794,2026-04-09,Brazil,Portuguese,Dutch|Japanese|French,free,25-34,F,Business,2026-04
HT_018795,2025-12-18,Mexico,English,German|Chinese,free,18-24,M,Business,2025-12
HT_018796,2025-06-17,Brazil,Arabic,English,free,25-34,F,Business,2025-06
HT_018797,2025-06-10,Japan,German,Arabic|Dutch,free,25-34,F,Travel,2025-06
HT_018798,2025-11-24,UK,Russian,Portuguese|Dutch,free,25-34,M,Immigration,2025-11
HT_018799,2025-12-23,Germany,Portuguese,German|Japanese|Arabic,free,18-24,Other,Hobby,2025-12
HT_018800,2025-12-01,Brazil,Italian,French,free,18-24,Other,Exam,2025-12
HT_018801,2026-03-14,UK,Portuguese,Russian,free,35-44,Other,Business,2026-03
HT_018802,2025-06-10,South Korea,Italian,Russian|Chinese,free,35-44,F,Hobby,2025-06
HT_018803,2025-04-19,UK,Portuguese,French|Russian,free,45+,F,Travel,2025-04
HT_018804,2025-08-23,France,Russian,Portuguese|German,free,35-44,F,Hobby,2025-08
HT_018805,2026-03-18,Brazil,Dutch,French,free,25-34,M,Business,2026-03
HT_018806,2025-09-21,Brazil,Spanish,French,free,18-24,M,Hobby,2025-09
HT_018807,2026-01-28,Japan,English,Chinese|Dutch,free,18-24,Other,Travel,2026-01
HT_018808,2025-12-09,Germany,Japanese,Korean|English,free,25-34,F,Travel,2025-12
HT_018809,2025-07-25,Australia,Chinese,Dutch|Italian|Russian,free,25-34,Other,Exam,2025-07
HT_018810,2025-10-03,Australia,Korean,Portuguese|Spanish|Arabic,free,25-34,M,Travel,2025-10
HT_018811,2025-10-21,China,French,Japanese|Dutch|Portuguese,free,25-34,Other,Business,2025-10
HT_018812,2025-09-06,USA,Portuguese,German|Arabic|Japanese,free,18-24,Other,Immigration,2025-09
HT_018813,2026-04-11,Japan,Japanese,English|Arabic|Italian,free,35-44,Other,Business,2026-04
HT_018814,2025-05-24,Germany,Russian,Japanese|French,free,18-24,Other,Hobby,2025-05
HT_018815,2026-03-23,Australia,Russian,English|Korean|Japanese,free,25-34,M,Business,2026-03
HT_018816,2026-01-02,South Korea,Russian,Dutch|Portuguese,free,25-34,F,Business,2026-01
HT_018817,2025-10-26,Brazil,Spanish,English,free,35-44,F,Immigration,2025-10
HT_018818,2026-01-08,Germany,Russian,Japanese,free,18-24,M,Hobby,2026-01
HT_018819,2026-02-07,Germany,German,Dutch|Japanese,free,25-34,F,Travel,2026-02
HT_018820,2025-08-26,Mexico,Dutch,Korean,free,25-34,F,Hobby,2025-08
HT_018821,2026-02-14,Australia,Japanese,Chinese|Dutch,premium,25-34,Other,Exam,2026-02
HT_018822,2025-11-27,Japan,Italian,Japanese,free,25-34,F,Exam,2025-11
HT_018823,2025-11-21,USA,Korean,Dutch,free,25-34,F,Exam,2025-11
HT_018824,2025-11-06,Spain,German,Spanish|Arabic|Korean,free,25-34,M,Exam,2025-11
HT_018825,2026-01-23,Japan,Chinese,Italian|Japanese|French,free,35-44,M,Business,2026-01
HT_018826,2025-04-16,Germany,Arabic,Portuguese,free,18-24,F,Exam,2025-04
HT_018827,2025-12-06,China,Arabic,German|Portuguese,free,35-44,F,Immigration,2025-12
HT_018828,2025-07-25,Germany,Arabic,Portuguese|German,premium,25-34,M,Travel,2025-07
HT_018829,2025-09-03,UK,Arabic,German,free,35-44,M,Immigration,2025-09
HT_018830,2025-06-18,Japan,Chinese,German|Korean|Arabic,free,18-24,M,Exam,2025-06
HT_018831,2025-06-21,China,Spanish,German,free,18-24,Other,Immigration,2025-06
HT_018832,2025-05-07,Spain,Italian,Japanese|French|Dutch,free,35-44,Other,Hobby,2025-05
HT_018833,2026-01-05,Mexico,Russian,Italian|Arabic|Portuguese,free,45+,F,Hobby,2026-01
HT_018834,2025-11-28,South Korea,Korean,English,free,45+,F,Business,2025-11
HT_018835,2025-12-21,Japan,Chinese,Arabic|English|Italian,free,25-34,Other,Exam,2025-12
HT_018836,2025-09-02,Brazil,Portuguese,Spanish|Arabic,free,35-44,M,Immigration,2025-09
HT_018837,2026-02-22,Spain,Dutch,Portuguese|English,free,18-24,Other,Business,2026-02
HT_018838,2026-02-10,Mexico,Russian,Korean|Spanish,premium,35-44,Other,Hobby,2026-02
HT_018839,2025-08-15,UK,Dutch,Chinese|French,free,35-44,F,Business,2025-08
HT_018840,2026-02-28,Australia,Chinese,Japanese,free,25-34,M,Exam,2026-02
HT_018841,2025-10-06,Canada,Japanese,German,free,25-34,M,Exam,2025-10
HT_018842,2025-12-02,Japan,Chinese,Portuguese,free,25-34,F,Exam,2025-12
HT_018843,2025-09-23,China,Spanish,Russian,premium,18-24,F,Business,2025-09
HT_018844,2026-01-26,South Korea,Arabic,Japanese|Spanish,free,25-34,Other,Travel,2026-01
HT_018845,2025-10-25,Germany,Korean,Japanese|Spanish,free,25-34,M,Immigration,2025-10
HT_018846,2025-05-10,Australia,German,Dutch|Portuguese|Chinese,free,18-24,M,Immigration,2025-05
HT_018847,2025-07-26,South Korea,German,French,free,18-24,M,Travel,2025-07
HT_018848,2026-03-16,Australia,English,Dutch,free,25-34,F,Immigration,2026-03
HT_018849,2026-03-02,France,French,German|English,free,25-34,M,Hobby,2026-03
HT_018850,2025-12-27,Brazil,Korean,Chinese,free,35-44,Other,Hobby,2025-12
HT_018851,2025-10-29,UK,Dutch,Italian|Arabic,free,25-34,F,Hobby,2025-10
HT_018852,2025-12-03,Mexico,Spanish,French|English|Japanese,free,25-34,F,Business,2025-12
HT_018853,2025-08-22,Australia,Japanese,Italian|Russian,premium,18-24,Other,Immigration,2025-08
HT_018854,2026-01-25,Germany,Spanish,French,free,35-44,M,Immigration,2026-01
HT_018855,2025-04-24,Brazil,Russian,German|French|Dutch,free,25-34,M,Immigration,2025-04
HT_018856,2025-05-17,South Korea,Spanish,Dutch|English,free,18-24,F,Immigration,2025-05
HT_018857,2025-06-02,China,Dutch,German|Chinese,premium,35-44,F,Exam,2025-06
HT_018858,2026-03-06,Australia,Japanese,Spanish|French,premium,18-24,Other,Travel,2026-03
HT_018859,2026-01-14,China,English,Chinese|Italian|Korean,free,25-34,M,Exam,2026-01
HT_018860,2026-02-23,China,English,Italian|German,free,35-44,F,Hobby,2026-02
HT_018861,2025-08-15,France,Chinese,Japanese|Arabic,free,18-24,F,Business,2025-08
HT_018862,2025-06-09,Spain,German,Dutch|English|Spanish,free,25-34,F,Exam,2025-06
HT_018863,2025-04-12,China,Korean,Chinese|Italian|Japanese,free,35-44,Other,Immigration,2025-04
HT_018864,2025-06-20,Germany,Dutch,German|Arabic|Spanish,free,25-34,M,Exam,2025-06
HT_018865,2025-07-29,Brazil,English,Italian|German,free,35-44,F,Hobby,2025-07
HT_018866,2025-08-30,Brazil,Italian,English|French|Portuguese,free,25-34,F,Immigration,2025-08
HT_018867,2025-04-18,Brazil,Russian,Korean,free,35-44,F,Business,2025-04
HT_018868,2026-01-23,UK,Dutch,Japanese|English|Italian,free,25-34,Other,Immigration,2026-01
HT_018869,2025-08-24,Brazil,German,Italian|Arabic,premium,45+,F,Travel,2025-08
HT_018870,2025-06-10,UK,French,Portuguese|Italian,premium,25-34,F,Exam,2025-06
HT_018871,2025-07-28,Germany,Arabic,French,free,45+,Other,Immigration,2025-07
HT_018872,2025-11-08,Japan,Dutch,German,free,35-44,F,Exam,2025-11
HT_018873,2025-08-09,UK,French,Chinese,premium,18-24,F,Business,2025-08
HT_018874,2025-05-03,South Korea,French,Portuguese|Spanish|Japanese,free,25-34,Other,Business,2025-05
HT_018875,2025-10-13,Germany,French,German,free,25-34,Other,Hobby,2025-10
HT_018876,2025-08-06,China,German,Chinese,free,25-34,M,Immigration,2025-08
HT_018877,2025-10-29,USA,German,Russian|Spanish|Italian,free,18-24,M,Hobby,2025-10
HT_018878,2025-07-24,UK,Portuguese,French|Russian,free,18-24,F,Immigration,2025-07
HT_018879,2025-05-25,Brazil,German,Italian|Chinese|Dutch,free,18-24,Other,Exam,2025-05
HT_018880,2025-06-27,Australia,Spanish,Portuguese|Dutch,free,18-24,M,Immigration,2025-06
HT_018881,2025-06-28,Brazil,Dutch,French|Spanish|Korean,free,35-44,Other,Business,2025-06
HT_018882,2025-07-22,Canada,Arabic,German|French|English,free,35-44,M,Exam,2025-07
HT_018883,2025-06-20,UK,Arabic,French|Portuguese,premium,18-24,F,Business,2025-06
HT_018884,2026-01-26,UK,Spanish,Russian|Japanese,free,18-24,Other,Travel,2026-01
HT_018885,2025-12-18,Brazil,Arabic,English,free,18-24,Other,Immigration,2025-12
HT_018886,2025-06-30,Mexico,Russian,Chinese,free,18-24,Other,Immigration,2025-06
HT_018887,2025-07-18,USA,Russian,Chinese,premium,18-24,F,Hobby,2025-07
HT_018888,2026-02-04,France,Korean,English|Arabic,free,18-24,Other,Immigration,2026-02
HT_018889,2025-08-30,UK,Japanese,Arabic|Chinese|Portuguese,free,18-24,M,Exam,2025-08
HT_018890,2025-09-06,Brazil,Spanish,Korean|Russian,free,18-24,F,Immigration,2025-09
HT_018891,2025-09-30,Brazil,Arabic,French|Dutch,free,18-24,F,Exam,2025-09
HT_018892,2025-12-30,France,Portuguese,Arabic|Spanish|German,premium,18-24,Other,Business,2025-12
HT_018893,2025-07-10,Australia,German,Russian|Italian|Spanish,free,25-34,Other,Hobby,2025-07
HT_018894,2025-10-29,Brazil,Italian,Spanish,free,18-24,M,Exam,2025-10
HT_018895,2025-05-01,China,English,Spanish|Korean,free,18-24,M,Hobby,2025-05
HT_018896,2025-12-12,Mexico,Italian,Arabic|Korean,free,25-34,M,Immigration,2025-12
HT_018897,2026-03-15,UK,Spanish,French|Russian,free,25-34,Other,Hobby,2026-03
HT_018898,2025-05-28,Japan,Korean,Chinese|French|Portuguese,premium,18-24,F,Travel,2025-05
HT_018899,2025-05-22,Japan,French,Portuguese,premium,25-34,F,Exam,2025-05
HT_018900,2025-11-20,UK,French,Korean|Japanese|Dutch,free,25-34,F,Immigration,2025-11
HT_018901,2025-09-16,UK,Chinese,Arabic|Spanish,free,18-24,Other,Travel,2025-09
HT_018902,2026-02-03,China,Arabic,Chinese|French,free,35-44,M,Immigration,2026-02
HT_018903,2025-10-20,Mexico,Russian,Japanese|Italian,free,25-34,Other,Travel,2025-10
HT_018904,2025-12-28,Spain,French,English|Dutch,premium,45+,Other,Hobby,2025-12
HT_018905,2025-05-19,Japan,Korean,Japanese|Arabic|Chinese,free,25-34,M,Exam,2025-05
HT_018906,2026-02-15,China,Italian,French|Chinese|Spanish,premium,35-44,Other,Exam,2026-02
HT_018907,2025-07-23,France,Chinese,Dutch,free,35-44,M,Hobby,2025-07
HT_018908,2025-04-21,South Korea,Portuguese,Spanish|Arabic,free,35-44,F,Exam,2025-04
HT_018909,2025-08-30,Canada,Japanese,Portuguese,free,25-34,F,Hobby,2025-08
HT_018910,2025-07-09,USA,Korean,French,free,35-44,Other,Business,2025-07
HT_018911,2025-06-10,Canada,Chinese,French|Dutch|Italian,free,35-44,M,Exam,2025-06
HT_018912,2025-11-20,Germany,Portuguese,Russian|Korean|English,free,18-24,M,Immigration,2025-11
HT_018913,2025-12-21,Germany,Italian,Japanese|Dutch|German,free,45+,Other,Exam,2025-12
HT_018914,2025-07-16,France,French,German,free,18-24,F,Travel,2025-07
HT_018915,2025-12-25,Germany,French,English,free,18-24,Other,Immigration,2025-12
HT_018916,2025-12-08,China,Arabic,German|Chinese,free,25-34,M,Hobby,2025-12
HT_018917,2025-12-24,Spain,Italian,French|Korean|English,free,18-24,F,Business,2025-12
HT_018918,2026-04-08,South Korea,Russian,Korean|Arabic,free,25-34,M,Exam,2026-04
HT_018919,2025-08-30,Germany,Arabic,Japanese|German|French,free,25-34,Other,Business,2025-08
HT_018920,2025-12-14,USA,Japanese,Korean|Arabic|German,free,18-24,M,Travel,2025-12
HT_018921,2026-03-05,Canada,Italian,Korean|Spanish,free,25-34,Other,Business,2026-03
HT_018922,2025-11-22,Canada,German,Japanese,premium,25-34,F,Immigration,2025-11
HT_018923,2025-04-15,Japan,Arabic,German|English|Italian,free,35-44,Other,Immigration,2025-04
HT_018924,2025-08-19,Spain,Arabic,Spanish,free,25-34,F,Business,2025-08
HT_018925,2026-01-07,South Korea,Portuguese,Arabic|Korean,free,45+,M,Immigration,2026-01
HT_018926,2026-02-28,Germany,Korean,Russian,premium,25-34,M,Hobby,2026-02
HT_018927,2025-10-31,China,Portuguese,French,free,18-24,M,Hobby,2025-10
HT_018928,2025-10-04,Mexico,Portuguese,Spanish|Japanese,free,25-34,Other,Immigration,2025-10
HT_018929,2026-01-20,South Korea,Italian,Japanese|German,free,18-24,F,Immigration,2026-01
HT_018930,2026-03-06,Spain,Spanish,Chinese|German|Italian,free,25-34,M,Exam,2026-03
HT_018931,2026-03-14,Canada,Italian,French,free,35-44,F,Travel,2026-03
HT_018932,2026-01-02,USA,French,German|Chinese|English,free,45+,Other,Hobby,2026-01
HT_018933,2026-02-22,France,German,Japanese|Arabic|French,premium,18-24,M,Travel,2026-02
HT_018934,2025-05-03,Mexico,Japanese,Spanish,free,25-34,Other,Travel,2025-05
HT_018935,2026-01-07,Australia,English,Spanish|Japanese,free,18-24,M,Exam,2026-01
HT_018936,2026-04-10,USA,German,English,free,18-24,Other,Immigration,2026-04
HT_018937,2026-01-19,Brazil,Japanese,English|Arabic|Russian,free,18-24,F,Travel,2026-01
HT_018938,2025-06-18,UK,Italian,Arabic,free,18-24,F,Hobby,2025-06
HT_018939,2026-01-19,South Korea,Spanish,Arabic|Russian,free,18-24,Other,Hobby,2026-01
HT_018940,2025-06-07,Spain,French,German|Dutch,free,25-34,Other,Business,2025-06
HT_018941,2025-10-03,USA,Japanese,Dutch|Spanish,free,25-34,Other,Immigration,2025-10
HT_018942,2025-12-28,Australia,English,Russian,premium,18-24,F,Immigration,2025-12
HT_018943,2025-04-26,Japan,Dutch,Arabic|Italian|Japanese,free,35-44,Other,Business,2025-04
HT_018944,2026-02-03,France,German,English|Japanese|Russian,free,25-34,F,Hobby,2026-02
HT_018945,2025-07-29,Australia,German,Korean|Portuguese,free,45+,Other,Hobby,2025-07
HT_018946,2025-12-13,Australia,Italian,German,free,18-24,M,Hobby,2025-12
HT_018947,2025-06-18,Japan,Arabic,Japanese|French|Chinese,free,18-24,F,Hobby,2025-06
HT_018948,2025-05-14,Spain,Dutch,Arabic,free,35-44,Other,Hobby,2025-05
HT_018949,2025-11-17,UK,English,Chinese|Japanese,free,35-44,F,Travel,2025-11
HT_018950,2026-01-28,USA,Korean,Arabic|Spanish,free,25-34,M,Travel,2026-01
HT_018951,2026-04-12,UK,Chinese,Japanese|French,free,25-34,Other,Exam,2026-04
HT_018952,2026-01-09,China,Spanish,French|German,free,35-44,M,Hobby,2026-01
HT_018953,2025-09-04,Canada,Arabic,Japanese|French|English,free,18-24,F,Travel,2025-09
HT_018954,2025-12-24,Canada,Japanese,English|Spanish|Portuguese,free,25-34,F,Immigration,2025-12
HT_018955,2025-07-22,USA,Spanish,Russian|Arabic,free,25-34,Other,Hobby,2025-07
HT_018956,2026-03-17,USA,Russian,English|Italian,free,25-34,F,Travel,2026-03
HT_018957,2025-12-09,Mexico,French,Japanese|English|Dutch,free,25-34,F,Hobby,2025-12
HT_018958,2025-06-28,China,Russian,Portuguese|Dutch|Spanish,free,18-24,M,Exam,2025-06
HT_018959,2025-05-13,Germany,Chinese,Russian|English|Japanese,free,18-24,F,Exam,2025-05
HT_018960,2025-06-17,Canada,Italian,Korean|Chinese,free,18-24,Other,Hobby,2025-06
HT_018961,2025-12-26,Japan,Dutch,Italian|Russian,free,25-34,F,Business,2025-12
HT_018962,2026-01-02,Brazil,French,Arabic,free,18-24,F,Business,2026-01
HT_018963,2025-07-09,USA,Italian,German|Russian|Dutch,free,18-24,M,Business,2025-07
HT_018964,2025-06-16,Australia,Portuguese,Japanese|Spanish,free,25-34,M,Hobby,2025-06
HT_018965,2026-01-26,Japan,Chinese,French,free,25-34,M,Hobby,2026-01
HT_018966,2025-12-29,USA,Portuguese,Spanish|Russian,free,18-24,M,Hobby,2025-12
HT_018967,2025-07-24,USA,Korean,Chinese|Dutch,free,18-24,M,Hobby,2025-07
HT_018968,2025-10-03,Germany,Spanish,Japanese|English,free,35-44,M,Business,2025-10
HT_018969,2025-07-01,UK,English,Portuguese|Chinese,free,18-24,M,Exam,2025-07
HT_018970,2025-12-27,Brazil,English,Korean|Arabic|Japanese,free,18-24,F,Immigration,2025-12
HT_018971,2025-05-04,China,Chinese,Korean,free,35-44,M,Travel,2025-05
HT_018972,2026-01-30,Spain,Japanese,French|Korean,free,35-44,M,Hobby,2026-01
HT_018973,2026-02-23,South Korea,French,Russian|Arabic|Korean,premium,18-24,Other,Immigration,2026-02
HT_018974,2025-12-21,Japan,Arabic,Dutch,free,35-44,M,Exam,2025-12
HT_018975,2025-08-09,Brazil,German,Korean|Spanish,premium,35-44,F,Exam,2025-08
HT_018976,2025-09-07,Spain,French,Dutch|Korean|Japanese,free,25-34,M,Immigration,2025-09
HT_018977,2025-07-08,France,English,Japanese|Spanish,free,35-44,Other,Exam,2025-07
HT_018978,2025-10-02,Brazil,Chinese,Spanish|Korean|English,free,25-34,F,Business,2025-10
HT_018979,2025-08-20,Brazil,Arabic,Spanish|German|English,free,35-44,M,Immigration,2025-08
HT_018980,2025-12-07,China,Dutch,German|English,free,25-34,F,Immigration,2025-12
HT_018981,2026-04-12,Canada,English,Russian|Portuguese|Arabic,free,18-24,Other,Immigration,2026-04
HT_018982,2025-10-30,Mexico,Chinese,Italian|Dutch|Korean,premium,35-44,F,Business,2025-10
HT_018983,2025-07-02,Mexico,English,German,free,18-24,M,Immigration,2025-07
HT_018984,2026-01-30,Brazil,Chinese,Italian|Russian,free,25-34,M,Business,2026-01
HT_018985,2025-08-18,Canada,French,Arabic|Korean|Chinese,free,18-24,M,Exam,2025-08
HT_018986,2026-01-28,China,German,Chinese|Portuguese,free,25-34,M,Travel,2026-01
HT_018987,2025-12-22,UK,Portuguese,Italian|Korean,free,18-24,M,Travel,2025-12
HT_018988,2025-06-25,Australia,French,Dutch|Portuguese,premium,25-34,Other,Business,2025-06
HT_018989,2025-12-04,Brazil,Russian,French|Spanish|English,free,25-34,M,Immigration,2025-12
HT_018990,2025-09-14,USA,Japanese,Spanish|Dutch|Korean,premium,18-24,Other,Travel,2025-09
HT_018991,2025-08-13,USA,English,Chinese|Russian|Dutch,free,18-24,M,Exam,2025-08
HT_018992,2026-02-13,China,Italian,Chinese|Japanese|Spanish,free,25-34,F,Travel,2026-02
HT_018993,2025-08-04,South Korea,English,Chinese,free,25-34,F,Travel,2025-08
HT_018994,2026-02-19,Mexico,Russian,Portuguese|Arabic,free,25-34,F,Hobby,2026-02
HT_018995,2026-01-26,South Korea,French,Korean,free,35-44,Other,Travel,2026-01
HT_018996,2025-12-19,South Korea,German,Arabic|Italian,premium,25-34,M,Immigration,2025-12
HT_018997,2025-05-10,Brazil,Korean,Arabic|Spanish,premium,18-24,M,Business,2025-05
HT_018998,2025-12-11,Mexico,Japanese,Italian,free,25-34,F,Immigration,2025-12
HT_018999,2025-07-08,Canada,Korean,Portuguese,free,35-44,Other,Immigration,2025-07
HT_019000,2025-06-13,Mexico,Korean,Spanish,premium,18-24,M,Exam,2025-06
HT_019001,2025-07-08,France,Korean,Russian|Italian|Chinese,free,18-24,F,Immigration,2025-07
HT_019002,2026-02-09,USA,English,Arabic,free,25-34,M,Hobby,2026-02
HT_019003,2026-01-31,USA,Russian,English,free,18-24,M,Business,2026-01
HT_019004,2025-07-01,Germany,Japanese,English|Dutch,free,18-24,F,Exam,2025-07
HT_019005,2025-09-16,Japan,Portuguese,German|French|Spanish,free,18-24,Other,Hobby,2025-09
HT_019006,2025-07-15,Germany,Russian,Spanish|Italian|Chinese,free,18-24,M,Hobby,2025-07
HT_019007,2025-12-28,UK,German,Chinese|Japanese|Italian,free,25-34,Other,Exam,2025-12
HT_019008,2026-03-20,UK,Chinese,French,free,25-34,M,Travel,2026-03
HT_019009,2025-08-29,Germany,Portuguese,Arabic,free,45+,F,Travel,2025-08
HT_019010,2026-02-25,China,Arabic,Korean|Japanese,free,25-34,M,Immigration,2026-02
HT_019011,2025-09-07,Brazil,Japanese,Spanish,free,18-24,M,Exam,2025-09
HT_019012,2025-04-13,USA,Spanish,Russian|Arabic,free,18-24,F,Immigration,2025-04
HT_019013,2025-11-11,USA,Chinese,German|English,free,18-24,Other,Immigration,2025-11
HT_019014,2026-02-05,Japan,Japanese,Russian|Dutch,free,18-24,M,Exam,2026-02
HT_019015,2025-08-30,France,Italian,Dutch|French,free,25-34,Other,Hobby,2025-08
HT_019016,2025-05-14,Brazil,Russian,Korean|Italian,free,18-24,M,Hobby,2025-05
HT_019017,2025-10-28,South Korea,Dutch,Spanish|Chinese|Russian,free,25-34,F,Immigration,2025-10
HT_019018,2025-06-05,Brazil,Dutch,Italian|English,free,35-44,M,Business,2025-06
HT_019019,2025-06-22,Japan,Chinese,Russian|Korean|Dutch,free,25-34,M,Travel,2025-06
HT_019020,2025-11-16,Brazil,English,Chinese|French|Arabic,premium,25-34,Other,Business,2025-11
HT_019021,2025-08-29,China,Korean,Spanish|Dutch,free,25-34,M,Business,2025-08
HT_019022,2025-09-27,Australia,French,Portuguese,free,35-44,F,Business,2025-09
HT_019023,2025-06-04,Spain,Russian,Chinese,free,35-44,F,Travel,2025-06
HT_019024,2025-12-23,France,Chinese,Spanish|Japanese|English,free,25-34,M,Business,2025-12
HT_019025,2025-08-06,Canada,German,Japanese|Italian,free,35-44,F,Immigration,2025-08
HT_019026,2025-09-16,Canada,Korean,Russian|Spanish|German,premium,25-34,M,Exam,2025-09
HT_019027,2025-08-11,Japan,Chinese,Dutch|German,free,18-24,F,Travel,2025-08
HT_019028,2025-07-02,South Korea,Russian,Portuguese,free,18-24,F,Exam,2025-07
HT_019029,2025-04-15,Mexico,Portuguese,French|German,premium,35-44,Other,Exam,2025-04
HT_019030,2025-10-16,South Korea,Japanese,Portuguese,free,25-34,F,Hobby,2025-10
HT_019031,2025-09-18,USA,Arabic,Korean|French,free,25-34,M,Business,2025-09
HT_019032,2026-03-19,Japan,Russian,Portuguese,free,18-24,F,Exam,2026-03
HT_019033,2026-02-09,South Korea,Russian,Italian|German|Chinese,free,25-34,F,Immigration,2026-02
HT_019034,2025-05-03,Japan,Korean,Russian|Dutch,free,25-34,M,Exam,2025-05
HT_019035,2026-03-03,Spain,Chinese,Arabic,premium,25-34,F,Business,2026-03
HT_019036,2025-07-01,Canada,German,Korean|Italian|French,free,25-34,F,Travel,2025-07
HT_019037,2025-12-10,Germany,Korean,Dutch|Arabic,free,18-24,F,Immigration,2025-12
HT_019038,2025-11-06,Spain,French,English,premium,25-34,Other,Business,2025-11
HT_019039,2025-10-17,China,Japanese,Arabic|Korean|Italian,free,18-24,M,Immigration,2025-10
HT_019040,2025-06-09,Japan,Japanese,German,free,35-44,Other,Exam,2025-06
HT_019041,2025-11-14,Canada,French,Korean|Italian|Portuguese,free,25-34,M,Exam,2025-11
HT_019042,2025-08-16,Germany,English,Russian|Arabic|French,free,25-34,F,Exam,2025-08
HT_019043,2025-12-09,Germany,Portuguese,Dutch,premium,25-34,F,Exam,2025-12
HT_019044,2025-08-05,UK,Russian,German|Italian|Portuguese,free,35-44,Other,Exam,2025-08
HT_019045,2025-12-09,China,Russian,Spanish,free,18-24,F,Business,2025-12
HT_019046,2025-12-13,Brazil,Japanese,Chinese|Dutch|French,free,35-44,F,Business,2025-12
HT_019047,2026-01-18,Germany,Portuguese,Russian|German,free,25-34,Other,Exam,2026-01
HT_019048,2025-07-04,Spain,Arabic,English|Chinese|Russian,premium,45+,Other,Hobby,2025-07
HT_019049,2025-11-09,France,Dutch,French,free,18-24,F,Exam,2025-11
HT_019050,2026-03-02,China,Japanese,Dutch,free,35-44,M,Exam,2026-03
HT_019051,2025-07-25,Spain,Spanish,Italian|Dutch,free,18-24,M,Immigration,2025-07
HT_019052,2025-10-14,China,Korean,French|Spanish,premium,25-34,F,Immigration,2025-10
HT_019053,2025-12-16,France,Italian,English|German,premium,18-24,F,Travel,2025-12
HT_019054,2026-01-25,France,Italian,Spanish|Arabic|German,premium,18-24,Other,Hobby,2026-01
HT_019055,2025-07-01,Brazil,Japanese,Arabic|Dutch,free,18-24,M,Exam,2025-07
HT_019056,2025-07-13,USA,Chinese,French,free,25-34,F,Immigration,2025-07
HT_019057,2025-11-05,Japan,Dutch,Portuguese|German,free,25-34,F,Business,2025-11
HT_019058,2025-05-02,South Korea,Arabic,Spanish,free,25-34,Other,Hobby,2025-05
HT_019059,2025-07-05,UK,English,Portuguese|Chinese|Spanish,free,25-34,Other,Travel,2025-07
HT_019060,2025-10-06,Mexico,Dutch,Korean,free,18-24,Other,Immigration,2025-10
HT_019061,2025-10-11,China,Russian,Arabic,free,45+,M,Immigration,2025-10
HT_019062,2025-08-17,Canada,Arabic,Chinese|Russian|English,free,18-24,F,Business,2025-08
HT_019063,2025-07-29,Japan,English,Japanese,free,25-34,Other,Travel,2025-07
HT_019064,2025-06-08,Mexico,German,Korean,free,25-34,F,Travel,2025-06
HT_019065,2025-06-05,China,Dutch,English|Spanish|German,free,25-34,F,Hobby,2025-06
HT_019066,2025-07-24,France,French,Spanish|German,free,25-34,F,Immigration,2025-07
HT_019067,2025-09-02,Australia,French,Arabic,premium,25-34,M,Exam,2025-09
HT_019068,2025-05-18,Canada,Portuguese,Dutch,free,45+,Other,Exam,2025-05
HT_019069,2026-02-12,Japan,German,Portuguese|English|Russian,premium,25-34,F,Travel,2026-02
HT_019070,2026-02-28,USA,Portuguese,Arabic|Chinese,free,35-44,F,Business,2026-02
HT_019071,2025-06-15,China,Korean,Dutch|Russian|English,free,25-34,F,Business,2025-06
HT_019072,2025-08-15,Brazil,Korean,Dutch|Russian|Chinese,free,18-24,F,Hobby,2025-08
HT_019073,2026-02-16,Japan,Arabic,French,premium,18-24,Other,Immigration,2026-02
HT_019074,2025-07-25,Spain,Japanese,Korean|English,free,25-34,F,Hobby,2025-07
HT_019075,2025-11-20,Japan,Spanish,German|Dutch|Korean,premium,25-34,M,Hobby,2025-11
HT_019076,2025-10-08,UK,Spanish,German,premium,18-24,F,Immigration,2025-10
HT_019077,2026-02-12,Japan,Arabic,Russian,free,18-24,Other,Exam,2026-02
HT_019078,2025-12-30,USA,Portuguese,Korean|French|German,free,35-44,Other,Business,2025-12
HT_019079,2026-02-07,South Korea,Portuguese,Italian|Arabic,free,25-34,M,Immigration,2026-02
HT_019080,2025-12-15,South Korea,Italian,German|English,premium,18-24,F,Immigration,2025-12
HT_019081,2025-12-27,Brazil,Korean,Chinese|Japanese,free,25-34,M,Immigration,2025-12
HT_019082,2025-08-27,Brazil,Japanese,German,free,35-44,F,Business,2025-08
HT_019083,2025-10-15,UK,French,Japanese,free,25-34,Other,Hobby,2025-10
HT_019084,2025-11-06,Brazil,Japanese,English|Italian,free,25-34,Other,Immigration,2025-11
HT_019085,2025-05-01,France,Spanish,Japanese,free,18-24,F,Business,2025-05
HT_019086,2026-03-10,Mexico,Dutch,Italian|Portuguese,free,18-24,F,Immigration,2026-03
HT_019087,2025-11-03,China,Japanese,Arabic,free,45+,M,Business,2025-11
HT_019088,2025-08-07,UK,Dutch,Portuguese|French|Korean,premium,25-34,F,Exam,2025-08
HT_019089,2025-09-18,South Korea,Spanish,Russian|French|Japanese,free,18-24,F,Immigration,2025-09
HT_019090,2025-06-03,UK,Portuguese,Japanese,free,35-44,Other,Immigration,2025-06
HT_019091,2025-09-04,China,Korean,Italian|German,free,25-34,Other,Business,2025-09
HT_019092,2025-08-14,South Korea,Portuguese,Russian|Arabic,free,18-24,Other,Exam,2025-08
HT_019093,2026-03-07,Spain,Spanish,Chinese|Japanese|Portuguese,free,18-24,F,Immigration,2026-03
HT_019094,2025-07-15,Mexico,German,Chinese|Japanese|Russian,free,18-24,F,Hobby,2025-07
HT_019095,2025-08-22,China,Chinese,Dutch|Portuguese,premium,25-34,M,Business,2025-08
HT_019096,2026-02-09,UK,Spanish,English,free,18-24,M,Exam,2026-02
HT_019097,2025-08-19,South Korea,Russian,Spanish|Dutch,free,35-44,M,Business,2025-08
HT_019098,2025-11-12,Germany,English,Italian,premium,45+,M,Exam,2025-11
HT_019099,2025-07-18,USA,German,Dutch|Russian,free,18-24,Other,Business,2025-07
HT_019100,2025-10-28,Japan,Dutch,Japanese,free,25-34,F,Immigration,2025-10
HT_019101,2025-04-25,Japan,Spanish,Dutch|English|German,free,18-24,Other,Travel,2025-04
HT_019102,2025-07-24,South Korea,Italian,Arabic|Japanese|Spanish,free,35-44,M,Travel,2025-07
HT_019103,2025-08-03,Germany,Japanese,English,free,35-44,F,Exam,2025-08
HT_019104,2026-02-16,Japan,Italian,English|Japanese,free,18-24,F,Exam,2026-02
HT_019105,2025-10-29,Spain,Korean,Spanish|French,free,25-34,Other,Exam,2025-10
HT_019106,2025-07-09,Germany,French,Portuguese|Dutch|German,free,18-24,M,Immigration,2025-07
HT_019107,2026-03-25,Canada,German,Korean|Italian|English,free,45+,F,Exam,2026-03
HT_019108,2025-07-05,Australia,Chinese,Korean,free,25-34,M,Immigration,2025-07
HT_019109,2026-02-19,Australia,Portuguese,German|Italian,free,25-34,Other,Immigration,2026-02
HT_019110,2026-02-21,UK,Spanish,Russian,free,45+,F,Travel,2026-02
HT_019111,2025-04-21,Brazil,French,Chinese|Dutch|English,free,18-24,F,Immigration,2025-04
HT_019112,2025-05-23,Brazil,English,Portuguese|Chinese|Arabic,free,25-34,F,Hobby,2025-05
HT_019113,2025-11-18,Brazil,Portuguese,Korean|Dutch,free,25-34,F,Business,2025-11
HT_019114,2025-09-05,Mexico,French,Dutch|Korean|Spanish,premium,18-24,M,Immigration,2025-09
HT_019115,2026-01-18,UK,Chinese,Spanish,premium,25-34,Other,Business,2026-01
HT_019116,2025-04-13,Japan,Chinese,Spanish|English,premium,45+,M,Hobby,2025-04
HT_019117,2025-12-11,Australia,Japanese,Chinese,free,18-24,M,Business,2025-12
HT_019118,2026-02-28,USA,Italian,Arabic|Japanese,free,35-44,F,Exam,2026-02
HT_019119,2025-11-13,Mexico,Chinese,Dutch,free,25-34,M,Exam,2025-11
HT_019120,2025-06-25,Brazil,Korean,French,free,18-24,F,Travel,2025-06
HT_019121,2026-02-26,Mexico,Spanish,Arabic|Korean,free,35-44,Other,Business,2026-02
HT_019122,2025-06-21,China,Japanese,German|Russian|French,free,18-24,M,Business,2025-06
HT_019123,2025-11-03,Spain,English,German|Portuguese|Korean,free,18-24,F,Immigration,2025-11
HT_019124,2025-08-24,Spain,French,Chinese|Russian,free,35-44,M,Immigration,2025-08
HT_019125,2026-02-16,Germany,French,German,premium,25-34,M,Exam,2026-02
HT_019126,2025-06-29,Germany,German,Italian|Arabic,premium,18-24,F,Hobby,2025-06
HT_019127,2025-08-21,China,Japanese,English|Portuguese|Korean,free,25-34,M,Travel,2025-08
HT_019128,2026-02-16,UK,Italian,Arabic|Dutch,premium,35-44,M,Immigration,2026-02
HT_019129,2026-02-08,France,Chinese,Spanish|Russian,free,25-34,Other,Business,2026-02
HT_019130,2025-04-23,Japan,Chinese,German|Korean|Italian,free,35-44,Other,Business,2025-04
HT_019131,2025-05-10,Spain,Korean,English|French,free,18-24,Other,Exam,2025-05
HT_019132,2025-08-23,Brazil,Portuguese,Italian,free,25-34,F,Hobby,2025-08
HT_019133,2025-12-27,Australia,Russian,Spanish|Italian,premium,25-34,Other,Hobby,2025-12
HT_019134,2026-03-04,France,Chinese,Portuguese|Arabic|Spanish,premium,35-44,Other,Immigration,2026-03
HT_019135,2025-06-23,Mexico,Korean,German,free,25-34,F,Hobby,2025-06
HT_019136,2025-05-27,Mexico,German,Spanish|Japanese,premium,25-34,F,Immigration,2025-05
HT_019137,2026-04-11,USA,English,Spanish,premium,18-24,M,Exam,2026-04
HT_019138,2025-09-20,China,Chinese,German,free,25-34,Other,Exam,2025-09
HT_019139,2025-05-08,Germany,Russian,Italian|Japanese,free,35-44,F,Hobby,2025-05
HT_019140,2025-10-06,Spain,Korean,Chinese|German|Portuguese,free,35-44,M,Hobby,2025-10
HT_019141,2025-08-22,Spain,Russian,Portuguese,premium,18-24,F,Hobby,2025-08
HT_019142,2025-04-30,Canada,Spanish,English,free,25-34,Other,Immigration,2025-04
HT_019143,2026-02-08,Brazil,Dutch,Russian|German|Portuguese,free,18-24,Other,Business,2026-02
HT_019144,2025-05-19,France,Arabic,Russian|Japanese,free,25-34,F,Hobby,2025-05
HT_019145,2025-04-17,Germany,Russian,Dutch|Korean,premium,25-34,M,Hobby,2025-04
HT_019146,2025-10-13,Australia,French,Arabic,free,18-24,Other,Exam,2025-10
HT_019147,2025-07-30,Japan,Russian,Spanish|Portuguese|Chinese,premium,25-34,Other,Hobby,2025-07
HT_019148,2025-12-29,South Korea,French,Arabic|Chinese|German,free,25-34,M,Immigration,2025-12
HT_019149,2025-06-05,China,Italian,Arabic|Russian,free,35-44,F,Travel,2025-06
HT_019150,2025-06-28,Japan,English,Dutch|Korean|German,free,18-24,M,Exam,2025-06
HT_019151,2025-04-22,South Korea,Portuguese,Korean|Arabic,free,25-34,Other,Travel,2025-04
HT_019152,2026-01-31,China,French,Japanese|Chinese,premium,45+,Other,Business,2026-01
HT_019153,2025-12-19,Japan,Chinese,English|Spanish|Japanese,free,18-24,Other,Exam,2025-12
HT_019154,2025-11-23,Japan,French,Portuguese|German,free,35-44,M,Business,2025-11
HT_019155,2025-11-17,Australia,English,Portuguese,free,18-24,M,Immigration,2025-11
HT_019156,2025-04-18,USA,Korean,Spanish|Dutch,free,45+,Other,Travel,2025-04
HT_019157,2026-03-25,Japan,French,Arabic|Chinese,free,25-34,F,Exam,2026-03
HT_019158,2025-06-24,China,English,Korean,free,25-34,Other,Immigration,2025-06
HT_019159,2025-12-17,Mexico,Russian,Arabic|Italian,free,18-24,M,Travel,2025-12
HT_019160,2025-07-27,Brazil,German,Chinese|Arabic,free,18-24,Other,Exam,2025-07
HT_019161,2025-08-28,UK,French,Chinese,premium,35-44,F,Hobby,2025-08
HT_019162,2025-08-12,Mexico,Korean,Chinese|Spanish,free,45+,F,Business,2025-08
HT_019163,2026-02-25,Spain,Russian,Dutch|English,free,18-24,Other,Travel,2026-02
HT_019164,2025-12-19,USA,Italian,Chinese|German|Dutch,free,18-24,F,Travel,2025-12
HT_019165,2025-10-22,Australia,French,German|Japanese|Arabic,free,25-34,F,Immigration,2025-10
HT_019166,2026-01-22,UK,Russian,Italian|French|English,free,18-24,Other,Immigration,2026-01
HT_019167,2025-12-31,Canada,Dutch,Italian|Russian,free,25-34,M,Business,2025-12
HT_019168,2026-02-10,Australia,Russian,German,free,18-24,Other,Immigration,2026-02
HT_019169,2026-02-28,USA,Italian,German|Chinese|Dutch,free,18-24,F,Business,2026-02
HT_019170,2025-12-15,Spain,French,Portuguese|English,free,35-44,Other,Business,2025-12
HT_019171,2025-07-11,Brazil,Korean,Japanese,free,45+,F,Hobby,2025-07
HT_019172,2025-06-30,Spain,Korean,Dutch|Italian|Arabic,free,45+,Other,Travel,2025-06
HT_019173,2025-07-10,France,French,Russian|Spanish|Dutch,free,25-34,F,Hobby,2025-07
HT_019174,2025-08-01,Brazil,Korean,Italian,free,35-44,M,Business,2025-08
HT_019175,2025-11-23,Spain,English,Spanish|Korean|Japanese,free,18-24,Other,Immigration,2025-11
HT_019176,2026-03-23,Brazil,French,Portuguese|English,free,18-24,F,Immigration,2026-03
HT_019177,2025-08-25,China,Chinese,Korean|English|Russian,free,18-24,M,Business,2025-08
HT_019178,2025-11-02,Germany,German,English|Spanish,premium,25-34,F,Travel,2025-11
HT_019179,2025-10-20,Japan,Chinese,Spanish|Russian,free,25-34,F,Travel,2025-10
HT_019180,2025-10-08,Brazil,English,Spanish|German,free,25-34,F,Business,2025-10
HT_019181,2025-09-20,South Korea,Chinese,German|Arabic,premium,18-24,Other,Business,2025-09
HT_019182,2025-06-14,Japan,French,Korean,free,35-44,Other,Immigration,2025-06
HT_019183,2025-10-31,Canada,Italian,Dutch|Chinese|English,free,18-24,M,Immigration,2025-10
HT_019184,2025-05-16,France,French,Italian,free,18-24,Other,Hobby,2025-05
HT_019185,2025-05-20,UK,Dutch,Portuguese,free,25-34,Other,Exam,2025-05
HT_019186,2026-01-05,UK,French,Korean|Spanish|Japanese,premium,25-34,F,Hobby,2026-01
HT_019187,2026-02-02,Germany,Portuguese,German|Chinese,premium,25-34,Other,Travel,2026-02
HT_019188,2025-07-05,USA,German,English|Spanish,premium,18-24,Other,Immigration,2025-07
HT_019189,2025-11-29,Japan,Italian,Russian|German|Japanese,premium,18-24,M,Hobby,2025-11
HT_019190,2025-07-13,Brazil,German,Korean|Arabic|Chinese,free,35-44,M,Exam,2025-07
HT_019191,2025-11-25,South Korea,French,Russian|Dutch|Japanese,premium,25-34,M,Immigration,2025-11
HT_019192,2025-09-30,France,Russian,German|Chinese|Japanese,free,18-24,F,Hobby,2025-09
HT_019193,2025-04-16,France,German,French|Spanish,premium,18-24,M,Hobby,2025-04
HT_019194,2026-03-25,South Korea,Korean,English|Russian|Chinese,free,35-44,F,Travel,2026-03
HT_019195,2025-06-17,France,Arabic,Portuguese|Spanish,free,25-34,M,Immigration,2025-06
HT_019196,2025-11-22,Canada,Korean,Chinese|French|English,free,18-24,F,Travel,2025-11
HT_019197,2025-05-10,Mexico,Korean,Russian|Arabic,free,25-34,F,Travel,2025-05
HT_019198,2026-02-07,South Korea,English,Chinese|Russian|German,premium,35-44,F,Immigration,2026-02
HT_019199,2025-06-01,Canada,English,Spanish|Japanese,free,18-24,F,Exam,2025-06
HT_019200,2026-01-06,Spain,Korean,German|English,premium,25-34,M,Travel,2026-01
HT_019201,2026-03-14,France,Japanese,Portuguese,free,45+,F,Immigration,2026-03
HT_019202,2025-12-22,Japan,German,Portuguese,free,18-24,M,Exam,2025-12
HT_019203,2025-07-02,Spain,Korean,Spanish|Portuguese,free,25-34,M,Business,2025-07
HT_019204,2025-08-23,Brazil,Italian,Chinese|Dutch,premium,45+,M,Travel,2025-08
HT_019205,2026-02-21,Spain,Chinese,Arabic|Dutch,premium,25-34,F,Business,2026-02
HT_019206,2025-12-18,China,Korean,Arabic|English|French,free,45+,F,Travel,2025-12
HT_019207,2026-03-14,USA,Portuguese,Japanese,free,25-34,M,Exam,2026-03
HT_019208,2025-06-04,Australia,Korean,Dutch|German|Chinese,free,18-24,F,Travel,2025-06
HT_019209,2026-03-24,Mexico,Portuguese,Chinese|Spanish|English,free,18-24,M,Business,2026-03
HT_019210,2025-10-02,USA,Russian,French,free,35-44,M,Exam,2025-10
HT_019211,2025-04-26,USA,Spanish,French|Portuguese|Korean,free,18-24,Other,Business,2025-04
HT_019212,2026-03-11,Spain,Spanish,German|Italian|Korean,free,18-24,F,Exam,2026-03
HT_019213,2025-08-14,China,Korean,Russian|Italian|English,premium,25-34,M,Travel,2025-08
HT_019214,2025-08-19,USA,Korean,Arabic|Chinese,free,18-24,F,Immigration,2025-08
HT_019215,2025-05-19,France,German,Japanese,free,45+,M,Exam,2025-05
HT_019216,2026-01-29,China,French,Spanish|Korean|Italian,free,18-24,M,Immigration,2026-01
HT_019217,2025-10-02,Mexico,Portuguese,German,free,35-44,M,Business,2025-10
HT_019218,2026-03-24,Australia,French,Arabic|Italian,free,18-24,M,Travel,2026-03
HT_019219,2026-02-11,Brazil,German,Russian|Arabic|Portuguese,free,25-34,Other,Business,2026-02
HT_019220,2025-09-08,Australia,Dutch,Russian|French|Japanese,premium,25-34,F,Hobby,2025-09
HT_019221,2025-11-12,Brazil,Portuguese,Spanish|English,free,18-24,Other,Exam,2025-11
HT_019222,2025-10-26,USA,Arabic,Dutch|French|Russian,free,18-24,Other,Exam,2025-10
HT_019223,2025-07-31,Brazil,Italian,Spanish|English|Arabic,free,25-34,M,Hobby,2025-07
HT_019224,2025-07-07,China,Russian,Korean|German|Portuguese,free,25-34,Other,Exam,2025-07
HT_019225,2025-12-30,Japan,English,Spanish,free,18-24,Other,Exam,2025-12
HT_019226,2025-08-07,UK,Japanese,English|Chinese,free,18-24,Other,Business,2025-08
HT_019227,2025-05-29,Brazil,Arabic,Russian,free,45+,F,Exam,2025-05
HT_019228,2026-03-15,South Korea,Russian,Japanese,free,18-24,Other,Business,2026-03
HT_019229,2026-04-03,Spain,German,Portuguese|English,free,18-24,F,Hobby,2026-04
HT_019230,2026-04-11,Germany,Dutch,Russian,free,25-34,M,Hobby,2026-04
HT_019231,2026-03-23,Spain,Russian,Spanish|Japanese|German,free,18-24,Other,Travel,2026-03
HT_019232,2025-08-31,Japan,French,Portuguese|Spanish|Japanese,free,35-44,Other,Business,2025-08
HT_019233,2025-06-01,Australia,Spanish,Portuguese,free,18-24,F,Travel,2025-06
HT_019234,2025-12-14,China,Russian,Japanese,free,35-44,M,Exam,2025-12
HT_019235,2025-12-09,UK,Chinese,Dutch|Spanish|German,free,18-24,Other,Immigration,2025-12
HT_019236,2025-11-16,Brazil,Korean,Japanese|German|French,free,25-34,F,Business,2025-11
HT_019237,2025-07-29,Mexico,English,Spanish|Chinese|Dutch,free,18-24,F,Immigration,2025-07
HT_019238,2026-03-25,Mexico,Italian,Spanish,free,18-24,M,Business,2026-03
HT_019239,2025-09-26,UK,Japanese,Spanish,free,25-34,Other,Immigration,2025-09
HT_019240,2026-03-11,USA,Korean,Chinese|Russian|Italian,free,25-34,Other,Travel,2026-03
HT_019241,2026-03-02,USA,Dutch,Spanish|Japanese,free,35-44,M,Immigration,2026-03
HT_019242,2025-07-29,Germany,English,Russian|Arabic|Chinese,free,25-34,Other,Exam,2025-07
HT_019243,2026-02-09,Spain,Chinese,Italian|English|Spanish,free,25-34,F,Exam,2026-02
HT_019244,2025-07-17,Spain,Spanish,Dutch|Arabic|Russian,free,25-34,Other,Business,2025-07
HT_019245,2025-08-22,China,Portuguese,English|Russian,free,18-24,F,Exam,2025-08
HT_019246,2025-08-18,USA,English,German|Arabic,premium,25-34,M,Travel,2025-08
HT_019247,2026-02-12,Mexico,Korean,Italian|Dutch,free,18-24,M,Travel,2026-02
HT_019248,2026-01-23,USA,Spanish,French|English|Dutch,free,25-34,F,Exam,2026-01
HT_019249,2025-09-28,China,Italian,German|Korean,premium,25-34,M,Business,2025-09
HT_019250,2025-10-01,Spain,English,Dutch|Chinese|Portuguese,free,35-44,M,Immigration,2025-10
HT_019251,2025-08-12,Germany,Russian,Korean|Japanese,free,25-34,F,Travel,2025-08
HT_019252,2025-12-07,Mexico,French,English|Russian,free,45+,F,Travel,2025-12
HT_019253,2025-12-25,Australia,Italian,Dutch|Korean|Chinese,free,25-34,Other,Travel,2025-12
HT_019254,2025-10-09,UK,French,Chinese|Korean,free,45+,Other,Travel,2025-10
HT_019255,2025-06-26,France,French,Chinese,premium,18-24,Other,Immigration,2025-06
HT_019256,2026-01-14,UK,Russian,Portuguese|Chinese,free,18-24,Other,Hobby,2026-01
HT_019257,2026-02-14,Japan,Russian,Italian|German,free,18-24,Other,Hobby,2026-02
HT_019258,2025-06-24,Brazil,Spanish,German,free,35-44,M,Travel,2025-06
HT_019259,2026-02-16,Canada,Korean,French|Italian,free,18-24,F,Hobby,2026-02
HT_019260,2025-10-13,Spain,Chinese,Spanish|Japanese,free,18-24,F,Exam,2025-10
HT_019261,2025-08-05,China,German,Japanese|Arabic,free,25-34,Other,Immigration,2025-08
HT_019262,2025-12-15,Australia,French,Russian|Korean,free,25-34,Other,Immigration,2025-12
HT_019263,2026-01-22,Brazil,Russian,English|Spanish|Chinese,free,18-24,F,Exam,2026-01
HT_019264,2025-05-09,China,Spanish,English|French|Arabic,free,35-44,M,Travel,2025-05
HT_019265,2025-10-28,Germany,Italian,German|Korean|Spanish,free,25-34,Other,Hobby,2025-10
HT_019266,2025-09-10,Spain,Spanish,Korean,free,25-34,Other,Travel,2025-09
HT_019267,2025-10-26,Australia,Portuguese,Spanish|Arabic|Chinese,premium,18-24,M,Business,2025-10
HT_019268,2026-03-04,South Korea,Italian,Chinese|Russian|French,free,25-34,F,Immigration,2026-03
HT_019269,2025-12-29,Spain,Russian,Korean,free,45+,F,Exam,2025-12
HT_019270,2026-03-26,Canada,Japanese,Spanish|Portuguese,free,45+,F,Travel,2026-03
HT_019271,2025-06-02,Germany,German,Japanese|French|Arabic,premium,25-34,Other,Travel,2025-06
HT_019272,2025-05-04,Canada,Japanese,Dutch|German|Portuguese,premium,18-24,M,Immigration,2025-05
HT_019273,2025-05-20,Brazil,English,Dutch|Spanish|German,free,25-34,Other,Travel,2025-05
HT_019274,2025-12-16,France,Dutch,French,free,25-34,F,Exam,2025-12
HT_019275,2026-01-03,USA,Arabic,Korean,premium,18-24,F,Hobby,2026-01
HT_019276,2025-11-01,Australia,Japanese,Russian,free,18-24,Other,Immigration,2025-11
HT_019277,2025-09-20,Japan,Italian,Arabic|Portuguese|German,free,25-34,F,Exam,2025-09
HT_019278,2025-08-28,Canada,Chinese,Japanese,free,18-24,F,Exam,2025-08
HT_019279,2026-01-14,Brazil,Russian,Dutch|Portuguese,premium,18-24,Other,Immigration,2026-01
HT_019280,2026-01-24,Mexico,Arabic,Chinese|English,premium,25-34,M,Hobby,2026-01
HT_019281,2025-10-05,Germany,Spanish,French|Chinese,free,35-44,F,Travel,2025-10
HT_019282,2025-06-30,Mexico,German,Italian|Chinese,free,25-34,F,Hobby,2025-06
HT_019283,2026-03-25,South Korea,Portuguese,Italian|German,free,18-24,F,Immigration,2026-03
HT_019284,2026-04-07,Mexico,Portuguese,English|Japanese,free,18-24,F,Exam,2026-04
HT_019285,2025-05-17,Japan,Korean,German|Italian|Portuguese,free,25-34,F,Immigration,2025-05
HT_019286,2026-02-25,UK,French,Japanese|Korean,free,25-34,Other,Business,2026-02
HT_019287,2025-06-03,China,Spanish,German,free,18-24,Other,Immigration,2025-06
HT_019288,2025-08-05,South Korea,Chinese,Japanese|Korean,free,18-24,Other,Immigration,2025-08
HT_019289,2026-01-21,Mexico,French,Spanish|Portuguese|German,free,35-44,F,Immigration,2026-01
HT_019290,2025-06-14,USA,German,Italian|Chinese|Japanese,free,25-34,F,Travel,2025-06
HT_019291,2025-11-18,Brazil,Russian,German,free,25-34,M,Exam,2025-11
HT_019292,2026-03-15,Germany,English,Italian,premium,35-44,Other,Immigration,2026-03
HT_019293,2025-06-11,Germany,Arabic,Japanese|English|French,free,25-34,Other,Hobby,2025-06
HT_019294,2025-08-11,France,Portuguese,English|Dutch,free,45+,M,Exam,2025-08
HT_019295,2025-11-28,Canada,Dutch,Korean,free,25-34,F,Travel,2025-11
HT_019296,2026-03-14,South Korea,Portuguese,English|Italian|Spanish,free,18-24,M,Business,2026-03
HT_019297,2025-11-08,South Korea,Arabic,French|Korean|Italian,free,35-44,Other,Business,2025-11
HT_019298,2026-04-07,China,Japanese,German,free,18-24,M,Business,2026-04
HT_019299,2025-09-21,USA,Portuguese,English|Spanish|Dutch,free,45+,Other,Business,2025-09
HT_019300,2025-07-05,Mexico,German,Portuguese|Arabic|Japanese,free,25-34,F,Exam,2025-07
HT_019301,2025-06-06,South Korea,Arabic,Chinese|Dutch|French,free,35-44,F,Travel,2025-06
HT_019302,2026-03-18,France,Dutch,German,free,25-34,F,Hobby,2026-03
HT_019303,2025-12-29,South Korea,French,Korean,free,25-34,F,Immigration,2025-12
HT_019304,2025-05-18,Spain,Russian,Chinese,free,18-24,F,Hobby,2025-05
HT_019305,2025-12-14,Germany,French,Dutch|Arabic|Korean,free,18-24,M,Exam,2025-12
HT_019306,2025-12-17,France,German,French|Japanese,free,25-34,Other,Hobby,2025-12
HT_019307,2025-07-31,Germany,Italian,French,free,25-34,M,Business,2025-07
HT_019308,2025-12-12,China,Russian,Spanish,free,18-24,F,Exam,2025-12
HT_019309,2025-09-01,Spain,Italian,Russian|Portuguese|German,free,25-34,M,Immigration,2025-09
HT_019310,2025-06-12,Canada,Spanish,Italian|Portuguese|Dutch,free,25-34,F,Business,2025-06
HT_019311,2025-12-28,Mexico,Arabic,Japanese,free,25-34,Other,Immigration,2025-12
HT_019312,2026-01-14,Canada,English,Russian|Spanish|French,free,25-34,F,Travel,2026-01
HT_019313,2026-04-10,China,Arabic,English|Russian,premium,45+,M,Travel,2026-04
HT_019314,2025-07-06,France,Chinese,French,free,25-34,Other,Travel,2025-07
HT_019315,2025-09-20,Brazil,Russian,English|Arabic,free,18-24,F,Travel,2025-09
HT_019316,2025-12-15,China,Korean,Chinese|Portuguese,free,35-44,Other,Immigration,2025-12
HT_019317,2025-11-19,UK,Arabic,Italian,free,45+,F,Immigration,2025-11
HT_019318,2026-01-21,Mexico,English,Dutch|Chinese|Spanish,free,45+,M,Business,2026-01
HT_019319,2025-10-30,Mexico,German,Italian|Dutch|Portuguese,free,35-44,F,Travel,2025-10
HT_019320,2025-11-27,Australia,Spanish,French|Arabic|Chinese,free,25-34,Other,Hobby,2025-11
HT_019321,2026-02-28,Mexico,Chinese,English|Dutch|Spanish,free,35-44,M,Immigration,2026-02
HT_019322,2025-08-19,France,Korean,Dutch|Italian|French,free,18-24,F,Hobby,2025-08
HT_019323,2025-07-27,South Korea,Arabic,Italian|Spanish|German,free,18-24,F,Business,2025-07
HT_019324,2025-08-22,USA,Italian,Spanish|Japanese,free,18-24,F,Immigration,2025-08
HT_019325,2025-07-14,South Korea,Spanish,German|Arabic|French,free,25-34,Other,Business,2025-07
HT_019326,2025-10-30,USA,Chinese,French|English|Italian,free,18-24,Other,Travel,2025-10
HT_019327,2025-09-18,Spain,German,Korean,premium,18-24,Other,Exam,2025-09
HT_019328,2025-05-16,Mexico,German,Portuguese,free,25-34,M,Immigration,2025-05
HT_019329,2025-11-16,Australia,Arabic,Portuguese,free,35-44,F,Business,2025-11
HT_019330,2025-09-13,South Korea,German,French,free,18-24,Other,Immigration,2025-09
HT_019331,2025-11-16,China,Russian,English|German,free,25-34,F,Exam,2025-11
HT_019332,2025-10-20,France,Russian,French|English|Spanish,free,35-44,Other,Immigration,2025-10
HT_019333,2025-08-20,UK,English,Portuguese|Korean,premium,25-34,F,Hobby,2025-08
HT_019334,2025-11-01,France,Korean,Russian|Italian|Chinese,free,45+,F,Immigration,2025-11
HT_019335,2025-04-25,UK,Italian,Dutch|Russian|English,free,25-34,Other,Travel,2025-04
HT_019336,2025-08-15,Japan,Korean,Dutch|Arabic|English,free,25-34,F,Immigration,2025-08
HT_019337,2026-02-14,Mexico,Korean,Russian|French|Portuguese,free,18-24,M,Hobby,2026-02
HT_019338,2026-02-12,Mexico,Portuguese,Italian|English,premium,18-24,M,Immigration,2026-02
HT_019339,2025-12-15,USA,Dutch,Japanese|Korean,free,18-24,Other,Business,2025-12
HT_019340,2026-03-10,China,Chinese,Dutch,free,25-34,F,Hobby,2026-03
HT_019341,2025-04-14,Spain,Portuguese,Arabic|Dutch,premium,18-24,Other,Exam,2025-04
HT_019342,2026-02-06,Mexico,Russian,Chinese,free,35-44,F,Hobby,2026-02
HT_019343,2025-12-20,China,German,Korean|Japanese|French,free,35-44,M,Business,2025-12
HT_019344,2025-12-18,Mexico,Korean,Chinese|Portuguese,free,35-44,F,Hobby,2025-12
HT_019345,2025-08-01,China,Dutch,Italian,free,18-24,M,Travel,2025-08
HT_019346,2026-02-08,China,Chinese,Arabic,premium,18-24,Other,Immigration,2026-02
HT_019347,2025-06-30,Mexico,French,English|Russian,free,25-34,Other,Travel,2025-06
HT_019348,2025-11-17,Germany,Japanese,French|English,free,18-24,Other,Exam,2025-11
HT_019349,2025-11-29,Japan,Chinese,Russian|Korean,free,35-44,F,Business,2025-11
HT_019350,2025-05-25,Canada,Japanese,Italian|Korean|French,free,18-24,Other,Exam,2025-05
HT_019351,2025-09-29,Brazil,Dutch,Spanish|Italian|French,free,45+,Other,Hobby,2025-09
HT_019352,2026-02-08,Australia,Korean,Japanese,free,18-24,Other,Business,2026-02
HT_019353,2025-06-19,Germany,Portuguese,Spanish,premium,25-34,Other,Travel,2025-06
HT_019354,2025-06-24,Mexico,Dutch,Japanese,free,25-34,M,Immigration,2025-06
HT_019355,2025-09-02,Japan,Arabic,Italian|Russian|Japanese,free,25-34,M,Hobby,2025-09
HT_019356,2025-07-19,Spain,German,Dutch|French|Spanish,free,18-24,M,Hobby,2025-07
HT_019357,2025-08-30,Germany,Korean,Portuguese|French|Spanish,free,45+,M,Travel,2025-08
HT_019358,2026-03-09,Spain,German,Korean,free,25-34,F,Hobby,2026-03
HT_019359,2025-06-10,France,Dutch,Arabic,free,45+,F,Travel,2025-06
HT_019360,2025-09-06,China,Spanish,Arabic,free,25-34,M,Business,2025-09
HT_019361,2025-08-06,Mexico,Russian,Spanish|Italian|German,free,35-44,F,Hobby,2025-08
HT_019362,2025-08-16,South Korea,Chinese,Italian,free,25-34,Other,Travel,2025-08
HT_019363,2025-11-20,Canada,Portuguese,Japanese,free,25-34,M,Hobby,2025-11
HT_019364,2026-02-27,Japan,Japanese,Russian|Italian,premium,25-34,F,Travel,2026-02
HT_019365,2025-05-14,Canada,Japanese,Italian|Chinese,free,18-24,M,Hobby,2025-05
HT_019366,2025-10-18,France,Dutch,French,free,35-44,M,Exam,2025-10
HT_019367,2025-11-11,China,Portuguese,Arabic|Korean|Chinese,free,18-24,Other,Travel,2025-11
HT_019368,2025-08-10,Brazil,Portuguese,German|Russian,free,18-24,Other,Travel,2025-08
HT_019369,2025-08-16,Brazil,English,French,free,25-34,F,Exam,2025-08
HT_019370,2026-02-24,Brazil,Dutch,French|Chinese|German,free,25-34,F,Hobby,2026-02
HT_019371,2025-10-23,Canada,English,Chinese,free,25-34,Other,Travel,2025-10
HT_019372,2025-08-13,Australia,Japanese,Spanish|English|Korean,free,25-34,M,Exam,2025-08
HT_019373,2026-01-06,UK,Dutch,German,free,18-24,Other,Immigration,2026-01
HT_019374,2025-07-17,Japan,Portuguese,Spanish|Dutch|Italian,free,18-24,Other,Travel,2025-07
HT_019375,2025-09-05,Germany,Dutch,Korean|Japanese|French,free,18-24,M,Immigration,2025-09
HT_019376,2025-09-25,Japan,Spanish,Dutch|Arabic|Portuguese,premium,18-24,Other,Travel,2025-09
HT_019377,2025-10-15,France,Arabic,Japanese,free,18-24,F,Travel,2025-10
HT_019378,2026-03-03,UK,Dutch,French,free,25-34,M,Immigration,2026-03
HT_019379,2026-01-20,Canada,Japanese,Spanish,free,25-34,Other,Immigration,2026-01
HT_019380,2025-07-04,Australia,Dutch,Chinese,free,25-34,Other,Exam,2025-07
HT_019381,2025-08-14,Japan,Russian,Italian,free,25-34,F,Exam,2025-08
HT_019382,2025-10-09,Brazil,Portuguese,Japanese,free,45+,F,Immigration,2025-10
HT_019383,2025-10-30,Germany,Spanish,Russian,free,25-34,Other,Hobby,2025-10
HT_019384,2025-08-25,UK,Korean,Italian,free,25-34,M,Exam,2025-08
HT_019385,2025-06-05,Australia,Dutch,Japanese|German|Spanish,free,18-24,Other,Business,2025-06
HT_019386,2025-11-26,China,Arabic,English|Chinese|Spanish,free,18-24,Other,Immigration,2025-11
HT_019387,2025-10-22,Spain,Chinese,Korean|Russian|Italian,free,18-24,M,Exam,2025-10
HT_019388,2025-08-24,Japan,Chinese,French|Arabic,free,35-44,M,Travel,2025-08
HT_019389,2025-12-18,Spain,French,Italian|German,free,25-34,Other,Travel,2025-12
HT_019390,2025-10-15,UK,Japanese,German|Korean,premium,18-24,Other,Business,2025-10
HT_019391,2026-01-06,Germany,Italian,Russian,free,25-34,F,Immigration,2026-01
HT_019392,2026-01-20,UK,Arabic,Russian|Portuguese,premium,18-24,Other,Travel,2026-01
HT_019393,2026-01-31,Brazil,Russian,Dutch|Arabic|Japanese,free,18-24,M,Hobby,2026-01
HT_019394,2025-11-03,Japan,Japanese,German|English,free,18-24,F,Business,2025-11
HT_019395,2025-06-25,South Korea,French,Korean,premium,18-24,Other,Immigration,2025-06
HT_019396,2026-03-30,South Korea,Dutch,English|German|Portuguese,free,18-24,Other,Business,2026-03
HT_019397,2025-05-01,Brazil,Portuguese,Russian|Korean,free,18-24,M,Travel,2025-05
HT_019398,2025-04-12,Mexico,Italian,Japanese|English|French,premium,35-44,F,Exam,2025-04
HT_019399,2026-03-31,Canada,Korean,Italian|Chinese,free,25-34,F,Hobby,2026-03
HT_019400,2025-12-13,Brazil,Chinese,Korean|Italian|Portuguese,free,18-24,M,Exam,2025-12
HT_019401,2026-04-10,Mexico,Chinese,French,free,45+,Other,Travel,2026-04
HT_019402,2025-11-06,China,English,Spanish|Portuguese|Japanese,free,18-24,Other,Exam,2025-11
HT_019403,2025-12-30,China,English,Italian,free,18-24,Other,Exam,2025-12
HT_019404,2026-03-13,UK,English,Spanish|French,free,25-34,M,Business,2026-03
HT_019405,2025-04-12,UK,Italian,Japanese|German|English,free,25-34,M,Business,2025-04
HT_019406,2026-01-01,Japan,French,English|Italian,free,18-24,M,Exam,2026-01
HT_019407,2026-01-16,France,Spanish,Portuguese,free,25-34,M,Business,2026-01
HT_019408,2025-04-26,Spain,Russian,Dutch,free,18-24,Other,Hobby,2025-04
HT_019409,2025-05-12,Spain,Spanish,English,free,25-34,M,Hobby,2025-05
HT_019410,2025-04-18,South Korea,English,French|Portuguese|Dutch,free,25-34,Other,Travel,2025-04
HT_019411,2026-03-10,USA,German,French|English,free,18-24,F,Travel,2026-03
HT_019412,2025-07-19,Japan,Italian,Dutch|German,free,35-44,Other,Travel,2025-07
HT_019413,2026-01-30,France,Spanish,Arabic|English,free,18-24,M,Immigration,2026-01
HT_019414,2025-09-06,Australia,German,Italian|Chinese,free,45+,F,Exam,2025-09
HT_019415,2025-09-25,Germany,Japanese,Arabic|Italian|German,free,18-24,F,Immigration,2025-09
HT_019416,2025-08-24,Canada,Korean,Arabic|Chinese|English,premium,25-34,M,Travel,2025-08
HT_019417,2025-07-04,Brazil,Italian,Dutch|Korean|Arabic,free,25-34,Other,Travel,2025-07
HT_019418,2025-05-06,Spain,Portuguese,English|Chinese|Spanish,free,18-24,M,Business,2025-05
HT_019419,2025-10-12,Brazil,Portuguese,Arabic|Japanese,free,25-34,Other,Exam,2025-10
HT_019420,2025-05-07,Spain,Russian,Arabic|Dutch|English,free,35-44,M,Exam,2025-05
HT_019421,2025-05-10,Brazil,Arabic,Dutch,free,25-34,F,Hobby,2025-05
HT_019422,2025-12-08,Brazil,English,German,free,18-24,M,Hobby,2025-12
HT_019423,2026-02-14,Australia,Chinese,German|Russian,premium,25-34,F,Immigration,2026-02
HT_019424,2026-02-19,Spain,Arabic,German|Chinese,premium,18-24,Other,Hobby,2026-02
HT_019425,2025-12-24,Brazil,Arabic,Chinese|Russian,free,25-34,F,Hobby,2025-12
HT_019426,2025-07-30,South Korea,Japanese,Chinese|Dutch,premium,35-44,F,Hobby,2025-07
HT_019427,2026-04-02,Spain,German,Arabic|Korean,free,25-34,M,Exam,2026-04
HT_019428,2025-05-02,China,Italian,Spanish,free,25-34,M,Exam,2025-05
HT_019429,2026-04-10,Australia,Korean,Portuguese|French,free,45+,F,Business,2026-04
HT_019430,2025-08-30,Mexico,Korean,Chinese|Portuguese|Dutch,free,25-34,M,Immigration,2025-08
HT_019431,2026-04-10,Mexico,Italian,French|Chinese,free,25-34,M,Business,2026-04
HT_019432,2026-04-03,Spain,German,Spanish,free,35-44,M,Immigration,2026-04
HT_019433,2025-12-12,Brazil,French,Portuguese|Chinese|German,free,18-24,M,Travel,2025-12
HT_019434,2025-07-12,Mexico,French,Arabic|Spanish|Italian,free,25-34,M,Immigration,2025-07
HT_019435,2025-05-09,UK,Japanese,French|Italian|Chinese,free,18-24,Other,Exam,2025-05
HT_019436,2025-04-14,Spain,Italian,Japanese,free,18-24,M,Exam,2025-04
HT_019437,2025-09-09,China,Dutch,Russian|Italian|Arabic,free,18-24,F,Immigration,2025-09
HT_019438,2026-01-25,Mexico,German,Japanese|Chinese,free,18-24,F,Business,2026-01
HT_019439,2026-02-19,South Korea,Russian,Korean|Italian|Arabic,free,18-24,Other,Immigration,2026-02
HT_019440,2025-06-06,China,German,Dutch|Portuguese,free,35-44,M,Travel,2025-06
HT_019441,2025-06-15,Canada,Arabic,Chinese|Italian,free,25-34,M,Hobby,2025-06
HT_019442,2025-07-25,USA,Korean,Chinese,free,25-34,M,Hobby,2025-07
HT_019443,2025-12-19,France,Portuguese,Korean|Chinese|German,free,35-44,F,Immigration,2025-12
HT_019444,2025-06-14,USA,French,Portuguese|Japanese|German,free,25-34,F,Travel,2025-06
HT_019445,2025-05-17,Spain,Spanish,Japanese|Portuguese,free,25-34,F,Hobby,2025-05
HT_019446,2026-03-11,France,Italian,Chinese|Russian|English,free,18-24,M,Exam,2026-03
HT_019447,2025-05-17,Spain,Italian,German|Dutch,free,35-44,Other,Travel,2025-05
HT_019448,2025-06-05,Germany,Italian,German,free,25-34,Other,Immigration,2025-06
HT_019449,2026-01-31,China,Portuguese,Chinese,free,18-24,Other,Business,2026-01
HT_019450,2025-12-11,Spain,Dutch,Italian|English,free,25-34,F,Travel,2025-12
HT_019451,2025-07-10,Brazil,Chinese,Korean|English|German,free,35-44,M,Travel,2025-07
HT_019452,2025-06-03,Australia,Portuguese,Italian|French,premium,25-34,F,Travel,2025-06
HT_019453,2025-11-18,Germany,Italian,Spanish,free,45+,F,Immigration,2025-11
HT_019454,2025-12-04,Germany,Japanese,Spanish|English,free,25-34,M,Business,2025-12
HT_019455,2025-12-23,China,Korean,Spanish|English|Russian,premium,18-24,F,Exam,2025-12
HT_019456,2025-07-26,USA,Spanish,Italian|Korean,free,18-24,M,Business,2025-07
HT_019457,2026-01-02,South Korea,Japanese,English|Arabic|Dutch,free,25-34,M,Exam,2026-01
HT_019458,2026-04-04,Brazil,Korean,Italian,free,18-24,Other,Business,2026-04
HT_019459,2026-04-06,China,English,German|Spanish|Italian,free,25-34,Other,Exam,2026-04
HT_019460,2026-02-16,Brazil,English,Portuguese|French|Chinese,free,18-24,F,Hobby,2026-02
HT_019461,2026-01-13,France,Arabic,English|French|Japanese,premium,25-34,F,Exam,2026-01
HT_019462,2025-09-11,Germany,French,Portuguese,free,25-34,F,Business,2025-09
HT_019463,2025-09-06,USA,Japanese,Korean|English|Dutch,free,25-34,F,Exam,2025-09
HT_019464,2025-04-26,Spain,Spanish,Chinese|Korean,free,45+,Other,Business,2025-04
HT_019465,2025-10-14,Canada,Chinese,Korean|Spanish|Japanese,free,18-24,F,Immigration,2025-10
HT_019466,2026-01-28,South Korea,French,Russian|Chinese|Arabic,free,18-24,M,Travel,2026-01
HT_019467,2025-08-31,Germany,French,English,free,18-24,F,Exam,2025-08
HT_019468,2026-02-05,Spain,German,French|Chinese|English,free,25-34,F,Hobby,2026-02
HT_019469,2025-04-17,Germany,Portuguese,Spanish,free,35-44,M,Hobby,2025-04
HT_019470,2025-06-30,Spain,Spanish,Dutch|German|English,free,25-34,M,Business,2025-06
HT_019471,2025-10-05,Germany,French,Portuguese|German|Italian,free,25-34,Other,Exam,2025-10
HT_019472,2025-09-16,South Korea,Russian,French|Chinese,premium,18-24,F,Exam,2025-09
HT_019473,2025-08-21,Canada,French,German,premium,18-24,F,Immigration,2025-08
HT_019474,2025-06-28,Germany,Portuguese,Russian,free,35-44,Other,Business,2025-06
HT_019475,2025-10-25,Japan,Arabic,German,free,25-34,Other,Hobby,2025-10
HT_019476,2025-06-14,Germany,Italian,Arabic|German,free,25-34,F,Immigration,2025-06
HT_019477,2025-08-15,China,Spanish,Dutch|Russian,free,35-44,F,Immigration,2025-08
HT_019478,2026-02-14,South Korea,Dutch,English|Korean|Portuguese,free,25-34,M,Travel,2026-02
HT_019479,2025-12-11,Mexico,German,Japanese|Dutch,premium,18-24,M,Business,2025-12
HT_019480,2025-11-20,Japan,Korean,English|French|Portuguese,free,18-24,M,Immigration,2025-11
HT_019481,2025-10-02,Germany,Italian,German|Korean|Arabic,free,18-24,F,Exam,2025-10
HT_019482,2025-09-12,France,French,Arabic|Dutch|English,free,25-34,Other,Exam,2025-09
HT_019483,2025-06-22,Brazil,German,Portuguese|Spanish|Arabic,free,25-34,Other,Travel,2025-06
HT_019484,2025-06-04,Germany,Korean,Arabic,premium,18-24,F,Immigration,2025-06
HT_019485,2025-05-31,China,English,Dutch,free,25-34,M,Immigration,2025-05
HT_019486,2025-11-11,France,Russian,French|Dutch,free,25-34,M,Immigration,2025-11
HT_019487,2026-01-01,USA,Korean,English|French,free,18-24,F,Hobby,2026-01
HT_019488,2025-08-14,UK,German,Portuguese|Italian|Spanish,premium,35-44,F,Immigration,2025-08
HT_019489,2026-03-11,Australia,Portuguese,Spanish|English,free,18-24,Other,Business,2026-03
HT_019490,2025-05-21,China,English,Arabic|Russian|Dutch,free,25-34,M,Hobby,2025-05
HT_019491,2025-10-31,Canada,Russian,Dutch|Italian|Korean,free,25-34,M,Business,2025-10
HT_019492,2025-05-15,Australia,German,Chinese|Spanish,free,25-34,F,Business,2025-05
HT_019493,2025-09-27,Brazil,Arabic,German|Dutch|French,premium,18-24,F,Travel,2025-09
HT_019494,2025-11-26,Japan,French,Russian|Portuguese|Italian,free,25-34,Other,Immigration,2025-11
HT_019495,2025-12-05,USA,Chinese,Spanish|Japanese,free,18-24,M,Travel,2025-12
HT_019496,2025-06-09,Australia,Dutch,Chinese|French,free,18-24,F,Travel,2025-06
HT_019497,2026-01-09,USA,Arabic,Portuguese|Chinese,free,35-44,F,Immigration,2026-01
HT_019498,2026-04-02,South Korea,Portuguese,Italian,free,18-24,F,Hobby,2026-04
HT_019499,2026-02-07,Australia,Portuguese,Korean|French,free,25-34,M,Immigration,2026-02
HT_019500,2025-05-21,Mexico,Dutch,Italian|French,free,45+,F,Immigration,2025-05
HT_019501,2025-09-03,Brazil,Arabic,Korean|French|Dutch,free,18-24,M,Business,2025-09
HT_019502,2025-08-21,France,English,German,free,25-34,F,Immigration,2025-08
HT_019503,2025-05-10,Australia,Arabic,Portuguese|Spanish|German,free,35-44,Other,Travel,2025-05
HT_019504,2025-05-22,Japan,Italian,Spanish,premium,18-24,M,Exam,2025-05
HT_019505,2025-09-02,Brazil,Japanese,English|Dutch,free,35-44,M,Business,2025-09
HT_019506,2026-03-22,Australia,Arabic,English|Portuguese,free,35-44,Other,Business,2026-03
HT_019507,2025-06-01,Japan,Russian,Japanese|Italian,free,25-34,M,Immigration,2025-06
HT_019508,2025-12-12,Spain,Italian,Japanese,free,18-24,Other,Hobby,2025-12
HT_019509,2025-04-28,France,French,Spanish,premium,25-34,Other,Business,2025-04
HT_019510,2026-02-07,UK,Japanese,Italian|Arabic,free,18-24,Other,Travel,2026-02
HT_019511,2025-09-19,South Korea,Portuguese,Chinese|Italian|Arabic,free,25-34,Other,Travel,2025-09
HT_019512,2026-01-31,South Korea,Russian,German,free,18-24,M,Immigration,2026-01
HT_019513,2025-07-31,UK,Arabic,English|Chinese,free,18-24,M,Exam,2025-07
HT_019514,2025-07-07,South Korea,Dutch,Japanese,free,18-24,Other,Business,2025-07
HT_019515,2025-08-15,Mexico,Korean,German,free,25-34,Other,Exam,2025-08
HT_019516,2025-09-18,Canada,Chinese,German,free,25-34,F,Hobby,2025-09
HT_019517,2025-05-06,UK,Arabic,Japanese|Chinese,free,18-24,F,Travel,2025-05
HT_019518,2025-07-18,Japan,Arabic,French|Russian|Japanese,free,25-34,M,Travel,2025-07
HT_019519,2025-08-02,UK,English,Russian|Arabic,free,18-24,M,Exam,2025-08
HT_019520,2025-11-28,Mexico,Portuguese,Russian,premium,25-34,F,Business,2025-11
HT_019521,2025-12-09,USA,Japanese,Korean|French,free,18-24,Other,Travel,2025-12
HT_019522,2026-01-30,USA,Korean,Russian|Italian|Chinese,free,18-24,Other,Travel,2026-01
HT_019523,2026-02-07,UK,German,Korean|Spanish,free,18-24,F,Exam,2026-02
HT_019524,2025-11-01,China,English,Korean|Spanish,free,45+,Other,Exam,2025-11
HT_019525,2025-08-21,France,German,French|Arabic,free,35-44,F,Immigration,2025-08
HT_019526,2025-08-20,China,Korean,French,free,35-44,Other,Immigration,2025-08
HT_019527,2025-11-28,Australia,Russian,Chinese,free,35-44,F,Hobby,2025-11
HT_019528,2025-06-21,UK,English,Arabic|Italian,free,35-44,Other,Travel,2025-06
HT_019529,2025-06-27,UK,English,Korean|Portuguese,free,25-34,Other,Immigration,2025-06
HT_019530,2025-07-09,South Korea,Spanish,Korean,free,35-44,F,Hobby,2025-07
HT_019531,2025-09-29,Mexico,Chinese,Dutch,premium,25-34,F,Travel,2025-09
HT_019532,2026-02-12,Canada,Korean,Chinese,free,18-24,M,Travel,2026-02
HT_019533,2025-11-05,Mexico,Italian,Arabic|English|Russian,free,35-44,M,Travel,2025-11
HT_019534,2025-08-15,Canada,Chinese,Korean,free,25-34,M,Immigration,2025-08
HT_019535,2025-12-02,Spain,Italian,Portuguese,premium,18-24,F,Exam,2025-12
HT_019536,2025-07-17,Germany,Dutch,French|Arabic,premium,25-34,Other,Hobby,2025-07
HT_019537,2026-02-18,Germany,Portuguese,Japanese,free,18-24,Other,Business,2026-02
HT_019538,2025-07-27,Germany,Spanish,Italian|Russian,premium,18-24,F,Hobby,2025-07
HT_019539,2026-03-25,UK,French,English,free,35-44,Other,Travel,2026-03
HT_019540,2026-03-24,USA,Italian,Chinese|Dutch|German,free,18-24,M,Immigration,2026-03
HT_019541,2025-05-03,Brazil,Chinese,Portuguese|French|Korean,free,25-34,F,Business,2025-05
HT_019542,2025-12-25,Japan,Dutch,Chinese|Portuguese|German,premium,45+,Other,Travel,2025-12
HT_019543,2026-01-03,Spain,Italian,Russian|Chinese|Portuguese,free,18-24,Other,Travel,2026-01
HT_019544,2025-09-07,China,Chinese,Dutch|French,free,35-44,Other,Travel,2025-09
HT_019545,2025-12-09,UK,Korean,Italian|Spanish|Chinese,free,18-24,Other,Hobby,2025-12
HT_019546,2026-02-27,USA,Italian,Dutch,free,18-24,M,Business,2026-02
HT_019547,2026-01-09,UK,German,Arabic|Russian,premium,18-24,F,Travel,2026-01
HT_019548,2025-12-30,Japan,Japanese,Chinese|Arabic|German,free,25-34,M,Hobby,2025-12
HT_019549,2025-12-04,Mexico,Chinese,Italian,free,25-34,Other,Immigration,2025-12
HT_019550,2025-08-24,France,Arabic,German|Portuguese,free,35-44,M,Immigration,2025-08
HT_019551,2025-07-27,Mexico,French,Italian|German|Arabic,premium,25-34,F,Immigration,2025-07
HT_019552,2025-04-24,Spain,Korean,Chinese|English|Russian,free,25-34,M,Travel,2025-04
HT_019553,2025-12-15,Brazil,Arabic,Japanese|German,free,45+,Other,Exam,2025-12
HT_019554,2025-05-07,UK,French,Portuguese|Spanish|Arabic,premium,25-34,Other,Exam,2025-05
HT_019555,2025-07-15,USA,Italian,French,free,25-34,M,Business,2025-07
HT_019556,2025-12-27,Spain,German,Russian,free,25-34,M,Immigration,2025-12
HT_019557,2025-07-25,Spain,Japanese,English|Arabic|Spanish,free,25-34,Other,Business,2025-07
HT_019558,2026-02-16,USA,English,Dutch,free,35-44,F,Immigration,2026-02
HT_019559,2025-08-24,USA,Spanish,Russian|French,free,18-24,Other,Hobby,2025-08
HT_019560,2025-04-26,Brazil,Portuguese,Arabic|Japanese,free,18-24,M,Immigration,2025-04
HT_019561,2025-10-20,Spain,French,Arabic,free,25-34,Other,Travel,2025-10
HT_019562,2025-05-28,China,Chinese,French|Dutch|Italian,free,25-34,Other,Exam,2025-05
HT_019563,2025-05-04,China,German,Chinese|English,free,18-24,Other,Business,2025-05
HT_019564,2025-07-08,Germany,Dutch,Korean|German,free,18-24,Other,Travel,2025-07
HT_019565,2025-07-17,Japan,French,Japanese|Spanish,free,25-34,Other,Travel,2025-07
HT_019566,2026-01-30,Canada,German,French|Russian,free,35-44,M,Travel,2026-01
HT_019567,2025-10-06,USA,Italian,Arabic,free,25-34,M,Travel,2025-10
HT_019568,2025-07-01,France,Japanese,Portuguese|English,free,25-34,Other,Exam,2025-07
HT_019569,2025-08-16,Spain,German,Korean|Russian|Spanish,premium,45+,Other,Travel,2025-08
HT_019570,2025-09-10,Mexico,French,Dutch|German,free,25-34,Other,Immigration,2025-09
HT_019571,2026-02-21,Germany,Chinese,Italian,free,35-44,Other,Exam,2026-02
HT_019572,2025-10-23,South Korea,Arabic,Italian|Korean,free,45+,M,Travel,2025-10
HT_019573,2025-08-16,Mexico,Korean,Italian|Dutch|Spanish,free,25-34,M,Immigration,2025-08
HT_019574,2025-05-11,France,Spanish,German,premium,35-44,F,Immigration,2025-05
HT_019575,2025-06-25,Japan,Dutch,Korean|German|Chinese,free,25-34,M,Exam,2025-06
HT_019576,2025-09-08,USA,Japanese,Korean|Spanish|Russian,free,45+,M,Hobby,2025-09
HT_019577,2025-09-13,Brazil,Chinese,Italian|Arabic,free,18-24,Other,Exam,2025-09
HT_019578,2025-11-17,Australia,Italian,Arabic|Chinese,free,25-34,M,Immigration,2025-11
HT_019579,2025-09-24,Japan,Italian,French|German|English,free,25-34,Other,Hobby,2025-09
HT_019580,2026-02-17,UK,Arabic,Portuguese,free,35-44,F,Hobby,2026-02
HT_019581,2025-08-15,USA,Dutch,Spanish,free,25-34,F,Exam,2025-08
HT_019582,2025-06-26,Germany,Portuguese,Italian,free,25-34,F,Hobby,2025-06
HT_019583,2025-06-08,China,Japanese,Portuguese,free,25-34,M,Hobby,2025-06
HT_019584,2025-09-02,South Korea,Korean,English|Dutch|German,free,25-34,F,Hobby,2025-09
HT_019585,2025-11-10,Japan,Korean,Chinese,free,25-34,M,Immigration,2025-11
HT_019586,2025-08-17,China,Italian,Russian,free,25-34,Other,Immigration,2025-08
HT_019587,2025-05-08,Mexico,English,Dutch|Arabic,free,35-44,F,Business,2025-05
HT_019588,2025-07-03,Spain,Chinese,Dutch|Japanese,premium,18-24,Other,Business,2025-07
HT_019589,2026-02-10,UK,Italian,French|Portuguese,free,25-34,M,Business,2026-02
HT_019590,2025-11-25,Mexico,Portuguese,Chinese|Italian|Japanese,free,25-34,Other,Hobby,2025-11
HT_019591,2025-09-25,USA,Chinese,English|French|Italian,free,18-24,F,Immigration,2025-09
HT_019592,2025-05-06,China,Japanese,Russian|Spanish|French,free,25-34,F,Business,2025-05
HT_019593,2026-02-12,Brazil,Chinese,Portuguese|Korean|Italian,free,25-34,F,Travel,2026-02
HT_019594,2026-02-15,South Korea,Portuguese,Korean|Arabic,free,25-34,F,Hobby,2026-02
HT_019595,2025-12-21,Germany,Italian,Portuguese|Russian,free,25-34,Other,Business,2025-12
HT_019596,2025-12-08,Canada,French,German,premium,45+,M,Travel,2025-12
HT_019597,2025-12-14,Canada,Japanese,Chinese|Dutch|Korean,free,25-34,M,Hobby,2025-12
HT_019598,2025-11-22,China,Russian,French,free,18-24,Other,Hobby,2025-11
HT_019599,2025-10-29,Brazil,Chinese,French,free,25-34,M,Hobby,2025-10
HT_019600,2025-11-08,Spain,Japanese,Chinese,premium,25-34,M,Immigration,2025-11
HT_019601,2025-12-30,Mexico,Chinese,German|Italian|Korean,free,25-34,Other,Travel,2025-12
HT_019602,2025-08-31,Brazil,Portuguese,Korean|French|Japanese,free,25-34,F,Immigration,2025-08
HT_019603,2026-02-27,Mexico,French,Arabic|Italian|German,free,25-34,M,Travel,2026-02
HT_019604,2025-12-19,Brazil,Japanese,Spanish|Russian,free,45+,F,Business,2025-12
HT_019605,2025-11-22,Australia,Dutch,German|Japanese,free,18-24,F,Immigration,2025-11
HT_019606,2026-02-12,UK,Arabic,Portuguese|Italian,free,18-24,Other,Hobby,2026-02
HT_019607,2026-03-01,Australia,Dutch,German,free,35-44,F,Hobby,2026-03
HT_019608,2026-03-25,Canada,Japanese,Russian|Italian|Arabic,free,45+,Other,Business,2026-03
HT_019609,2025-04-12,Germany,Italian,Spanish|Russian,premium,18-24,F,Travel,2025-04
HT_019610,2025-09-25,South Korea,Italian,Russian,free,35-44,F,Hobby,2025-09
HT_019611,2026-03-16,Canada,Italian,Arabic|Japanese|Chinese,free,25-34,Other,Immigration,2026-03
HT_019612,2026-03-15,Spain,Korean,Russian|Italian,free,18-24,M,Travel,2026-03
HT_019613,2025-08-05,China,Chinese,French|Dutch|Spanish,free,35-44,F,Exam,2025-08
HT_019614,2025-06-22,South Korea,Japanese,Spanish,free,18-24,M,Hobby,2025-06
HT_019615,2025-07-02,Mexico,Arabic,Korean,free,35-44,Other,Hobby,2025-07
HT_019616,2026-03-03,Mexico,Korean,German|Chinese|Italian,free,18-24,F,Exam,2026-03
HT_019617,2025-09-10,China,Italian,Dutch|English,free,18-24,Other,Immigration,2025-09
HT_019618,2026-03-22,South Korea,Korean,Italian|German|Spanish,free,18-24,M,Immigration,2026-03
HT_019619,2025-11-27,Canada,English,German,free,25-34,M,Hobby,2025-11
HT_019620,2025-07-26,France,Japanese,Korean,free,25-34,F,Travel,2025-07
HT_019621,2025-12-23,Mexico,German,French,free,25-34,M,Immigration,2025-12
HT_019622,2025-09-28,UK,Russian,Dutch|Chinese,free,18-24,Other,Hobby,2025-09
HT_019623,2026-03-04,Brazil,German,English|Russian|Korean,free,25-34,M,Business,2026-03
HT_019624,2025-11-09,China,German,Spanish,free,25-34,F,Business,2025-11
HT_019625,2025-04-22,France,Spanish,Portuguese,free,25-34,F,Travel,2025-04
HT_019626,2026-04-10,USA,Dutch,Japanese,free,18-24,M,Immigration,2026-04
HT_019627,2025-04-17,Canada,Spanish,Japanese|Chinese,free,25-34,M,Immigration,2025-04
HT_019628,2025-12-14,South Korea,Japanese,Portuguese,premium,18-24,F,Exam,2025-12
HT_019629,2025-09-19,UK,Portuguese,Dutch|Arabic|German,free,45+,F,Exam,2025-09
HT_019630,2026-01-15,USA,English,Chinese|Russian,free,35-44,Other,Immigration,2026-01
HT_019631,2025-12-28,Brazil,Japanese,Russian,free,45+,F,Travel,2025-12
HT_019632,2025-05-06,France,Portuguese,French,premium,35-44,M,Immigration,2025-05
HT_019633,2025-11-12,Australia,Portuguese,Russian|German|Japanese,free,25-34,M,Hobby,2025-11
HT_019634,2025-05-23,Brazil,Italian,Russian|Dutch,free,25-34,Other,Travel,2025-05
HT_019635,2025-12-15,Brazil,Portuguese,Dutch|Spanish,premium,45+,Other,Exam,2025-12
HT_019636,2025-08-29,Spain,Korean,Dutch,free,25-34,F,Immigration,2025-08
HT_019637,2025-07-06,Australia,Chinese,Korean|Portuguese,free,25-34,M,Exam,2025-07
HT_019638,2025-07-30,South Korea,Portuguese,English|French,free,18-24,M,Hobby,2025-07
HT_019639,2025-09-30,Canada,Russian,Spanish|Chinese,free,25-34,F,Exam,2025-09
HT_019640,2025-04-29,USA,Italian,Chinese,premium,18-24,Other,Hobby,2025-04
HT_019641,2026-01-09,China,Russian,Portuguese,free,35-44,Other,Exam,2026-01
HT_019642,2025-05-12,Brazil,English,Portuguese,free,35-44,F,Immigration,2025-05
HT_019643,2025-12-29,Germany,German,Russian|Dutch,free,35-44,M,Travel,2025-12
HT_019644,2025-06-05,South Korea,Spanish,Portuguese,free,18-24,Other,Immigration,2025-06
HT_019645,2026-02-14,China,Chinese,Spanish|Korean|Russian,premium,25-34,Other,Travel,2026-02
HT_019646,2025-10-09,France,Italian,English,free,18-24,F,Travel,2025-10
HT_019647,2026-02-05,UK,Korean,Portuguese|Italian,free,25-34,Other,Hobby,2026-02
HT_019648,2025-07-22,China,Dutch,Chinese,free,25-34,F,Immigration,2025-07
HT_019649,2026-01-06,France,English,French|Japanese,free,35-44,Other,Exam,2026-01
HT_019650,2026-03-02,Australia,Spanish,Arabic|Dutch,free,18-24,Other,Hobby,2026-03
HT_019651,2026-03-20,Germany,German,Chinese,free,35-44,Other,Exam,2026-03
HT_019652,2025-11-23,USA,Korean,Dutch|Italian|Portuguese,free,25-34,F,Exam,2025-11
HT_019653,2025-11-08,Brazil,French,Russian|Japanese,free,25-34,M,Exam,2025-11
HT_019654,2026-01-10,Australia,Arabic,Dutch|German,free,25-34,F,Hobby,2026-01
HT_019655,2026-03-09,Brazil,French,Chinese|English|Portuguese,free,25-34,Other,Business,2026-03
HT_019656,2025-11-24,China,Russian,German,free,25-34,M,Travel,2025-11
HT_019657,2025-08-31,Germany,Russian,Chinese,free,25-34,F,Travel,2025-08
HT_019658,2025-04-24,UK,Korean,Spanish|English|French,free,18-24,Other,Hobby,2025-04
HT_019659,2026-01-02,Spain,French,Italian|Spanish|Dutch,free,25-34,M,Hobby,2026-01
HT_019660,2026-04-05,Germany,Portuguese,German|Dutch|Spanish,free,35-44,Other,Exam,2026-04
HT_019661,2026-02-18,Canada,German,Chinese|Spanish|Italian,free,18-24,F,Immigration,2026-02
HT_019662,2025-07-05,Canada,German,Russian|Korean,free,25-34,F,Exam,2025-07
HT_019663,2025-08-30,Germany,Japanese,Russian,free,25-34,M,Exam,2025-08
HT_019664,2026-02-06,China,Korean,Japanese|Arabic|French,free,18-24,Other,Immigration,2026-02
HT_019665,2025-11-16,Spain,Spanish,Chinese|Japanese|Russian,free,25-34,M,Exam,2025-11
HT_019666,2026-01-28,Canada,Portuguese,Dutch|Russian|French,free,18-24,M,Travel,2026-01
HT_019667,2025-09-22,France,Spanish,Korean|Japanese,free,18-24,F,Travel,2025-09
HT_019668,2026-02-03,Germany,Arabic,Italian|Chinese,free,25-34,M,Exam,2026-02
HT_019669,2025-08-29,Australia,German,Chinese|Portuguese,free,25-34,M,Business,2025-08
HT_019670,2025-09-26,Mexico,Spanish,Italian|Dutch|German,free,18-24,M,Business,2025-09
HT_019671,2026-02-28,Germany,Chinese,Korean,free,25-34,Other,Exam,2026-02
HT_019672,2026-01-26,UK,Portuguese,Italian|Japanese|German,free,35-44,M,Immigration,2026-01
HT_019673,2025-05-01,Canada,Portuguese,French|German,free,25-34,M,Hobby,2025-05
HT_019674,2025-11-14,Brazil,German,Portuguese,free,25-34,Other,Business,2025-11
HT_019675,2025-10-14,Australia,Arabic,Spanish,free,18-24,Other,Exam,2025-10
HT_019676,2025-08-15,Mexico,Italian,English|Japanese,free,25-34,F,Travel,2025-08
HT_019677,2025-07-08,Spain,Arabic,French,free,25-34,Other,Business,2025-07
HT_019678,2025-08-07,UK,Spanish,German|Chinese,free,25-34,M,Business,2025-08
HT_019679,2025-04-14,South Korea,Chinese,Spanish,free,35-44,F,Immigration,2025-04
HT_019680,2025-09-20,Canada,Russian,Italian|Chinese,free,45+,F,Business,2025-09
HT_019681,2026-02-22,UK,Portuguese,Spanish|Arabic|Dutch,free,18-24,F,Exam,2026-02
HT_019682,2025-11-22,UK,English,Spanish|Korean|German,free,25-34,F,Business,2025-11
HT_019683,2025-12-21,France,Japanese,Spanish|Arabic,free,25-34,F,Travel,2025-12
HT_019684,2025-11-30,Canada,English,German|Italian|Chinese,free,35-44,F,Business,2025-11
HT_019685,2026-02-22,China,Korean,Japanese|Spanish,free,35-44,F,Immigration,2026-02
HT_019686,2025-12-27,China,Korean,Spanish|Japanese,free,18-24,Other,Immigration,2025-12
HT_019687,2026-01-05,USA,French,Portuguese,premium,35-44,M,Business,2026-01
HT_019688,2025-07-22,Australia,Arabic,German|Italian|French,free,18-24,F,Hobby,2025-07
HT_019689,2025-04-17,Australia,Korean,German|Dutch,free,25-34,Other,Immigration,2025-04
HT_019690,2025-11-19,Australia,English,Portuguese|Chinese|Italian,free,35-44,M,Business,2025-11
HT_019691,2026-02-16,Japan,Korean,English|Arabic,free,35-44,M,Hobby,2026-02
HT_019692,2025-10-19,USA,Japanese,Chinese,free,18-24,F,Immigration,2025-10
HT_019693,2025-11-13,China,Italian,Chinese,free,18-24,M,Hobby,2025-11
HT_019694,2025-08-22,France,German,Italian|Dutch,free,18-24,F,Travel,2025-08
HT_019695,2025-06-07,Mexico,Italian,Japanese|Dutch|Chinese,free,25-34,F,Hobby,2025-06
HT_019696,2025-05-13,UK,Portuguese,Russian|Arabic,premium,35-44,M,Hobby,2025-05
HT_019697,2025-09-02,China,Dutch,Japanese|Arabic|English,free,35-44,Other,Travel,2025-09
HT_019698,2025-05-20,Brazil,Dutch,Russian|German,free,25-34,M,Hobby,2025-05
HT_019699,2025-07-01,South Korea,Dutch,French|Japanese|German,free,18-24,M,Travel,2025-07
HT_019700,2025-07-27,France,Arabic,Korean|French|Dutch,premium,25-34,F,Exam,2025-07
HT_019701,2025-04-19,USA,Portuguese,Arabic|Japanese|Italian,premium,25-34,Other,Immigration,2025-04
HT_019702,2025-07-16,Mexico,Korean,Japanese,free,25-34,Other,Travel,2025-07
HT_019703,2026-04-07,USA,Portuguese,Dutch,free,25-34,Other,Exam,2026-04
HT_019704,2025-06-23,Brazil,Dutch,Arabic|Russian|French,free,25-34,F,Exam,2025-06
HT_019705,2026-01-12,Mexico,Korean,Arabic,free,18-24,Other,Immigration,2026-01
HT_019706,2025-11-15,Mexico,Spanish,Chinese,free,25-34,M,Exam,2025-11
HT_019707,2026-03-27,Australia,Portuguese,English,free,18-24,F,Hobby,2026-03
HT_019708,2026-02-19,Canada,Portuguese,Korean,premium,18-24,F,Immigration,2026-02
HT_019709,2025-08-16,Australia,Korean,Japanese,free,45+,M,Immigration,2025-08
HT_019710,2025-12-15,Spain,English,German|Portuguese,premium,25-34,M,Immigration,2025-12
HT_019711,2025-10-30,Mexico,Arabic,Spanish|Korean,free,25-34,Other,Hobby,2025-10
HT_019712,2025-04-22,France,Korean,Chinese,free,18-24,Other,Business,2025-04
HT_019713,2025-11-10,Brazil,Dutch,Korean,free,25-34,F,Immigration,2025-11
HT_019714,2025-06-28,Japan,Dutch,Italian,free,35-44,Other,Immigration,2025-06
HT_019715,2025-09-09,Mexico,Dutch,German|French,free,25-34,F,Exam,2025-09
HT_019716,2025-06-28,UK,Korean,Russian|Italian,free,18-24,M,Travel,2025-06
HT_019717,2025-12-10,Mexico,Portuguese,French|Arabic,free,45+,F,Travel,2025-12
HT_019718,2026-03-29,Brazil,Italian,German|Japanese,free,25-34,F,Travel,2026-03
HT_019719,2026-03-13,Canada,Russian,Korean|Japanese|Arabic,free,25-34,F,Travel,2026-03
HT_019720,2025-07-07,Mexico,Japanese,Chinese,free,18-24,M,Travel,2025-07
HT_019721,2025-06-27,Australia,French,Dutch,free,25-34,F,Exam,2025-06
HT_019722,2025-10-27,Mexico,Korean,Dutch,free,45+,F,Business,2025-10
HT_019723,2025-09-26,Australia,Portuguese,Korean,free,25-34,M,Business,2025-09
HT_019724,2025-05-29,Mexico,Russian,German,free,25-34,Other,Travel,2025-05
HT_019725,2025-07-04,Germany,Chinese,Spanish|German,free,18-24,F,Business,2025-07
HT_019726,2025-05-25,Canada,Dutch,English,free,25-34,M,Exam,2025-05
HT_019727,2025-07-02,Australia,English,Spanish|Portuguese,free,18-24,M,Hobby,2025-07
HT_019728,2025-08-06,UK,German,Japanese,free,35-44,M,Immigration,2025-08
HT_019729,2025-04-16,USA,Japanese,Italian,premium,25-34,M,Hobby,2025-04
HT_019730,2025-10-09,USA,Japanese,Russian,free,35-44,M,Travel,2025-10
HT_019731,2026-03-25,South Korea,Dutch,Portuguese|Korean,premium,18-24,Other,Exam,2026-03
HT_019732,2026-01-23,Spain,Japanese,English,free,25-34,F,Exam,2026-01
HT_019733,2026-03-09,UK,Italian,Chinese|German|Portuguese,premium,18-24,F,Exam,2026-03
HT_019734,2025-07-28,South Korea,Korean,French|Chinese,free,25-34,F,Exam,2025-07
HT_019735,2026-03-12,UK,Arabic,English|Chinese|Dutch,free,25-34,F,Immigration,2026-03
HT_019736,2025-06-11,China,French,Arabic|English,free,25-34,Other,Business,2025-06
HT_019737,2025-04-27,South Korea,Italian,Dutch|Korean,premium,35-44,F,Immigration,2025-04
HT_019738,2025-04-23,UK,Spanish,French|Portuguese,free,25-34,F,Immigration,2025-04
HT_019739,2025-04-20,Mexico,French,Portuguese|Russian,free,18-24,Other,Travel,2025-04
HT_019740,2025-09-26,China,Portuguese,Italian|Dutch|Russian,free,35-44,F,Immigration,2025-09
HT_019741,2025-12-09,USA,Korean,Arabic|Japanese|Chinese,free,18-24,M,Travel,2025-12
HT_019742,2025-08-25,UK,German,French|Arabic|English,free,25-34,Other,Business,2025-08
HT_019743,2025-09-13,Japan,Korean,English|Arabic,free,35-44,F,Exam,2025-09
HT_019744,2026-01-20,South Korea,Italian,Russian|Dutch,free,25-34,Other,Business,2026-01
HT_019745,2025-05-14,Germany,English,Korean,free,25-34,M,Immigration,2025-05
HT_019746,2026-03-18,China,Dutch,Chinese|Arabic,premium,25-34,M,Immigration,2026-03
HT_019747,2025-07-04,Japan,French,German,free,35-44,Other,Business,2025-07
HT_019748,2025-12-29,USA,Korean,English,free,35-44,M,Business,2025-12
HT_019749,2025-05-06,Mexico,Russian,Korean,free,25-34,F,Travel,2025-05
HT_019750,2025-06-16,Australia,Russian,French,free,45+,Other,Exam,2025-06
HT_019751,2025-06-26,Canada,Dutch,Spanish|Italian|Portuguese,free,35-44,F,Exam,2025-06
HT_019752,2025-12-24,China,Arabic,Portuguese|Spanish|Dutch,premium,25-34,M,Hobby,2025-12
HT_019753,2025-12-09,Germany,Arabic,Japanese|French,free,18-24,Other,Hobby,2025-12
HT_019754,2026-04-05,Japan,Portuguese,English|Russian,free,35-44,F,Travel,2026-04
HT_019755,2025-07-04,Germany,Arabic,German,free,18-24,M,Hobby,2025-07
HT_019756,2026-01-25,USA,Chinese,English|Japanese|Korean,free,25-34,Other,Immigration,2026-01
HT_019757,2025-08-25,Spain,English,Arabic|Russian,premium,35-44,M,Travel,2025-08
HT_019758,2025-11-23,France,Japanese,Dutch,free,25-34,Other,Hobby,2025-11
HT_019759,2026-03-25,China,French,Chinese,free,25-34,Other,Immigration,2026-03
HT_019760,2025-12-12,Mexico,Portuguese,Russian|German|Arabic,free,35-44,F,Business,2025-12
HT_019761,2025-12-09,Canada,Arabic,Korean,free,18-24,Other,Exam,2025-12
HT_019762,2025-07-19,China,Russian,Portuguese|Dutch,free,35-44,M,Business,2025-07
HT_019763,2026-02-11,Australia,Korean,Dutch|Chinese,free,18-24,Other,Hobby,2026-02
HT_019764,2025-06-25,South Korea,Russian,German|Italian,premium,18-24,F,Business,2025-06
HT_019765,2025-08-19,Germany,Spanish,Russian|Chinese,free,25-34,Other,Exam,2025-08
HT_019766,2026-03-30,Canada,Dutch,Portuguese|Arabic|Russian,free,25-34,F,Business,2026-03
HT_019767,2026-03-23,UK,Dutch,Arabic|French,premium,18-24,Other,Hobby,2026-03
HT_019768,2026-04-02,UK,Portuguese,Italian|Russian|Dutch,free,35-44,F,Immigration,2026-04
HT_019769,2025-05-09,China,Japanese,German|Korean|French,free,18-24,M,Immigration,2025-05
HT_019770,2025-10-11,Mexico,Japanese,German,free,18-24,Other,Business,2025-10
HT_019771,2025-07-13,China,Japanese,Russian|English,free,18-24,Other,Immigration,2025-07
HT_019772,2025-04-25,Canada,Korean,Chinese,free,25-34,Other,Business,2025-04
HT_019773,2026-01-30,Germany,Spanish,German|French,free,25-34,F,Hobby,2026-01
HT_019774,2025-07-08,Brazil,German,French|Portuguese|Dutch,free,25-34,M,Immigration,2025-07
HT_019775,2025-10-05,Mexico,English,Japanese|Spanish,free,25-34,F,Travel,2025-10
HT_019776,2025-07-08,France,Portuguese,English|Chinese|Russian,premium,35-44,F,Exam,2025-07
HT_019777,2025-04-25,Australia,Korean,Japanese|German|Arabic,free,18-24,F,Travel,2025-04
HT_019778,2026-01-10,Australia,English,Spanish,free,18-24,M,Business,2026-01
HT_019779,2025-11-14,South Korea,Italian,Korean,free,25-34,F,Exam,2025-11
HT_019780,2025-05-10,Brazil,Chinese,Italian|Japanese,free,45+,F,Hobby,2025-05
HT_019781,2025-09-12,Germany,Chinese,Italian|French|Korean,free,35-44,M,Hobby,2025-09
HT_019782,2026-01-20,UK,Korean,German|Dutch|French,free,25-34,M,Exam,2026-01
HT_019783,2025-09-11,France,English,Korean|Arabic|Spanish,free,25-34,F,Business,2025-09
HT_019784,2026-03-21,France,Chinese,Dutch,free,25-34,M,Immigration,2026-03
HT_019785,2025-10-06,UK,Chinese,Italian|Russian,premium,18-24,Other,Business,2025-10
HT_019786,2025-09-09,UK,Portuguese,English|Dutch,free,25-34,F,Travel,2025-09
HT_019787,2026-03-12,Canada,Spanish,Korean|Dutch,free,18-24,M,Hobby,2026-03
HT_019788,2025-09-13,Australia,French,Korean,free,25-34,M,Business,2025-09
HT_019789,2025-05-29,Australia,Chinese,Arabic,free,25-34,F,Hobby,2025-05
HT_019790,2026-01-31,Germany,Chinese,Japanese|Arabic,free,35-44,Other,Hobby,2026-01
HT_019791,2026-02-15,USA,Italian,Russian|English|Japanese,free,35-44,F,Travel,2026-02
HT_019792,2026-02-07,Mexico,Korean,English,free,18-24,Other,Exam,2026-02
HT_019793,2025-09-15,China,Portuguese,Dutch|German,free,25-34,Other,Hobby,2025-09
HT_019794,2025-08-27,China,Dutch,Arabic,free,25-34,Other,Immigration,2025-08
HT_019795,2025-04-27,South Korea,Dutch,Arabic|Russian,free,25-34,Other,Travel,2025-04
HT_019796,2026-01-23,Mexico,Portuguese,Japanese|German,free,18-24,M,Travel,2026-01
HT_019797,2025-10-23,Mexico,Spanish,Portuguese,free,18-24,F,Business,2025-10
HT_019798,2025-09-25,South Korea,Portuguese,English|Japanese,free,25-34,F,Exam,2025-09
HT_019799,2025-11-02,Germany,German,Portuguese|Spanish,free,18-24,Other,Immigration,2025-11
HT_019800,2026-01-10,Australia,Portuguese,English,free,18-24,Other,Immigration,2026-01
HT_019801,2025-11-28,Mexico,Spanish,English|Arabic,free,18-24,Other,Hobby,2025-11
HT_019802,2025-05-08,UK,Spanish,Portuguese|French,free,45+,F,Exam,2025-05
HT_019803,2026-02-17,Brazil,English,Portuguese,free,18-24,Other,Hobby,2026-02
HT_019804,2025-12-30,Brazil,Italian,English|Japanese|Portuguese,free,18-24,M,Exam,2025-12
HT_019805,2025-10-30,South Korea,Italian,Korean|English|Arabic,free,25-34,F,Exam,2025-10
HT_019806,2026-03-12,China,Chinese,Japanese,premium,35-44,M,Exam,2026-03
HT_019807,2025-09-23,France,German,Spanish|Arabic,free,18-24,Other,Business,2025-09
HT_019808,2025-04-22,China,Italian,German|Arabic|Russian,free,25-34,F,Immigration,2025-04
HT_019809,2025-05-21,Canada,Korean,French,free,45+,M,Exam,2025-05
HT_019810,2026-04-01,South Korea,Chinese,Japanese,free,45+,M,Travel,2026-04
HT_019811,2026-02-14,South Korea,German,Italian|Spanish|Russian,premium,18-24,F,Hobby,2026-02
HT_019812,2025-08-05,USA,Arabic,Chinese|French,free,25-34,F,Immigration,2025-08
HT_019813,2025-08-09,Japan,Russian,Italian|Portuguese|English,free,25-34,M,Hobby,2025-08
HT_019814,2025-09-17,Australia,Spanish,Japanese|Russian,free,25-34,Other,Travel,2025-09
HT_019815,2026-02-01,South Korea,Korean,Chinese|Japanese|French,free,35-44,Other,Exam,2026-02
HT_019816,2026-02-17,UK,Dutch,Chinese|Spanish,free,25-34,Other,Business,2026-02
HT_019817,2025-09-06,USA,Korean,Russian|Portuguese,free,18-24,F,Immigration,2025-09
HT_019818,2025-04-17,China,Chinese,Korean|English,free,18-24,Other,Exam,2025-04
HT_019819,2025-07-11,Japan,Russian,Italian|Arabic,free,25-34,M,Travel,2025-07
HT_019820,2025-10-09,Mexico,Spanish,Arabic|Italian,free,25-34,F,Immigration,2025-10
HT_019821,2026-02-23,USA,French,Dutch,free,18-24,F,Hobby,2026-02
HT_019822,2025-06-30,France,Japanese,Arabic|German|Korean,free,25-34,Other,Business,2025-06
HT_019823,2025-09-17,China,Japanese,English,free,25-34,F,Hobby,2025-09
HT_019824,2025-08-04,UK,Italian,Portuguese|Japanese,free,18-24,Other,Hobby,2025-08
HT_019825,2025-05-28,Spain,Italian,Spanish|Chinese|Korean,free,25-34,F,Travel,2025-05
HT_019826,2026-04-01,South Korea,German,English|Spanish|Arabic,free,18-24,Other,Immigration,2026-04
HT_019827,2025-07-27,Spain,German,Korean,free,18-24,F,Business,2025-07
HT_019828,2025-07-13,Brazil,Italian,Chinese,free,18-24,F,Immigration,2025-07
HT_019829,2025-10-16,Australia,Chinese,Spanish|Arabic,free,25-34,M,Travel,2025-10
HT_019830,2025-06-25,Mexico,Spanish,Italian|Russian,free,25-34,M,Exam,2025-06
HT_019831,2025-07-31,Australia,Italian,Chinese|German,free,18-24,F,Business,2025-07
HT_019832,2025-08-18,Spain,French,Italian|Dutch,free,18-24,M,Travel,2025-08
HT_019833,2026-02-01,Japan,Chinese,French|English|Arabic,free,18-24,Other,Hobby,2026-02
HT_019834,2025-12-01,China,Chinese,French|Italian|Arabic,free,18-24,F,Business,2025-12
HT_019835,2025-07-03,Brazil,Portuguese,Arabic,premium,18-24,F,Exam,2025-07
HT_019836,2025-05-31,China,German,Chinese|Dutch,free,18-24,Other,Immigration,2025-05
HT_019837,2026-01-19,Australia,Japanese,French,free,25-34,M,Hobby,2026-01
HT_019838,2025-11-17,China,Dutch,Italian,free,25-34,M,Travel,2025-11
HT_019839,2026-03-19,Japan,Dutch,English,free,25-34,F,Hobby,2026-03
HT_019840,2026-03-04,China,Chinese,Japanese|Korean|Dutch,free,25-34,M,Travel,2026-03
HT_019841,2025-07-21,China,Spanish,Japanese|German|English,free,18-24,Other,Business,2025-07
HT_019842,2025-10-17,Brazil,Dutch,Arabic,free,25-34,M,Immigration,2025-10
HT_019843,2025-12-07,China,Portuguese,Russian,free,18-24,Other,Business,2025-12
HT_019844,2025-10-30,Australia,Italian,Korean|Russian|Portuguese,free,35-44,M,Immigration,2025-10
HT_019845,2026-02-21,Brazil,Korean,Dutch|Arabic,premium,25-34,F,Exam,2026-02
HT_019846,2026-02-27,Australia,English,Chinese|Spanish,free,18-24,M,Immigration,2026-02
HT_019847,2025-10-02,China,Italian,French,premium,35-44,M,Business,2025-10
HT_019848,2025-10-03,Brazil,German,Arabic,free,18-24,Other,Immigration,2025-10
HT_019849,2025-11-23,Australia,Spanish,German,free,25-34,Other,Immigration,2025-11
HT_019850,2026-03-04,UK,English,German|Arabic|Japanese,free,18-24,F,Exam,2026-03
HT_019851,2025-10-20,Mexico,Portuguese,English|Dutch|Russian,free,25-34,Other,Hobby,2025-10
HT_019852,2025-12-23,Australia,Arabic,Dutch,premium,35-44,Other,Immigration,2025-12
HT_019853,2025-06-08,Germany,Japanese,Dutch|Arabic|Korean,free,35-44,M,Travel,2025-06
HT_019854,2026-04-12,Japan,Japanese,Chinese|Russian|Italian,free,25-34,F,Exam,2026-04
HT_019855,2025-10-11,USA,Arabic,Japanese|Chinese,free,35-44,F,Business,2025-10
HT_019856,2025-04-29,France,Italian,Russian,free,25-34,M,Immigration,2025-04
HT_019857,2026-01-09,Brazil,German,Portuguese|Korean|Chinese,premium,25-34,M,Hobby,2026-01
HT_019858,2025-10-28,UK,Portuguese,Spanish|German|Russian,free,35-44,Other,Hobby,2025-10
HT_019859,2026-04-03,China,French,Dutch|Korean|Portuguese,free,18-24,M,Business,2026-04
HT_019860,2025-11-15,Japan,French,Italian|Spanish,premium,25-34,F,Hobby,2025-11
HT_019861,2025-04-25,Canada,Japanese,Portuguese|French,free,18-24,F,Hobby,2025-04
HT_019862,2026-01-26,Canada,Japanese,French|Chinese,free,25-34,Other,Business,2026-01
HT_019863,2025-05-15,Spain,Portuguese,Arabic|Italian|Chinese,free,18-24,F,Exam,2025-05
HT_019864,2025-10-26,France,German,Chinese|Arabic,premium,18-24,M,Exam,2025-10
HT_019865,2025-10-08,Canada,Arabic,Italian|Spanish|Chinese,free,35-44,M,Hobby,2025-10
HT_019866,2025-06-18,France,English,Dutch|Portuguese,free,25-34,Other,Business,2025-06
HT_019867,2026-02-04,China,Portuguese,German|Arabic|Chinese,free,35-44,M,Travel,2026-02
HT_019868,2025-11-05,Australia,Arabic,Russian,free,25-34,Other,Business,2025-11
HT_019869,2025-05-20,Germany,Chinese,English|French|Japanese,premium,18-24,F,Immigration,2025-05
HT_019870,2025-12-23,UK,Russian,Italian|Chinese|Portuguese,free,25-34,Other,Hobby,2025-12
HT_019871,2025-06-28,USA,Italian,Arabic|French|English,free,25-34,M,Travel,2025-06
HT_019872,2025-05-21,Mexico,Russian,Spanish|Korean|German,free,18-24,M,Travel,2025-05
HT_019873,2026-04-04,Brazil,French,German|Japanese,free,25-34,M,Exam,2026-04
HT_019874,2026-04-10,Germany,Portuguese,Russian|Chinese,premium,18-24,M,Immigration,2026-04
HT_019875,2025-11-29,Japan,French,Spanish|Chinese|Arabic,free,25-34,M,Business,2025-11
HT_019876,2025-06-19,Japan,Korean,Dutch|Spanish,premium,25-34,M,Immigration,2025-06
HT_019877,2025-06-27,South Korea,Spanish,French,free,18-24,M,Hobby,2025-06
HT_019878,2025-09-03,Australia,Russian,French|English,premium,25-34,M,Travel,2025-09
HT_019879,2025-11-02,France,English,Chinese|Portuguese|German,free,18-24,Other,Hobby,2025-11
HT_019880,2025-04-19,USA,Italian,Spanish,free,35-44,F,Business,2025-04
HT_019881,2026-02-07,Japan,Portuguese,Arabic|English|Korean,free,25-34,Other,Business,2026-02
HT_019882,2025-09-25,UK,Italian,Japanese|Dutch,free,25-34,M,Travel,2025-09
HT_019883,2026-02-27,UK,Chinese,German|Arabic,free,18-24,Other,Travel,2026-02
HT_019884,2025-09-11,Germany,Japanese,Arabic,free,18-24,M,Travel,2025-09
HT_019885,2025-10-31,Germany,Dutch,English|Italian,premium,35-44,Other,Immigration,2025-10
HT_019886,2025-05-12,China,French,Korean|English|Arabic,free,18-24,F,Exam,2025-05
HT_019887,2025-05-26,France,German,Dutch,free,18-24,Other,Immigration,2025-05
HT_019888,2025-12-19,USA,Japanese,Korean|English,free,18-24,M,Immigration,2025-12
HT_019889,2026-02-07,Canada,Dutch,Russian|French,free,18-24,M,Travel,2026-02
HT_019890,2025-04-22,USA,Korean,Arabic|Dutch|Japanese,free,25-34,F,Hobby,2025-04
HT_019891,2025-07-29,Australia,Portuguese,Russian|Dutch,free,18-24,M,Immigration,2025-07
HT_019892,2025-11-22,UK,Korean,Spanish|Dutch,free,25-34,Other,Travel,2025-11
HT_019893,2026-03-28,Mexico,Dutch,Japanese|German|Spanish,free,25-34,Other,Hobby,2026-03
HT_019894,2025-10-16,Germany,French,Spanish,free,35-44,Other,Business,2025-10
HT_019895,2025-09-04,UK,German,Portuguese,free,18-24,Other,Business,2025-09
HT_019896,2025-05-16,Mexico,Arabic,Japanese,premium,25-34,Other,Immigration,2025-05
HT_019897,2025-11-22,Mexico,Russian,Portuguese,free,35-44,M,Immigration,2025-11
HT_019898,2026-02-06,USA,Italian,English|Arabic|Portuguese,free,45+,Other,Immigration,2026-02
HT_019899,2026-02-27,China,English,Korean,premium,25-34,Other,Travel,2026-02
HT_019900,2025-10-28,Spain,Korean,Spanish,free,18-24,M,Exam,2025-10
HT_019901,2025-08-21,France,Spanish,Italian,premium,18-24,Other,Hobby,2025-08
HT_019902,2025-10-19,Spain,Japanese,Italian,premium,18-24,M,Business,2025-10
HT_019903,2026-01-02,Mexico,Portuguese,Italian|English|German,free,35-44,M,Travel,2026-01
HT_019904,2026-01-19,Spain,Chinese,French|Spanish|Italian,premium,45+,F,Travel,2026-01
HT_019905,2026-03-09,Spain,Dutch,Japanese|Portuguese|Italian,free,35-44,F,Business,2026-03
HT_019906,2025-09-23,China,Japanese,Dutch,free,18-24,M,Hobby,2025-09
HT_019907,2025-06-18,Australia,Arabic,Japanese,free,25-34,Other,Immigration,2025-06
HT_019908,2025-11-14,UK,German,French|Spanish,free,25-34,Other,Immigration,2025-11
HT_019909,2025-08-12,Brazil,Spanish,German|Portuguese,free,25-34,Other,Immigration,2025-08
HT_019910,2026-03-19,France,Spanish,German|French,free,35-44,Other,Business,2026-03
HT_019911,2026-03-03,Japan,Chinese,French,premium,45+,F,Business,2026-03
HT_019912,2026-02-04,UK,Japanese,Chinese,free,25-34,M,Travel,2026-02
HT_019913,2025-12-08,France,Korean,German|Japanese,free,18-24,Other,Travel,2025-12
HT_019914,2025-09-30,UK,French,English,free,25-34,M,Travel,2025-09
HT_019915,2026-03-20,China,French,Italian|Chinese|Dutch,premium,25-34,F,Travel,2026-03
HT_019916,2025-11-04,South Korea,English,Spanish,free,25-34,M,Business,2025-11
HT_019917,2026-03-27,Spain,Spanish,English|Portuguese,free,25-34,Other,Travel,2026-03
HT_019918,2025-12-29,Brazil,Russian,Japanese|German|French,free,25-34,M,Business,2025-12
HT_019919,2025-09-08,Mexico,Portuguese,German|Korean|Italian,free,25-34,F,Immigration,2025-09
HT_019920,2026-03-22,Australia,Russian,Chinese|Dutch|German,free,25-34,M,Business,2026-03
HT_019921,2026-04-11,Australia,Spanish,Korean,free,35-44,Other,Business,2026-04
HT_019922,2025-05-23,Mexico,English,Chinese|Portuguese,free,35-44,Other,Immigration,2025-05
HT_019923,2026-02-25,Germany,German,Portuguese,free,18-24,Other,Exam,2026-02
HT_019924,2025-11-21,Germany,Korean,German|Spanish,free,45+,F,Immigration,2025-11
HT_019925,2026-02-21,South Korea,Dutch,Portuguese|German|French,premium,25-34,Other,Hobby,2026-02
HT_019926,2025-08-13,China,Chinese,Korean|French,free,25-34,F,Hobby,2025-08
HT_019927,2025-12-10,UK,Korean,English|Portuguese|Italian,free,18-24,Other,Hobby,2025-12
HT_019928,2025-07-31,China,Japanese,French|Russian|Korean,free,35-44,Other,Immigration,2025-07
HT_019929,2025-05-25,Australia,Korean,French,free,18-24,F,Hobby,2025-05
HT_019930,2025-12-01,Australia,Arabic,French|Spanish,free,18-24,F,Business,2025-12
HT_019931,2026-01-16,Japan,Dutch,Japanese|Korean,premium,25-34,M,Exam,2026-01
HT_019932,2025-06-23,Australia,English,Italian|French,free,45+,M,Business,2025-06
HT_019933,2025-08-08,UK,Chinese,German|Spanish,free,25-34,F,Immigration,2025-08
HT_019934,2025-09-26,Australia,French,Spanish|Portuguese,premium,25-34,F,Business,2025-09
HT_019935,2025-05-19,France,English,Italian|Russian,premium,18-24,M,Travel,2025-05
HT_019936,2025-10-20,USA,Dutch,English,free,45+,M,Hobby,2025-10
HT_019937,2026-04-08,Japan,Italian,French|Japanese|German,free,18-24,M,Business,2026-04
HT_019938,2025-12-09,Germany,Dutch,English|Japanese|Chinese,free,35-44,M,Travel,2025-12
HT_019939,2025-09-19,Brazil,Japanese,German|Spanish|Chinese,premium,25-34,F,Hobby,2025-09
HT_019940,2025-06-24,Australia,English,Italian|French,premium,35-44,F,Hobby,2025-06
HT_019941,2026-02-10,Germany,Italian,Korean|German,free,45+,M,Hobby,2026-02
HT_019942,2025-06-03,Canada,Dutch,Italian|Japanese|English,free,18-24,Other,Travel,2025-06
HT_019943,2025-11-10,Spain,Arabic,Japanese|Portuguese|Chinese,free,35-44,F,Travel,2025-11
HT_019944,2025-08-11,Germany,Korean,Italian|French|German,free,18-24,F,Exam,2025-08
HT_019945,2026-03-30,Australia,Arabic,Spanish|French|German,premium,25-34,Other,Exam,2026-03
HT_019946,2025-05-12,France,Arabic,Spanish|Japanese|Italian,free,35-44,F,Travel,2025-05
HT_019947,2026-01-08,Canada,Japanese,Italian|English,premium,35-44,F,Hobby,2026-01
HT_019948,2026-03-27,Spain,Portuguese,Italian|Russian|French,premium,18-24,F,Hobby,2026-03
HT_019949,2025-08-06,Australia,German,English|French|Korean,free,25-34,F,Exam,2025-08
HT_019950,2025-07-03,South Korea,Italian,German|Japanese|Russian,free,18-24,M,Exam,2025-07
HT_019951,2025-09-29,Mexico,Spanish,Japanese|Italian,free,35-44,F,Exam,2025-09
HT_019952,2025-11-23,USA,English,Dutch|Korean,free,18-24,F,Business,2025-11
HT_019953,2026-04-03,France,Italian,Arabic,premium,35-44,F,Exam,2026-04
HT_019954,2025-08-27,Mexico,Italian,Portuguese|Russian,free,18-24,F,Hobby,2025-08
HT_019955,2025-09-04,Australia,German,Italian|Korean|Spanish,free,18-24,F,Travel,2025-09
HT_019956,2025-12-12,Japan,German,Korean|Japanese|Dutch,premium,25-34,M,Hobby,2025-12
HT_019957,2026-02-13,Germany,Portuguese,French|Dutch,free,25-34,Other,Travel,2026-02
HT_019958,2026-02-24,Brazil,Dutch,Russian|Arabic|German,free,18-24,M,Business,2026-02
HT_019959,2025-09-12,Spain,Russian,English,premium,18-24,F,Business,2025-09
HT_019960,2026-03-25,China,Arabic,Dutch|Japanese|Korean,free,18-24,M,Travel,2026-03
HT_019961,2026-01-31,Mexico,Russian,Japanese,premium,45+,F,Exam,2026-01
HT_019962,2026-03-14,Mexico,Japanese,German|Spanish,free,25-34,Other,Exam,2026-03
HT_019963,2025-05-11,Spain,Korean,Spanish,free,18-24,Other,Exam,2025-05
HT_019964,2025-06-24,Mexico,Chinese,Portuguese|Spanish,free,25-34,F,Exam,2025-06
HT_019965,2025-07-11,USA,Chinese,Spanish,free,45+,F,Travel,2025-07
HT_019966,2025-11-12,Australia,French,Russian,premium,35-44,F,Travel,2025-11
HT_019967,2025-05-13,Australia,Russian,Japanese|German,free,35-44,F,Exam,2025-05
HT_019968,2025-09-18,UK,Japanese,Dutch|Russian,free,18-24,M,Travel,2025-09
HT_019969,2025-12-20,France,Dutch,Italian|German|Korean,free,25-34,F,Exam,2025-12
HT_019970,2026-01-20,Brazil,Dutch,Portuguese|Arabic|Spanish,free,45+,M,Exam,2026-01
HT_019971,2025-08-18,Germany,Portuguese,Italian|German|French,free,25-34,Other,Immigration,2025-08
HT_019972,2025-12-14,Canada,Korean,Russian|German,free,18-24,M,Travel,2025-12
HT_019973,2025-11-29,Germany,Japanese,Italian,free,18-24,Other,Immigration,2025-11
HT_019974,2025-12-24,Germany,Russian,Japanese,free,18-24,Other,Hobby,2025-12
HT_019975,2025-10-11,Japan,Chinese,French,free,25-34,F,Travel,2025-10
HT_019976,2025-07-19,Canada,Arabic,Spanish|Italian|English,free,25-34,Other,Business,2025-07
HT_019977,2025-11-27,South Korea,French,Korean|Japanese|Portuguese,free,25-34,F,Travel,2025-11
HT_019978,2025-06-13,Germany,English,Portuguese|Dutch|Spanish,premium,45+,M,Business,2025-06
HT_019979,2026-03-07,Japan,Japanese,Spanish|Portuguese,free,25-34,F,Business,2026-03
HT_019980,2025-08-19,South Korea,Russian,Korean,premium,18-24,Other,Business,2025-08
HT_019981,2025-04-26,Spain,Spanish,Arabic|Korean|Italian,free,25-34,Other,Business,2025-04
HT_019982,2025-06-23,Mexico,Spanish,French|Arabic|Japanese,free,25-34,Other,Business,2025-06
HT_019983,2026-02-03,South Korea,German,Italian|French|Portuguese,free,35-44,Other,Hobby,2026-02
HT_019984,2026-01-28,France,English,Dutch,free,25-34,Other,Business,2026-01
HT_019985,2025-04-29,France,Portuguese,Dutch|Chinese,premium,18-24,F,Business,2025-04
HT_019986,2025-12-29,Germany,English,Dutch|Chinese|Arabic,free,25-34,M,Exam,2025-12
HT_019987,2025-12-20,Brazil,Arabic,English,free,35-44,M,Travel,2025-12
HT_019988,2025-08-11,South Korea,Russian,German,free,35-44,M,Travel,2025-08
HT_019989,2025-11-01,Spain,Korean,Russian,free,25-34,M,Business,2025-11
HT_019990,2026-03-25,Spain,Korean,French,free,25-34,Other,Business,2026-03
HT_019991,2026-03-20,Brazil,Spanish,Arabic,free,18-24,Other,Hobby,2026-03
HT_019992,2025-12-06,Germany,Dutch,English|German,free,25-34,M,Business,2025-12
HT_019993,2025-06-10,Spain,Italian,French,free,18-24,Other,Exam,2025-06
HT_019994,2025-08-11,South Korea,Arabic,German|English|Russian,free,35-44,M,Hobby,2025-08
HT_019995,2025-04-21,Brazil,Portuguese,Arabic,premium,18-24,M,Immigration,2025-04
HT_019996,2026-04-03,Brazil,Dutch,Russian,free,35-44,F,Travel,2026-04
HT_019997,2025-07-06,South Korea,Spanish,German,free,18-24,M,Exam,2025-07
HT_019998,2025-05-31,Germany,Italian,Spanish|Chinese,free,25-34,Other,Immigration,2025-05
HT_019999,2025-07-24,China,French,Dutch,free,18-24,M,Exam,2025-07
